scn_name,line_id,bus0,bus1,type,carrier,x,r,g,b,s_nom,s_nom_extendable,s_nom_min,s_nom_max,s_max_pu,build_year,lifetime,capital_cost,length,cables,terrain_factor,num_parallel,v_ang_min,v_ang_max,v_nom,geom,topo,cable/line,Projekt,Projekt_id,Maßnahme,Startpunkt,subst_name0,Endpunkt,subst_name1,Coordinate0,Coordinate1,Length type,Length,Trassenlänge in km,Trassenlänge in km.1,Spannung,NOVA-Typ,Art,s_nom.1,cables.1,Bundesländer,NOVA-Kategorie,TYNDP,PCI,EnLAG / BBP,anvisierte Inbetriebnahme,Umsetzungsstand,ÜNB,M-Nr.,Szenario,Anmerkung
50HzT-003,,,,,AC,,,,,,,,,1,2023,40,,120,6,,2,,,,,,line,EnLAG,3,Neuenhagen – Vierraden – Bertikow,Neuenhagen,,Vierraden,,,,Ausbau&Betand,,56,64,380,"Errichtung einer Leitung: Neubau in neuer Trasse,
Errichtung einer Lei-
tung: Ersatzneubau",Leitung,,6,BB,NVA,,,EnLAG Nr. 3,2023,4: Genehmigt oder im Bau,,,,Zusätzliche 380kV Freileitung
50HzT-003,,,,,AC,,,,,,,,,1,2023,40,,,3,,1,,,,,,line,EnLAG,3,,Vierraden,,Bertikow,,,,Ausbau,,*,*,380,"Errichtung einer Leitung: Neubau in neuer Trasse,
Errichtung einer Lei-
tung: Ersatzneubau",Leitung,,3,BB,NVA,,,EnLAG Nr. 3,2023,4: Genehmigt oder im Bau,,,,Zusätzliche 380kV Freileitung
50HzT-007,,,,,AC,,,,,,,,,1,2022,40,,75,,,,,,,,,line,EnLAG,11,Neuenhagen – Wustermark,Umspannwerk Neuenhagen,,Wustermark,,,,Ausbau&Betand,,14,61,380,"Errichtung einer Leitung: Neubau in neuer Trasse,
Errichtung einer Lei-
tung: Ersatzneubau",Leitung,,,BB,NVA,,,EnLAG Nr. 11,2022,4: Genehmigt oder im Bau,,,,
50HzT-P34,,,,,AC,,,,,,,,,1,2028,40,,64,,,,,,,,,line,BBPIG,39,Perleberg – Stendal / West – Wolmirstedt,Perleberg,,Stendal West,,,,Bestand,,,64,380,Errichtung einer Lei- tung: Ersatzneubau,Leitung,,,"BB, ST",NV,,,BBP Nr. 39,2028,"3: vor oder im PFV/ Genehmigung nach BImSchG,
5: Realisiert",,,,
50HzT-P34,,,,,AC,,,,,,,,,1,2023,40,,37,,,,,,,,,line,BBPIG,39,,Stendal West,,Wolmirstedt,,,,Bestand,,,37,380,Errichtung einer Lei- tung: Ersatzneubau,Leitung,,,"BB, ST",NV,,,BBP Nr. 39,"2022,
2023","3: vor oder im PFV/ Genehmigung nach BImSchG,
5: Realisiert",,,,
50HzT-P34,,,,,AC,,,,,,,,,1,2023,40,,37,,,,,,,,,line,BBPIG,39,Parchim / Süd – Perleberg,Parchim,,Perleberg,,,,Bestand,,,37,380,Errichtung einer Lei- tung: Ersatzneubau,Leitung,,,"MV, BB",NV,,,BBP Nr. 39,"2022,
2023",3: vor oder im PFV/ Genehmigung nach BImSchG,,,,
50HzT-P34,,,,,AC,,,,,,,,,1,2026,40,,53,,,,,,,,,line,BBPIG,39,x,Güstrow,,Parchim,,,,Bestand,,,53,380,Errichtung einer Lei- tung: Ersatzneubau,Leitung,,,MV,NV,,,BBP Nr. 39,"2025,
2026",3: vor oder im PFV/ Genehmigung nach BImSchG,,,,
50HzT-P36,,,,,AC,,,,,,,,,1,2026,40,,32,,,,,,,,,line,BBPIG,11,Bertikow – Pasewalk,Bertikow,,Pasewalk,,,,Bestand,,,32,380,Errichtung einer Lei- tung: Ersatzneubau,Leitung,,,"BB, MV",NV,,,BBP Nr. 11,"2025,
2026",3: vor oder im PFV/ Genehmigung nach BImSchG,,,,
50HzT-P38,,,,,AC,,,,,,,,,1,2025,40,,105,,,,,,,,,line,BBPIG,13,Pulgar – Geußnitz (Abschnitt Ost),Pulgar,,Vieselbach,,,,Bestand,,,105,380,Änderung oder Erweiterung einer Leitung: Zu- oder Umbeseilung,Leitung,,,SN,NV,,,BBP Nr. 13,"2024,
2025",4: Genehmigt oder im Bau,,,,
50HzT-P39,,,,,AC,,,,,,,,,1,2025,40,,66,,,,,,,,,line,BBPIG,14,Röhrsdorf – Weida (Abschnitt Ost),Röhrsdorf,,Weida,,,,Bestand,,,66,380,Errichtung einer Lei- tung: Ersatzneubau,Leitung,,,"SN, TH",NV,,,BBP Nr. 14,"2024,
2025",3: vor oder im PFV/ Genehmigung nach BImSchG,,,,
50HzT-P39,,,,,AC,,,,,,,,,1,2026,40,,43,,,,,,,,,line,BBPIG,14,Weida – Remptendorf (Abschnitt West),Weida,,Remptendorf,,,,Bestand,,,43,380,Errichtung einer Lei- tung: Ersatzneubau,Leitung,,,TH,NV,,,BBP Nr. 14,"2025,
2026",3: vor oder im PFV/ Genehmigung nach BImSchG,,,,
50HzT-P180,,,,,AC,,,,,,,,,1,2026,40,,28,,,,,,,,,cable,,,Marzahn – Friedrichshain – Mitte – Charlottenburg – Reuter – Teufelsbruch (cabel),Marzahn,,Friedrichshain,,,,Bestand,,,28,380,Errichtung einer Lei- tung: Ersatzneubau,Leitung,,,BE,NV,,,,"2025,
2026","1: Vorbereitung Planungs- und Ge- nehmigungsverfahren, 3: vor oder im PFV/ Genehmigung nach BImSchG,
4: Genehmigt oder im Bau",,,,M406
50HzT-P180,,,,,AC,,,,,,,,,1,2030,40,,,,,,,,,,,cable,,,,Friedrichshain,,Mitte,,,,Bestand,,,*,380,Errichtung einer Lei- tung: Ersatzneubau,Leitung,,,BE,NV,,,,2030,"1: Vorbereitung Planungs- und Ge- nehmigungsverfahren, 3: vor oder im PFV/ Genehmigung nach BImSchG,
4: Genehmigt oder im Bau",,,,
50HzT-P180,,,,,AC,,,,,,,,,1,2030,40,,,,,,,,,,,cable,,,,Mitte,,Charlottenburg,,,,Bestand,,,*,380,Errichtung einer Lei- tung: Ersatzneubau,Leitung,,,BE,NV,,,,2030,"1: Vorbereitung Planungs- und Ge- nehmigungsverfahren, 3: vor oder im PFV/ Genehmigung nach BImSchG,
4: Genehmigt oder im Bau",,,,
50HzT-P180,,,,,AC,,,,,,,,,1,2030,40,,,,,,,,,,,cable,,,,Charlottenburg,,Reuter,,,,Bestand,,,*,380,Errichtung einer Lei- tung: Ersatzneubau,Leitung,,,BE,NV,,,,2030,"1: Vorbereitung Planungs- und Ge- nehmigungsverfahren, 3: vor oder im PFV/ Genehmigung nach BImSchG,
4: Genehmigt oder im Bau",,,,
50HzT-P180,,,,,AC,,,,,,,,,1,2030,40,,,,,,,,,,,cable,,,,Reuter,,Teufelsbruch,,,,Bestand,,,*,,,,,,,,,,,2030,,,,,
50HzT-P213,,,,,AC,,,,,,,,,1,2035,40,,8,6,,2,,,,,,line,EnLAG,12,Interkonnektor DE – PL,Eisenhüttenstadt,,punkt Deutsch-Polnischen,,,18.902232738057837 51.57212911875295,Ausbau,,8,,380,Errichtung einer Leitung: Neubau in neuer Trasse,Leitung,,6,BB,,x,,EnLAG Nr. 12,,2: Im ROV/BFP,,,,double line
50HzT-P213,,,,,AC,,,,,,,,,1,2035,40,,7,,,,,,,,,line,EnLAG,12,Einschleifung Eisenhüttenstadt,Eisenhüttenstadt,,Leitung Preilack – Neuenhagen,,,14.511141400000001 52.161618600000004,Ausbau,,7,,380,Errichtung einer Leitung: Neubau in neuer Trasse,Leitung,,,BB,,,,EnLAG Nr. 12,2035,3: vor oder im PFV/ Genehmigung nach BImSchG,,,,
50HzT-P221,,,,,DC,,,,,700,,,,1,2035,40,,60,2,,1,,,,,,cable,BBP,69,DC-Kabel Hansa PowerBridge (HPB,Umspannwerk Güstrow,,Punkt Bridge (HPB),,,12.294273 54.488703,Ausbau,,60,,,Errichtung einer Leitung: Neubau in neuer Trasse,Leitung,700,,MV,,x,,BBP Nr. 69,2035,3: vor oder im PFV/ Genehmigung nach BImSchG,,,,"HVDC, startpoint from Hansabridge I: Umspannwerk güstrow"
50HzT-P450,,,,,AC,,,,,,,,,1,2024,40,,89,,,,,,,,,line,BBP,61,Ragow – Streumen,Ragow,,Streumen,,,,Bestand,,,89,,horizontal,Leitung,,,"BB, SN",NO,,,BBP Nr. 61,2024,4: Genehmigt oder im Bau,,,,
AMP-001,,,,,AC,,,,,2700,,,,1,2022,40,,33,,,,,,,,,line,EnLAG,2,Wehrendorf – St. Hülfe,Wehrendorf,,Punkt Lemförde,,,8.37266130421446 52.47441724607989,Bestand,,,33,380,Errichtung einer Lei- tung: Ersatzneubau,Leitung,2700,,NI,NV,,,EnLAG Nr. 2,2022,4: Genehmigt oder im Bau,,,,4000A
AMP-001,,,,,AC,,,,,2700,,,,1,2023,40,,,,,,,,,,,line,EnLAG,2,,Punkt Lemförde,,Station Sankt Hülfe,,8.37266130421446 52.47441724607989,,Bestand,,,*,380,Errichtung einer Lei- tung: Ersatzneubau,Leitung,2700,,NI,NV,,,EnLAG Nr. 2,2023,4: Genehmigt oder im Bau,,,,4000A
AMP-009,,,,,AC,,,,,,,,,1,2023,40,,73,,,,,,,,,line,EnLAG,5,Niederrhein – Punkt Wettringen,Niederrhein,,Punkt Wettringen,,,7.3512625985165405 52.22420146066771,Bestand,,,73,380,Errichtung einer Lei- tung: Ersatzneubau,Leitung,,,NW,NV,x,,EnLAG Nr. 5,2023,"3: vor oder im PFV/ Genehmigung nach BImSchG,
4: Genehmigt oder im Bau",,,,
AMP-009,,,,,AC,,,,,,,,,1,2023,40,,12,,,,,,,,,cable,EnLAG,5,Niederrhein – Punkt Wettringen (Kabel),Niederrhein,,Punkt Wettringen (Kabel),,,7.3512625985165405 52.22420146066771,Bestand,,,12,380,Errichtung einer Lei- tung: Ersatzneubau,Leitung,,,NW,NV,x,,EnLAG Nr. 5,2023,4: Genehmigt oder im Bau,,,,
AMP-009,,,,,AC,,,,,,,,,1,2023,40,,65,,,,,,,,,line,EnLAG,5,Punkt Wettringen – Punkt Meppen,Punkt Wettringen,,Meppen,,7.3512625985165405 52.22420146066771,,Ausbau,,65,,380,Errichtung einer Leitung: Neubau in neuer Trasse,Leitung,,,"NI, NW",,x,,EnLAG Nr. 5,2023,"3: vor oder im PFV/ Genehmigung nach BImSchG
4: Genehmigt oder im Bau",,,,
AMP-010,,,,,AC,,,,,,,,,1,2027,40,,14,,,,,,,,,line,EnLAG,"16,18",Punkt Gaste – Lüstringen,Punkt Gaste,,Lüstringen,,7.929254 52.2638602,,Bestand,,,14,380,Änderung oder Erweiterung einer Leitung: Zu- oder Umbeseilung,Leitung,,,NI,NV,,,"EnLAG Nr. 16,
18","2025,
2027",4: Genehmigt oder im Bau,,,,
AMP-010,,,,,AC,,,,,,,,,1,2028,40,,21,,,,,,,,,line,EnLAG,"16,18",Lüstringen – Wehrendorf,Lüstringen,,Wehrendorf,,,,Bestand,,,21,380,Errichtung einer Lei- tung: Ersatzneubau,Leitung,,,NI,NV,,,"EnLAG Nr. 16,
18","2026,
2028",3: vor oder im PFV/ Genehmigung nach BImSchG,,,,
AMP-010,,,,,AC,,,,,,,,,1,2028,40,,29,,,,,,,,,line,EnLAG,"16,18",Lüstringen – Hesseln,Lüstringen,,Hesseln,,,,Bestand,,,29,380,Errichtung einer Lei- tung: Ersatzneubau,Leitung,,,"NI, NW",NV,,,"EnLAG Nr. 16,
18","2027,
2028",3: vor oder im PFV/ Genehmigung nach BImSchG,,,,
AMP-010,,,,,AC,,,,,,,,,1,2027,40,,29,,,,,,,,,line,EnLAG,"16,18",Hesseln – Gütersloh,Hesseln,,Blankenhagen,,,,Bestand,,,29,380,Errichtung einer Lei- tung: Ersatzneubau,Leitung,,,NW,NV,,,"EnLAG Nr. 16,
18","2026,
2027",4: Genehmigt oder im Bau,,,,
AMP-014,,,,,AC,,,,,,,,,1,2021,40,,7,,,,,,,,,line,EnLAG,"14,15",Punkt Fellerhöfe – Punkt St. Tönis,Punkt Fellerhöfe,,Station St. Tönis,,6.5881942 51.2842253,,Bestand,,,7,380,Errichtung einer Leitung: Ersatzneubau,Leitung,,,NW,NV,,,"EnLAG Nr. 14,
15",2021,4: Genehmigt oder im Bau,,,,
AMP-014,,,,,AC,,,,,,,,,1,2021,40,,6.5,,,,,,,,,line,EnLAG,"14,15",Punkt St. Tönis – Punkt Hüls-West,Station St. Tönis,,Punkt Hüls-West,,,6.4866761 51.3771562,Bestand,,,6.5,380,Änderung oder Erweiterung einer Leitung: Zuoder Umbeseilung,Leitung,,,NW,NV,,,"EnLAG Nr. 14,
15",2021,4: Genehmigt oder im Bau,,,,
AMP-014,,,,,AC,,,,,,,,,1,2021,40,,14,,,,,,,,,line,EnLAG,"14,15",Utfort – Pkt. Hüls-West,Utfort,,Punkt Hüls-West,,,6.4866761 51.3771562,Bestand,,,14,380,Errichtung einer Leitung: Ersatzneubau,Leitung,,,NW,NV,,,"EnLAG Nr. 14,
15",2021,4: Genehmigt oder im Bau,,,,
AMP-014,,,,,AC,,,,,,,,,1,2021,40,,20,,,,,,,,,line,EnLAG,"14,15",Osterath – Gohrpunkt,Osterath,,Gohrpunkt,,,,Bestand,,,20,380,Errichtung einer Leitung: Ersatzneubau,Leitung,,,NW,NV,,,"EnLAG Nr. 14,
15",2021,4: Genehmigt oder im Bau,,,,
AMP-014,,,,,AC,,,,,,,,,1,2021,40,,10,,,,,,,,,line,EnLAG,"14,15",Gohrpunkt – Rommerskirchen,Gohrpunkt,,Rommerskirchen,,,,Bestand,,,10,380,Errichtung einer Leitung: Ersatzneubau,Leitung,,,NW,NV,,,"EnLAG Nr. 14,
15",2021,4: Genehmigt oder im Bau,,,,
AMP-014,,,,,AC,,,,,,,,,1,2021,40,,50,,,,,,,,,line,EnLAG,"14,15",Utfort – Osterath,Utfort,,Osterath,,,,Bestand,,,50,380,Änderung oder Erweiterung einer Leitung: Zuoder Umbeseilung,Leitung,,,NW,NV,,,"EnLAG Nr. 14,
15",2021,4: Genehmigt oder im Bau,,,,
AMP-014,,,,,AC,,,,,,,,,1,2021,40,,2,,,,,,,,,line,EnLAG,"14,15",Punkt Birkenhof – Gellep,Punkt Birkenhof,,Gellep,,6.5881942 51.2842253,6.6758761 51.3239503,Bestand,,,2,380,Errichtung einer Leitung: Ersatzneubau,Leitung,,,NW,NV,,,"EnLAG Nr. 14,
15",2021,4: Genehmigt oder im Bau,,,,
AMP-018,,,,,AC,,,,,,,,,1,2021,40,,38,6,,2,,,,,,line,15,15,Rommerskirchen – Sechtem,Rommerskirchen,,Sechtem,,,,Bestand,,,38,380,Errichtung einer Lei- tung: Ersatzneubau,Leitung,,6,NW,NV,,,15,2021,4: Genehmigt oder im Bau,,,,"one existing, two new circuit"
AMP-022,,,,,AC,,,,,,,,,1,2024,40,,21,,,,,,,,,line,EnLAG,19,Kruckel – Punkt Ochsenkopf,Kruckel,,Garenfeld,,,,Bestand,,,21,380,Errichtung einer Lei- tung: Ersatzneubau,Leitung,,,NW,NV,,,EnLAG Nr. 19,"2022,
2024",3: vor oder im PFV/ Genehmigung nach BImSchG,,,,new constructuion
AMP-022,,,,,AC,,,,,,,,,1,2024,40,,105,,,,,,,,,line,EnLAG,19,Kruckel – Punkt Ochsenkopf,Garenfeld,,Altenkleusheim,,,,Bestand,,,*,380,Errichtung einer Lei- tung: Ersatzneubau,Leitung,,,NW,NV,,,EnLAG Nr. 19,"2022,
2024",3: vor oder im PFV/ Genehmigung nach BImSchG,,,,new constructuion
AMP-022,,,,,AC,,,,,,,,,1,2025,40,,,,,,,,,,,line,EnLAG,19,Punkt Ochsenkopf – Dauersberg,Altenkleusheim,,Setzer Wiese,,,,Bestand,,,*,380,Errichtung einer Lei- tung: Ersatzneubau,Leitung,,,"NW, RP",NV,x,,EnLAG Nr. 19,"2021/
2025,
2022/
2026","3: vor oder im PFV/ Genehmigung nach BImSchG,
4: Genehmigt oder im Bau",,,,new constructuion
AMP-022,,,,,AC,,,,,,,,,1,2025,40,,,,,,,,,,,line,EnLAG,19,Punkt Ochsenkopf – Dauersberg,Setzer Wiese,,Eiserfeld,,,,Bestand,,,*,380,Errichtung einer Lei- tung: Ersatzneubau,Leitung,,,"NW, RP",NV,x,,EnLAG Nr. 19,"2021/
2025,
2022/
2026","3: vor oder im PFV/ Genehmigung nach BImSchG,
4: Genehmigt oder im Bau",,,,new constructuion
AMP-022,,,,,AC,,,,,,,,,1,2025,40,,,,,,,,,,,line,EnLAG,19,Punkt Ochsenkopf – Dauersberg,Eiserfeld,,Dauersberg,,,,Bestand,,,*,380,Errichtung einer Lei- tung: Ersatzneubau,Leitung,,,"NW, RP",NV,x,,EnLAG Nr. 19,"2021/
2025,
2022/
2026","3: vor oder im PFV/ Genehmigung nach BImSchG,
4: Genehmigt oder im Bau",,,,new constructuion
AMP-028,,,,,AC,,,,,,,,,1,2025,40,,5,,,,,,,,,line,,,Punkt Wanne – Punkt Günnigfeld,Station Wanne,,Punkt Günnigfeld,,,7.1462924 51.504831300000006,Bestand,,,5,380,Änderung oder Erweiterung einer Leitung: Zu- oder Umbeseilung,Leitung,,,NW,NV,,,,"2024/
2025,
2025/
2026",1: Vorbereitung Planungs- und Geneh- migungsverfahren,,,,
AMP-032,,,,,AC,,,,,,,,,1,2026,40,,21,,,,,,,,,line,EnLAG,14,Niederrhein – Utfort,Niederrhein,,Utfort,,,,Bestand,,,21,380,Errichtung einer Lei- tung: Ersatzneubau,Leitung,,,NW,NV,,,EnLAG Nr. 14,"2024,
2026",3: vor oder im PFV/ Genehmigung nach BImSchG,,,,
AMP-P21,,,,,AC,,,,,,,,,1,2030,40,,31,,,,,,,,,line,BBPIG,6,Regelzonengrenze TTG / AMP – Merzen,Regelzonengrenze TTG/AMP,,Merzen,,7.911058 52.693343,7.867899 52.476150,Ausbau,,31,,380,Errichtung einer Leitung: Neubau in neuer Trasse,Leitung,,,"NI, NW",,x,,BBP Nr. 6,"2025 (Provisorium) /2030, 2026 (Provisorium) /2031",3: vor oder im Planfeststellungsverfahren/Genehmigung nach Bundes-Immissionsschutzgesetz,,,,
AMP-P41,,,,,AC,,,,,,,,,1,2027,40,,105,,,,,,,,,line,BBPIG,15,Punkt Metternich – Niederstedem,Punkt Metternich,,Wengerohr,,7.502132 50.347319,,Bestand,,,105,380,Errichtung einer Lei- tung: Ersatzneubau,Leitung,,,RP,NV,,,BBP Nr. 15,"2026,
2027",3: vor oder im Planfeststellungsverfahren/Genehmigung nach Bundes-Immissionsschutzgesetz,,,,
AMP-P41,,,,,AC,,,,,,,,,1,2027,40,,,,,,,,,,,line,BBPIG,15,Punkt Metternich – Niederstedem,Wengerohr,,Niederstedem,,,,Bestand,,,*,380,Errichtung einer Lei- tung: Ersatzneubau,Leitung,,,RP,NV,,,BBP Nr. 15,"2026,
2027",3: vor oder im Planfeststellungsverfahren/Genehmigung nach Bundes-Immissionsschutzgesetz,,,,
AMP-P47,,,,,AC,,,,,,,,,1,2024,40,,66,,,,,,,,,line,BBPIG,19,Urberach – Pfungstadt – Weinheim,Urberach,,Pfungstadt,,,,Ausbau,,6,60,380,"Errichtung einer Leitung: Neubau in neuer Trasse, Errichtung einer
Leitung: Ersatzneu- bau, Änderung oder Erweiterung einer Leitung: Zu- oder Umbeseilung",Leitung,,,"HE, BW",NVA,x,,BBP Nr. 19,2024,3: vor oder im PFV/ Genehmigung nach BImSchG,,,,
AMP-P47,,,,,AC,,,,,,,,,1,2025,40,,,,,,,,,,,line,BBPIG,19,,Pfungstadt,,Weinheim,,,,Bestand,,,*,380,"Errichtung einer Leitung: Neubau in neuer Trasse, Errichtung einer
Leitung: Ersatzneu- bau, Änderung oder Erweiterung einer Leitung: Zu- oder Umbeseilung",Leitung,,,"HE, BW",NVA,x,,BBP Nr. 19,"2024,
2025",3: vor oder im PFV/ Genehmigung nach BImSchG,,,,
AMP-P47a,,,,,AC,,,,,,,,,1,2025,40,,11,,,,,,,,,line,BBPIG,76,Punkt Kriftel – Farbwerke Höchst-Süd,Kriftel,,Farbwerke Höchst-Süd,,,8.537219075722877 50.078085067548315,Bestand,,,11,380,"Errichtung einer Leitung: Ersatzneubau, Änderung oder Erweiterung einer Leitung: Zu- oder Umbeseilung",Leitung,,,HE,NV,,,BBP Nr. 76,"2024,
2025",3: vor oder im PFV/ Genehmigung nach BImSchG,,,,
AMP-P52,,,,,AC,,,,,,,,,1,2024,40,,61,,,,,,,,,line,BBPIG,24,Punkt Rommelsbach – Herbertingen,Punkt Rommelsbach,,Herbertingen,,9.218223100000001 48.5324241,,Bestand,,,61,380,Errichtung einer Lei- tung: Ersatzneubau,Leitung,,,BW,NV,,,BBP Nr. 24,"2022,
2024",4: Genehmigt oder im Bau,,,,
AMP-P52,,,,,AC,,,,,,,,,1,2021,40,,88,,,,,,,,,line,BBPIG,25,Punkt Wullenstetten – Punkt Niederwangen,Punkt Wullenstetten,,Dellmensingen,,10.0546761 48.3111892,,Bestand,,,88,380,Änderung oder Erweiterung einer Leitung: Zu- oder Umbeseilung,Leitung,,,"BY, BW",NV,x,,BBP Nr. 25,2021,3: vor oder im PFV/ Genehmigung nach BImSchG,,,,
AMP-P52,,,,,AC,,,,,,,,,1,2021,40,,88,,,,,,,,,line,BBPIG,25,Punkt Wullenstetten – Punkt Niederwangen,Dellmensingen,,Punkt Niederwangen,,,9.834098087806701 47.68900236297533,Bestand,,,*,380,Änderung oder Erweiterung einer Leitung: Zu- oder Umbeseilung,Leitung,,,"BY, BW",NV,x,,BBP Nr. 25,2021,3: vor oder im PFV/ Genehmigung nach BImSchG,,,,
AMP-P310,,,,,AC,,,,,,,,,1,2023,40,,285,,,,,,,,,line,,,Bürstadt – Kühmoos (Kühmoos-Maximiliansau-Weingarten-Mutterstadt-Lambsheim-Bürstadt),Bürstadt,,Lambsheim,,,,Bestand,,,285,380,"Errichtung einer Leitung: Ersatzneubau, Änderung oder Erweiterung einer Leitung: Zu- oder Umbeseilung",Leitung,,,"HE,
RP, BW",NV,,,,2023,3: vor oder im PFV/ Genehmigung nach BImSchG,,,,"M485, HTLS"
AMP-P310,,,,,AC,,,,,,,,,1,2023,40,,,,,,,,,,,line,,,,Lambsheim,,Mutterstadt,,,,Bestand,,,*,380,"Errichtung einer Leitung: Ersatzneubau, Änderung oder Erweiterung einer Leitung: Zu- oder Umbeseilung",Leitung,,,"HE,
RP, BW",NV,,,,2023,3: vor oder im PFV/ Genehmigung nach BImSchG,,,,"M485, HTLS"
AMP-P310,,,,,AC,,,,,,,,,1,2023,40,,,,,,,,,,,line,,,,Mutterstadt,,Weingarten,,,,Bestand,,,*,380,"Errichtung einer Leitung: Ersatzneubau, Änderung oder Erweiterung einer Leitung: Zu- oder Umbeseilung",Leitung,,,"HE,
RP, BW",NV,,,,2023,3: vor oder im PFV/ Genehmigung nach BImSchG,,,,"M485, HTLS"
AMP-P310,,,,,AC,,,,,,,,,1,2023,40,,,,,,,,,,,line,,,,Weingarten,,Maximiliansau,,,,Bestand,,,*,380,"Errichtung einer Leitung: Ersatzneubau, Änderung oder Erweiterung einer Leitung: Zu- oder Umbeseilung",Leitung,,,"HE,
RP, BW",NV,,,,2023,3: vor oder im PFV/ Genehmigung nach BImSchG,,,,"M485, HTLS"
AMP-P310,,,,,AC,,,,,,,,,1,2023,40,,,,,,,,,,,line,,,,Maximiliansau,,Kühmoos,,,,Bestand,,,*,380,"Errichtung einer Leitung: Ersatzneubau, Änderung oder Erweiterung einer Leitung: Zu- oder Umbeseilung",Leitung,,,"HE,
RP, BW",NV,,,,2023,3: vor oder im PFV/ Genehmigung nach BImSchG,,,,"M485, HTLS"
AMP-P460,,,,,AC,,,,,400,,,,1,2025,40,,3.4,,,,,,,,,line,,,Büscherhof – Umbeseilung und Schaltfelderweiterung,Büscherhof,,zu neue 380-kV-Anlage,,,6.967172 51.490748,Bestand,,,3.4,380,"Änderung oder Erweiterung einer Leitung: Zu- oder
Umbeseilung",Leitung,400,,NW,NV,,,,"2023,
2025",3: vor oder im PFV/ Genehmigung nach BImSchG,,,,M687
TTG-006,,,,,AC,,,,,,,,,1,2024,40,,221,3,,1,,,,,,line,EnLAG,6,Wahle – Mecklar,Wahle,,Lamspringe,,,,Ausbau,,221,,380,Errichtung einer Leitung: Neubau in neuer Trasse,Leitung,,3,"NI, HE",,x,,EnLAG Nr. 6,"2023,
2024",4: Genehmigt oder im Bau,,,,
TTG-006,,,,,AC,,,,,,,,,1,2024,40,,,3,,1,,,,,,line,EnLAG,6,,Lamspringe,,Erzhausen,,,,Ausbau,,*,,380,Errichtung einer Leitung: Neubau in neuer Trasse,Leitung,,3,"NI, HE",,x,,EnLAG Nr. 6,2024,4: Genehmigt oder im Bau,,,,Erdkabel
TTG-006,,,,,AC,,,,,,,,,1,2024,40,,,3,,1,,,,,,line,EnLAG,6,,Erzhausen,,Hardegsen,,,,Ausbau,,*,,380,Errichtung einer Leitung: Neubau in neuer Trasse,Leitung,,3,"NI, HE",,x,,EnLAG Nr. 6,2024,4: Genehmigt oder im Bau,,,,Erdkabel
TTG-006,,,,,AC,,,,,,,,,1,2024,40,,,3,,1,,,,,,line,EnLAG,6,,Hardegsen,,Mecklar,,,,Ausbau,,*,,380,Errichtung einer Leitung: Neubau in neuer Trasse,Leitung,,3,"NI, HE",,x,,EnLAG Nr. 6,2024,4: Genehmigt oder im Bau,,,,Erdkabel
TTG-007,,,,,AC,,,,,2400,,,,1,2024,40,,31,6,,2,,,,,,line,EnLAG,5,Dörpen / West – Niederrhein (Punkt Meppen),Dörpen West,,Meppen,,, 7.211702 52.730448,Ausbau,,31,,380,Errichtung einer Leitung: Neubau in neuer Trasse,Leitung,2400,6,NI,,x,,EnLAG Nr. 5,2024,"4: Genehmigt oder im Bau,
5: Realisiert",,,,3600A
TTG-009,,,,,AC,,,,,,,,,1,2024,40,,61,6,,2,,,,,,line,EnLAG,2,Ganderkesee – St. Hülfe,Ganderkesee,,Station Sankt Hülfe,,,,Ausbau,,61,,380,Errichtung einer Leitung: Neubau in neuer Trasse,Leitung,,6,NI,,x,,EnLAG Nr. 2,"2023,
2024",4: Genehmigt oder im Bau,,,,
TTG-P21,,,,,AC,,,,,5400,,,,1,2023,40,,77(54),6,,2,,,,,,line,,,Conneforde – Garrel/ Ost – Cappeln/West,Conneforde,,Garrel,,,,Bestand,,,77,380,Errichtung einer Lei- tung: Ersatzneubau,Leitung,5400,6,NI,NV,x,,6,"2022,
2023",3: vor oder im PFV/ Genehmigung nach BImSchG,,,,4000A each circuit
TTG-P21,,,,,AC,,,,,,,,,1,2026,40,,23,6,,2,,,,,,line,,,,Garrel,,Punkt Cappeln West,,,8.017258 52.791597,Bestand,,,*,380,Errichtung einer Lei- tung: Ersatzneubau,Leitung,,6,NI,NV,x,,6,"2025,
2026",3: vor oder im PFV/ Genehmigung nach BImSchG,,,,
TTG-P21,,,,,AC,,,,,,,,,1,2026,40,,21,6,,2,,,,,,line,,,Cappeln/West – Regelzonengrenze TTG/AMP,Punkt Cappeln West,,Punkt Regel- zonengrenze TTG/AMP,,8.017258 52.791597,7.911058 52.693343,Ausbau,,21,,380,Errichtung einer Leitung: Neubau in neuer Trasse,Leitung,,6,NI,,x,,6,"2025,
2026",3: vor oder im PFV/ Genehmigung nach BImSchG,,,,
TTG-P24,,,,,AC,,,,,5400,,,,1,2026,40,,10,6,,2,,,,,,line,BBP,7,Stade/West – Dollern,Stade-West,,Dollern,,,,Bestand,,,10,380,Errichtung einer Lei- tung: Ersatzneubau,Leitung,5400,6,NI,NV,x,,BBP Nr. 7,"2025,
2026",4: Genehmigt oder im Bau,,,,4000A each circuit
TTG-P24,,,,,AC,,,,,5400,,,,1,2021,40,,60,6,,2,,,,,,line,BBP,7,Dollern – Sottrum,Dollern,,Sottrum,,,,Bestand,,,60,380,Errichtung einer Lei- tung: Ersatzneubau,Leitung,5400,6,NI,NV,x,,BBP Nr. 7,2021,"3: vor oder im PFV/ Genehmigung nach BImSchG,
4: Genehmigt oder im Bau",,,,4000A each circuit
TTG-P24,,,,,AC,,,,,5400,,,,1,2026,40,,42,6,,2,,,,,,line,BBP,7,Sottrum – Mehringen (Grafschaft Hoya),Sottrum,,"""UW"" Mehringen (Grafschaft Hoya)",,,9.145970 52.832135,Bestand,,,42,380,Errichtung einer Lei- tung: Ersatzneubau,Leitung,5400,6,NI,NV,x,,BBP Nr. 7,2026,3: vor oder im PFV/ Genehmigung nach BImSchG,,,,4000A each circuit
TTG-P24,,,,,AC,,,,,5400,,,,1,2026,40,,45,6,,2,,,,,,line,BBP,7,Mehringen (Grafschaft Hoya) – Landesbergen,"""UW"" Mehringen (Grafschaft Hoya)",,Landesbergen,,9.145970 52.832135,,Bestand,,,45,380,Errichtung einer Lei- tung: Ersatzneubau,Leitung,5400,6,NI,NV,x,,BBP Nr. 7,2026,3: vor oder im PFV/ Genehmigung nach BImSchG,,,,4000A each circuit
TTG-P25,,,,,AC,,,,,,,,,1,2026,40,,46,6,,2,,,,,,line,BBP,8,Heide/West – Husum/Nord,"""UW"" Heide West",,Husum Nord,,9.052015 54.161528,,Ausbau,,46,,380,Errichtung einer Leitung: Neubau in neuer Trasse,Leitung,,6,SH,,x,,BBP Nr. 8,2026,4: Genehmigt oder im Bau,,,,
TTG-P25,,,,,AC,,,,,,,,,1,2021,40,,38,6,,2,,,,,,line,BBP,8,Husum/Nord – Klixbüll/Süd,Husum Nord,,Klixbüll Süd,,,8.869150 54.795167,Ausbau,,38,,380,Errichtung einer Leitung: Neubau in neuer Trasse,Leitung,,6,SH,,x,,BBP Nr. 8,2021,4: Genehmigt oder im Bau,,,,
TTG-P25,,,,,AC,,,,,,,,,1,2022,40,,16,6,,2,,,,,,line,BBP,8,Klixbüll/Süd – Bundesgrenze DK,Klixbüll/Süd,,Punkt Bundesgrenze DK,,8.869150 54.795167,8.910507 54.903755,Ausbau,,16,,380,Errichtung einer Leitung: Neubau in neuer Trasse,Leitung,,6,SH,,x,x,BBP Nr. 8,2022,3: vor oder im PFV/ Genehmigung nach BImSchG,,,,
TTG-P33,,,,,AC,,,,,,,,,1,2023,40,,65,6,,2,,,,,,line,BBP,10,Wahle – Hattorf – Helmstedt – Landes- grenze NI/ST (Mast 6) – Wolmirstedt,Wahle,,Hattorf,,,,Bestand,,,65,380,Umbeseilung,Leitung,,6,NI,NV,,,BBP Nr. 10,2023,3: vor oder im PFV/ Genehmigung nach BImSchG,,,,
TTG-P33,,,,,AC,,,,,,,,,1,2025,40,,,6,,2,,,,,,line,BBP,10,Wahle – Hattorf – Helmstedt – Landes- grenze NI/ST (Mast 6) – Wolmirstedt,Hattorf,,Helmstedt,,,,Bestand,,,*,380,Umbeseilung,Leitung,,6,NI,NV,,,BBP Nr. 10,2025,3: vor oder im PFV/ Genehmigung nach BImSchG,,,,
TTG-P33,,,,,AC,,,,,3600,,,,1,2025,40,,65,6,,2,,,,,,line,BBP,10,Wahle – Hattorf – Helmstedt – Landes- grenze NI/ST (Mast 6) – Wolmirstedt,Helmstedt,,Wolmirstedt,,,,Bestand,,,*,380,Umbeseilung,Leitung,3600,6,NI,NV,,,BBP Nr. 10,2025,3: vor oder im PFV/ Genehmigung nach BImSchG,,,,
TTG-P46,,,,,AC,,,,,2700,,,,1,2022,40,,182,6,,2,,,,,,line,BBP,18,Redwitz – Mechlenreuth – Etzenricht – Schwandorf (Ostbayernring),Redwitz,,Mechlenreuth,,,,Bestand,,,182,380,Errichtung einer Lei- tung: Ersatzneubau,Leitung,2700,6,BY,NV,,,BBP Nr. 18,2022,3: vor oder im PFV/ Genehmigung nach BImSchG,,,,4000A For both circuits?
TTG-P46,,,,,AC,,,,,2700,,,,1,2025,40,,,6,,2,,,,,,line,BBP,18,,Mechlenreuth,,Etzenricht,,,,Bestand,,,*,380,Errichtung einer Lei- tung: Ersatzneubau,Leitung,2700,6,BY,NV,,,BBP Nr. 18,"2024 /
2025",3: vor oder im PFV/ Genehmigung nach BImSchG,,,,4000A For both circuits?
TTG-P46,,,,,AC,,,,,2700,,,,1,2025,40,,44.4,6,,2,,,,,,line,BBP,18,,Etzenricht,,Schwandorf,,,,Bestand,,,*,380,Errichtung einer Lei- tung: Ersatzneubau,Leitung,2700,6,BY,NV,,,BBP Nr. 18,"2024 /
2025",3: vor oder im PFV/ Genehmigung nach BImSchG,,,,4000A For both circuits?
TTG-P48,,,,,AC,,,,,2700,,,,1,2025,40,,50,3,,1,,,,,,line,BBP,20,Grafenrheinfeld – Punkt Rittershausen,Grafenrheinfeld,,Punkt Rittershausen,,,10.013017 49.611797,Bestand,,,50,380,Zubeseilung,Leitung,2700,3,BY,NV,,,BBP Nr. 20,"2024 /
2025",3: vor oder im PFV/ Genehmigung nach BImSchG,,,,
TTG-P67,,,,,AC,,,,,2700,,,,1,2024,40,,13,6,,2,,,,,,line,BBP,32,Simbach – Matzenhof - Bundesgrenze AT,Simbach,,Punkt Matzenhof,,,13.013943 48.290369,Bestand,,,13,380,Errichtung einer Lei- tung: Ersatzneubau,Leitung,2700,6,BY,NV,x,x,BBP Nr. 32,2024,3: vor oder im PFV/ Genehmigung nach BImSchG,,,,4000A For both circuits?
TTG-P67,,,,,AC,,,,,2700,,,,1,2026,40,,,6,,2,,,,,,line,BBP,32,,Punkt Matzenhof,,Bundesgrenze AT,,13.013943 48.290369,13.060147 48.272481,Bestand,,,*,380,Errichtung einer Lei- tung: Ersatzneubau,Leitung,2700,6,BY,NV,x,x,BBP Nr. 32,"2024,
2026",3: vor oder im PFV/ Genehmigung nach BImSchG,,,,4000A For both circuits?
TTG-P67,,,,,AC,,,,,2700,,,,1,2026,40,,7,6,,2,,,,,,line,BBP,32,Altheim – Adlkofen,Altheim,,Punkt Adlkofen,,,12.260740 48.546736,Bestand,,,7,380,Errichtung einer Lei- tung: Ersatzneubau,Leitung,2700,6,BY,NV,x,x,BBP Nr. 32,"2024,
2026",3: vor oder im PFV/ Genehmigung nach BImSchG,,,,4000A For both circuits?
TTG-P67,,,,,AC,,,,,2700,,,,1,2026,40,,66,6,,2,,,,,,line,BBP,32,Adlkofen – Matzenhof,Punkt Adlkofen,,Matzenhof,,12.260740 48.546736,13.013943 48.290369,Bestand,,,66,380,Errichtung einer Lei- tung: Ersatzneubau,Leitung,2700,6,BY,NV,x,x,BBP Nr. 32,"2024,
2026",3: vor oder im PFV/ Genehmigung nach BImSchG,,,,4000A For both circuits?
TTG-P69,,,,,AC,,,,,2400,,,,1,2026,40,,61,6,,2,,,,,,line,BBP,34,Emden / Ost – Conneforde,Emden-Borssum,,Conneforde,,,,Bestand,,,61,380,Errichtung einer Lei- tung: Ersatzneubau,Leitung,2400,6,NI,NV,x,,BBP Nr. 34,"2024,
2026",4: Genehmigt oder im Bau,,,,3600A for both circuits?
TTG-P72,,,,,AC,,,,,,,,,1,2022,40,,50,6,,2,,,,,,line,BBP,42,Kreis Segeberg – Lübeck / West,Kreis Segeberg,,Lübeck,,9.985091 53.742518,,Bestand,,,50,380,Errichtung einer Lei- tung: Ersatzneubau,Leitung,,6,SH,NV,x,,BBP Nr. 42,"2021,
2022",3: vor oder im PFV/ Genehmigung nach BImSchG,,,,
TTG-P118,,,,,AC,,,,,2700,,,,1,2025,40,,41,6,,2,,,,,,line,BBP,43,Borken – Mecklar,Borken,,Mecklar,,,,Bestand,,,41,380,Umbeseilung,Leitung,2700,6,HE,NV,,,BBP Nr. 43,2025,3: vor oder im PFV/ Genehmigung nach BImSchG,,,,"HTL Umbeseilung, 4000A for both circuits"
TTG-P151,,,,,AC,,,,,2700,,,,1,2024,40,,43,6,,2,,,,,,line,BBP,45,Borken – Twistetal,Borken,,Twistetal,,,,Bestand,,,43,380,Umbeseilung,Leitung,2700,6,HE,NV,,,BBP Nr. 45,"2023,
2024","3: vor oder im PFV/ Genehmigung nach BImSchG,
4: Genehmigt oder im Bau",,,,"HTL Umbeseilung, 4000A for both circuits"
TTG-P185,,,,,AC,,,,,2400,,,,1,2023,40,,38,,,,,,,,,line,BBP,46,Redwitz – Landes- grenze BY / TH (Punkt Tschirn),Redwitz,,Punkt Tschirn (Landes- grenze BY / TH),,,11.478551 50.432455,Bestand,,,38,380,Änderung oder Erweiterung einer Leitung: Zu- oder Umbeseilung,Leitung,2400,6,BY,NV,,,BBP Nr. 46,"2022,
2023",4: Genehmigt oder im Bau,,,,3600A
TNG-P47,,,,,AC,,,,,,,,,1,2021,40,,76,,,,,,,,,line,BBP,19,Weinheim – Daxlanden,Weinheim,,Daxlanden,,,,Bestand,,,76,380,Errichtung einer Lei- tung: Ersatzneubau,Leitung,,,BW,NV,,,BBP Nr. 19,2021,2: Im ROV/BFP,,,,
TNG-P47,,,,,AC,,,,,,,,,1,2031,40,,17,,,,,,,,,line,BBP,19,Weinheim – Mannheim (G380),Weinheim,,Rheinau,,,,Bestand,,,17,380,Errichtung einer Lei- tung: Ersatzneubau,Leitung,,,BW,NV,,,BBP Nr. 19,"2028,
2031",2: Im ROV/BFP,,,,
TNG-P47,,,,,AC,,,,,,,,,1,2031,40,,22.5,,,,,,,,,line,BBP,19,Mannheim (G380) – Altlußheim,Rheinau,,Altlußheim,,8.545514 49.439807,,Bestand,,,22.5,380,Errichtung einer Lei- tung: Ersatzneubau,Leitung,,,BW,NV,,,BBP Nr. 19,"2028,
2031",2: Im ROV/BFP,,,,
TNG-P47,,,,,AC,,,,,,,,,1,2031,40,,42,,,,,,,,,line,BBP,19,Altlußheim – Daxlanden,Altlußheim,,Daxlanden,,,,Bestand,,,42,380,Errichtung einer Lei- tung: Ersatzneubau,Leitung,,,BW,NV,,,BBP Nr. 19,"2028,
2031",2: Im ROV/BFP,,,,Bestehende Leitung erneuert
TNG-P48,,,,,AC,,,,,,,,,1,2031,40,,51,3,,1,,,,,,line,BBP,20,Punkt Rittershausen – Kupferzell,Punkt Rittershausen,,Kupferzell,,9.984653100000001 49.6042379 ,,Bestand,,,51,380,Zubeseilung,Leitung,,3,"BY, BW",NV,,,BBP Nr. 20,"2028,
2031",3: vor oder im PFV/ Genehmigung nach BImSchG,,,,
TNG-P48,,,,,AC,,,,,,,,,1,2025,40,,48,3,,1,,,,,,line,BBP,20,Kupferzell – Großgartach,Kupferzell,,Großgartach,,,,Bestand,,,48,380,Errichtung einer Lei- tung: Ersatzneubau,Leitung,,3,BW,NV,,,BBP Nr. 20,2025,3: vor oder im PFV/ Genehmigung nach BImSchG,,,,Ersatzneubau
TNG-P49,,,,,AC,,,,,,,,,1,2025,40,,119,,,,,,,,,line,BBP,21,Daxlanden – Bühl/ Kuppenheim – Weier – Eichstetten,Daxlanden,,Kuppenheim,,,,Bestand,,,119,380,Errichtung einer Lei- tung: Ersatzneubau,Leitung,,,BW,NV,,,BBP Nr. 21,2025,3: vor oder im PFV/ Genehmigung nach BImSchG,,,,Teilweise HTLS_Beseilung
TNG-P49,,,,,AC,,,,,,,,,1,2025,40,,119,,,,,,,,,line,BBP,21,Daxlanden – Bühl/ Kuppenheim – Weier – Eichstetten,Kuppenheim,,Bühl,,,,Bestand,,,*,380,Errichtung einer Lei- tung: Ersatzneubau,Leitung,,,BW,NV,,,BBP Nr. 21,2025,3: vor oder im PFV/ Genehmigung nach BImSchG,,,,Teilweise HTLS_Beseilung
TNG-P49,,,,,AC,,,,,,,,,1,2025,40,,119,,,,,,,,,line,BBP,21,Daxlanden – Bühl/ Kuppenheim – Weier – Eichstetten,Bühl,,Weier,,,,Bestand,,,*,380,Errichtung einer Lei- tung: Ersatzneubau,Leitung,,,BW,NV,,,BBP Nr. 21,2025,3: vor oder im PFV/ Genehmigung nach BImSchG,,,,Teilweise HTLS_Beseilung
TNG-P49,,,,,AC,,,,,,,,,1,2029,40,,,,,,,,,,,line,BBP,21,,Weier,,Eichstetten,,,,Bestand,,,*,380,Errichtung einer Lei- tung: Ersatzneubau,Leitung,,,BW,NV,,,BBP Nr. 21,"2028,
2029",3: vor oder im PFV/ Genehmigung nach BImSchG,,,,
TNG-P70,,,,,AC,,,,,,,,,1,2029,40,,25.7,,,,,,,,,line,BBP,35,Birkenfeld – Mast 115A,Birkenfeld,,Mast 115A,,,8.795460 48.956892,Ausbau,,11.5,14.2,380,"Errichtung einer Leitung: Neubau in neuer Trasse, Zubeseilung",Leitung,,,BW,NVA,,,BBP Nr. 35,"2028,
2029",3: vor oder im PFV/ Genehmigung nach BImSchG,,,,Einbindung in Leitung: Pulverdingen – Philippsburg
DC1,,,,,DC,,,,,2000,,,,1,2022,40,,300,,,,,,,,,line,BBP,1,Emden / Ost – Osterath (A-Nord),Emden-Borssum,,Osterath,,,,Ausbau,,300,,,Errichtung einer Leitung: Neubau in neuer Trasse,Leitung,2000,,"NI, NW",,x,,BBP Nr. 1,"2021,
2022",3: vor oder im PFV/ Genehmigung nach BImSchG,AMP,,,Nur Leistungsanagbe 2 GW (Nennleistung)
DC2,,,,,DC,,,,,2000,,,,1,2027,40,,340,,,,,,,,,line,BBP,2,Osterath – Philippsburg (Ultranet),Osterath,,Rheinau,,,,Bestand,,,340,380,"Errichtung einer Leitung: Ersatzneu- bau, Änderung oder Erweiterung einer Leitung: Zu- oder Umbeseilung",Leitung,2000,,"NW,
HE, BW",NV,x,x,BBP Nr. 2,"2025,
2027",3: vor oder im PFV/ Genehmigung nach BImSchG,"AMP, TNG",,,Nur Leistungsanagbe 2 GW (Nennleistung)
DC2,,,,,DC,,,,,2000,,,,1,2027,40,,340,,,,,,,,,line,BBP,2,Osterath – Philippsburg (Ultranet),Rheinau,,Philippsburg,,,,Bestand,,,*,380,"Errichtung einer Leitung: Ersatzneu- bau, Änderung oder Erweiterung einer Leitung: Zu- oder Umbeseilung",Leitung,2000,,"NW,
HE, BW",NV,x,x,BBP Nr. 2,"2025,
2027",3: vor oder im PFV/ Genehmigung nach BImSchG,"AMP, TNG",,,Nur Leistungsanagbe 2 GW (Nennleistung)
DC3,,,,,DC,,,,,2000,,,,1,2024,40,,689,,,,,,,,,line,BBP,3,Brunsbüttel – Großgartach (SuedLink),Brunsbüttel,,Großgartach,,,,Ausbau,,689,,,Errichtung einer Leitung: Neubau in neuer Trasse,Leitung,2000,,"SH,NI,HE,TH,BY, BW",,x,x,BBP Nr. 3,"2023/
2024,
2026",3: vor oder im PFV/ Genehmigung nach BImSchG,"TTG, TNG",,,Nur Leistungsanagbe 2 GW (Nennleistung)
DC4,,,,,DC,,,,,2000,,,,1,2028,40,,538,,,,,,,,,line,BBP,4,Wilster / West – Bergrheinfeld / West (SuedLink),Wilster,,Bergrheinfeld,,,,Ausbau,,538,,,Errichtung einer Leitung: Neubau in neuer Trasse,Leitung,2000,,"SH,
NI,
HE,
TH, BY",,x,x,BBP Nr. 4,"2026,
2028",3: vor oder im PFV/ Genehmigung nach BImSchG,"TTG, TNG",,,Nur Leistungsanagbe 2 GW (Nennleistung)
DC5,,,,,DC,,,,,2000,,,,1,2028,40,,539,,,,,,,,,line,BBP,5,Wolmirstedt – Isar,Wolmirstedt,,Isar,,,,Ausbau,,539,,,Errichtung einer Leitung: Neubau in neuer Trasse,Leitung,2000,,"ST,
TH,
SN, BY",,x,x,BBP Nr. 5,"2026,
2028",3: vor oder im PFV/ Genehmigung nach BImSchG,"50HzT, TTG",,,Nur Leistungsanagbe 2 GW (Nennleistung)
DC1a,,,,,DC,,,,,2400,,,,1,2027,40,,300,,,,,,,,,line,BBPIG,1,Emden / Ost – Osterath,Emden-Borssum,,Osterath,,,,Bestand,,,300,,Optimierung,Leitung,2400,,"NI, NW",NO,x,,,"2025,
2027",3: Vor oder im PFV/ Genehmigung nach BImSchG,AMP,DC1a,x,"HVDC 2.4 GW, Nutzung inhärenter Reserven"
DC20,,,,,DC,,,,,2000,,,,1,2027,40,,759,,,,,,,,,line,BBPIG,5a,Klein Rogahn – Isar,Görries,,Isar,,,,Ausbau/Bestand,,220,539,,"Errichtung einer Leitung: Neubau in neuer Trasse, Errichtung einer Leitung: Paral- lelneubau",Leitung,2000,,"MV,
NI,
ST,
SN,
TH, BY",NVA,,,,"2025,
2027",1: Vorbereitung Pla- nungs- und Geneh- migungsverfahren 3: Vor oder im PFV/ Genehmigung nach BImSchG,"50HzT, TTG",DC20,x,HVDC 2 GW
DC21,,,,,DC,,,,,2000,,,,1,2032,40,,267,,,,,,,,,line,BBPIG,49,Wilhelmshaven 2 - Region Hamm,Wilhelmshaven,,Region Hamm,,,7.9720047 51.68033464914993,Ausbau,,267,,,Errichtung einer Leitung: Neubau in neuer Trasse,Leitung,2000,,"NI, NW",,x,,,"2030,
2032",1: Vorbereitung Pla- nungs- und Geneh- migungsverfahren,"AMP, TTG",DC21b,x,HVDC 2 GW
DC25,,,,,DC,,,,,2000,,,,1,2031,40,,407,,,,,,,,,line,BBPIG,48,Heide / West – Polsum,Heide-West,,Polsum,,,,Ausbau,,407,,,Errichtung einer Leitung: Neubau in neuer Trasse,Leitung,2000,,"SH,
NI, NW",,x,,,"2030,
2031",1: Vorbereitung Pla- nungs- und Geneh- migungsverfahren,"AMP, TTG",DC25,x,HVDC 2 GW
DC31,,,,,DC,,,,,2000,,,,1,2031,40,,212,,,,,,,,,line,,,Heide / West – Klein Rogahn,Heide-West,,Görries,,,,Ausbau,,212,,,Errichtung einer Leitung: Neubau in neuer Trasse,Leitung,2000,,"SH, MV",,,,,"2030,
2031",,"50HzT, TTG",DC31,x,HVDC 2 GW
DC34,,,,,DC,,,,,2000,,,,1,2035,40,,528,,,,,,,,,line,,,Suchraum Rastede – Bürstadt,Rastede,,Bürstadt,,,,Ausbau,,528,,,Errichtung einer Leitung: Neubau in neuer Trasse,Leitung,,,"NI, HE",,,,,2035,,"AMP, TTG",DC34,,
P20,,,,,AC,,,,,5400,,,,1,2035,40,,30,6,,2,,,,,,line,BBPIG,37,Emden / Ost – Halbemond,Emden-Borssum,,Halbemond,,,,Ausbau/Bestand,,30,,380,Errichtung einer Leitung: Neubau in neuer Trasse,Leitung,5400,6,NI,,x,,,2035,1: Vorbereitung Pla- nungs- und Geneh- migungsverfahren,TTG,M69,x,each 4000A
P22,,,,,AC,,,,,5400,,,,1,2030,40,,36,6,,2,,,,,,line,BBPIG,55,Elsfleth / West – Ganderkesee (über Niedervieland),Elsfleth,,Niedervieland,,,,Bestand,,,36,380,Errichtung einer Leitung: Ersatz- neubau,Leitung,5400,6,"NI, HB",NV,,,,2030,1: Vorbereitung Pla- nungs- und Geneh- migungsverfahren,TTG,M80,x,each 4000A
P22,,,,,AC,,,,,5400,,,,1,2031,40,,,6,,2,,,,,,line,BBPIG,55,,Niedervieland,,Ganderkesee,,,,Bestand,,,*,380,Errichtung einer Leitung: Ersatz- neubau,Leitung,5400,6,"NI, HB",NV,,,,"2030,
2031",1: Vorbereitung Pla- nungs- und Geneh- migungsverfahren,TTG,M80,x,each 4000A
P22,,,,,AC,,,,,5400,,,,1,2031,40,,32,3,,1,,,,,,line,BBPIG,54,Conneforde – Unterweser,Conneforde,,Unterweser,,,,Bestand,,,32,380,Änderung oder Erweiterung einer Leitung: Spannungs- umstellung,Leitung,5400,3,NI,NO,,,,"2030,
2031",3: Vor oder im PFV/ Genehmigung nach BImSchG,TTG,M92,x,
P23,,,,,AC,,,,,5400,,,,1,2025,40,,100,6,,2,,,,,,line,BBPIG,38,Dollern – Elsfleth / West,Dollern,,Alfstedt,,,,Bestand,,,100,380,Errichtung einer Leitung: Ersatz- neubau,Leitung,5400,6,NI,NV,x,,,2025,1: Vorbereitung Pla- nungs- und Geneh- migungsverfahren,TTG,M20,x,each 4000A
P23,,,,,AC,,,,,5400,,,,1,2029,40,,,6,,2,,,,,,line,BBPIG,38,,Alfstedt,,Farge,,,,Bestand,,,*,380,Errichtung einer Leitung: Ersatz- neubau,Leitung,5400,6,NI,NV,x,,,"2028,
2029",1: Vorbereitung Pla- nungs- und Geneh- migungsverfahren,TTG,M20,x,each 4000A
P23,,,,,AC,,,,,5400,,,,1,2029,40,,,6,,2,,,,,,line,BBPIG,38,,Farge,,Elsfleth,,,,Bestand,,,*,380,Errichtung einer Leitung: Ersatz- neubau,Leitung,5400,6,NI,NV,x,,,"2028,
2029",1: Vorbereitung Pla- nungs- und Geneh- migungsverfahren,TTG,M20,x,each 4000A
P26,,,,,AC,,,,,5400,,,,1,2029,40,,3,6,,2,,,,,,line,BBPIG,50,Brunsbüttel – Büttel,Brunsbüttel,,Büttel,,,,Bestand,,,3,380,Errichtung einer Leitung: Ersatz- neubau,Leitung,5400,6,SH,NV,,,,"2028,
2029",1: Vorbereitung Pla- nungs- und Geneh- migungsverfahren,TTG,M432,x,each 4000A
P26,,,,,AC,,,,,5400,,,,1,2030,40,,8,6,,2,,,,,,line,BBPIG,50,Büttel – Wilster/West,Büttel,,Wilster,,,,Bestand,,,8,380,Errichtung einer Leitung: Ersatz- neubau,Leitung,5400,6,SH,NV,,,,"2029,
2030",1: Vorbereitung Planungs- und Genehmigungsver- fahren,TTG,M76,x,each 4000A
P26,,,,,AC,,,,,5400,,,,1,2030,40,,44,6,,2,,,,,,line,BBPIG,50,Wilster / West – Stade / West,Wilster,,Stade,,,,Bestand,,,44,380,Errichtung einer Leitung: Ersatz- neubau,Leitung,5400,6,"SH, NI",NV,,,,"2029,
2030",1: Vorbereitung Pla- nungs- und Geneh- migungsverfahren,TTG,M89,x,each 4000A
P33,,,,,AC,,,,,2700,,,,1,2030,40,,146,6,,2,,,,,,line,BBPIG,10,Wolmirstedt – Helmstedt – Hallendorf/Gleidingen– Kreuzung M24b/TTG-006 – Mehrum/Nord,Wolmirstedt,,Helmstadt.,52.3,,11.005471 52.194826,Bestand,,,146,380,Errichtung einer Leitung: Paral- lelneubau,Leitung,2700,6,"ST, NI",NV,,,,"2029,
2030","1: Vorbereitung Pla- nungs- und Geneh- migungsverfahren, 3: Vor oder im PFV/ Genehmigung nach BImSchG","50HzT, TTG",M24b,x,Both 4000A
P33,,,,,AC,,,,,2700,,,,1,2032,40,,,6,,2,,,,,,line,BBPIG,10,*,Helmstadt.,53,Salzgitter-Hallendorf,,11.005471 52.194826,,Bestand,,,*,380,Errichtung einer Leitung: Paral- lelneubau,Leitung,2700,6,"ST, NI",NV,,,,"2032
","1: Vorbereitung Pla- nungs- und Geneh- migungsverfahren, 3: Vor oder im PFV/ Genehmigung nach BImSchG","50HzT, TTG",M24b,x,Both 4000A
P33,,,,,AC,,,,,2700,,,,1,2032,40,,11,6,,2,,,,,,line,BBPIG,10,*,Salzgitter-Hallendorf,,Kreuzung M24b/ TTG-006,,,10.258398000000001 52.169853,Bestand,,,*,380,Errichtung einer Leitung: Paral- lelneubau,Leitung,2700,6,"ST, NI",NV,,,,"2027,
2028
(50HzT)
2031,
2032
(TTG)","1: Vorbereitung Pla- nungs- und Geneh- migungsverfahren, 3: Vor oder im PFV/ Genehmigung nach BImSchG","50HzT, TTG",M24b,x,Both 4000A
P33,,,,,AC,,,,,2700,,,,1,2032,40,,,6,,2,,,,,,line,BBPIG,10,*,Kreuzung M24b/ TTG-006,,Mehrum,,10.258398000000001 52.169853,,Bestand,,,*,380,Errichtung einer Leitung: Paral- lelneubau,Leitung,2700,6,"ST, NI",NV,,,,"2027,
2028
(50HzT)
2031,
2032
(TTG)","1: Vorbereitung Pla- nungs- und Geneh- migungsverfahren, 3: Vor oder im PFV/ Genehmigung nach BImSchG","50HzT, TTG",M24b,x,Both 4000A
P37,,,,,AC,,,,,2700,,,,1,2032,40,,87,,,,,,,,,line,BBPIG,12,Vieselbach – Landesgrenze Thüringen/Hessen,Vieselbach,,Eisenach,,,,Bestand,,,87,380,Errichtung einer Leitung: Ersatz- neubau,Leitung,2700,,TH,NV,,,,"2027,
2028
(50HzT)
2031,
2032
(TTG)",3: Vor oder im PFV/ Genehmigung nach BImSchG,50HzT,M25a,x,HTL Umbeseilung 4000A
P37,,,,,AC,,,,,2700,,,,1,2027,40,,43,,,,,,,,,line,BBPIG,12,Landesgrenze Thüringen/Hessen – Mecklar,Eisenach,,Mecklar,,,,Bestand,,,43,380,Änderung oder Erweiterung einer Leitung: Zu- oder Umbeseilung,Leitung,2700,,HE,NV,,,,"2026,
2027",3: Vor oder im PFV/ Genehmigung nach BImSchG,TTG,M25b,x,HTL Umbeseilung 4000A
P43,,,,,AC,,,,,5400,,,,1,2026,40,,50,6,,2,,,,,,line,BBPIG,17,Mecklar – Dipperz,Mecklar,,Dipperz,,,,Bestand,,,50,380,Errichtung einer Leitung: Paral- lelneubau,Leitung,5400,6,HE,NV,x,,,"2024,
2026",1: Vorbereitung Pla- nungs- und Geneh- migungsverfahren,TTG,M74a,x,each 4000A
P43,,,,,AC,,,,,5400,,,,1,2031,40,,80,6,,2,,,,,,line,BBPIG,17,Dipperz – Bergrheinfeld / West,Dipperz,,Bergrheinfeld,,,,Ausbau,,80,,380,Errichtung einer Leitung: Neubau in neuer Trasse,Leitung,5400,6,"HE, BY",,x,,,2031,1: Vorbereitung Pla- nungs- und Geneh- migungsverfahren,TTG,M74b,x,each 4000A
P51,,,,,AC,,,,,,,,,1,2031,40,,27,3,,1,,,,,,line,BBPIG,22,Großgartach – Endersbach,Großgartach,,Endersbach,,,,Bestand,,,27,380,"Errichtung einer Leitung: Ersatzneubau
Errichtung einer Leitung: Parallelneubau",Leitung,,3,BW,NV,,,,2031,1: Vorbereitung Pla- nungs- und Geneh- migungsverfahren,TNG,M37,x,
P52,,,,,AC,,,,,,,,,1,2030,40,,7,,,,,,,,,line,BBPIG,40,Punkt Neuravensburg – Punkt Bundes- grenze (AT),Punkt Neuravensburg,,Punkt Sigmarszell/Bundes- grenze (AT),,9.7529041 47.648081100000006,9.8138546 47.1444672,Bestand,,,7,380,Errichtung einer Leitung: Ersatz- neubau,Leitung,,,"BW, BY",NV,x,,,2030,1: Vorbereitung Pla- nungs- und Geneh- migungsverfahren,"AMP, TNG",M94b,x,
P53,,,,,AC,,,,,,,,,1,2030,40,,45,6,,2,,,,,,line,BBPIG,41,Raitersaich/West– Ludersheim,Raitersaich,,Ludersheim,,,,Bestand,,,45,380,Errichtung einer Leitung: Ersatz- neubau,Leitung,,6,BY,NV,,,,2030,2: Im ROV/BFP,TTG,M54,x,
P53,,,,,AC,,,,,5400,,,,1,2030,40,,114,6,,2,,,,,,line,BBPIG,41,Ludersheim - Sittling - Suchraum Stadt Rottenburg/Gemeinde Neufahrn - Altheim,Ludersheim,,Sittling,,,,Bestand,,,114,380,Errichtung einer Leitung: Ersatz- neubau,Leitung,5400,6,BY,NV,,,,"2029,
2030",2: Im ROV/BFP,TTG,M350,x,Each 4000A
P53,,,,,AC,,,,,5400,,,,1,2029,40,,,6,,2,,,,,,line,BBPIG,41,,Sittling,,Suchraum Stadt Rottenburg/Gemeinde Neufahrn,,,12.024631298548542 48.704875624685585,Bestand,,,*,380,Errichtung einer Leitung: Ersatz- neubau,Leitung,5400,6,BY,NV,,,,"2028,
2029",2: Im ROV/BFP,TTG,M350,x,Each 4000A
P53,,,,,AC,,,,,5400,,,,1,2029,40,,,6,,2,,,,,,line,BBPIG,41,,Suchraum Stadt Rottenburg/Gemeinde Neufahrn,,Altheim,,12.024631298548542 48.704875624685585,,Bestand,,,*,380,Errichtung einer Leitung: Ersatz- neubau,Leitung,5400,6,BY,NV,,,,"2028,
2029",2: Im ROV/BFP,TTG,M350,x,Each 4000A
P72,,,,,AC,,,,,,,,,1,2029,40,,14,6,,2,,,,,,line,BBPIG,42,Lübeck / West – Siems,Lübeck,,Siems,,,,Bestand,,,14,380,Errichtung einer Leitung: Ersatz- neubau,Leitung,,6,SH,NV,x,,,"2028,
2029",3: Vor oder im PFV/ Genehmigung nach BImSchG,TTG,M49,x,
P72,,,,,AC,,,,,,,,,1,2026,40,,40,6,,2,,,,,,line,BBPIG,42,Abzweig Göhl,Siems,,Göhl,,,,Ausbau,,40,,380,Errichtung einer Leitung: Neubau in neuer Trasse,Leitung,,6,SH,,x,,,2026,3: Vor oder im PFV/ Genehmigung nach BImSchG,TTG,M351,x,
P74,,,,,AC,,,,,,,,,1,2027,40,,110,3,,1,,,,,,line,TYNDP,47,Vöhringen - Punkt Bundesgrenze (AT),Vöhringen,,Memmingen,,,,Bestand,,,110,380,Zubeseilung,Leitung,,3,,,,,,2027,1: Vorbereitung Planungs- und Genehmigungsverfahren,AMP,M96,,between Bavarian Swabia and Austria
P74,,,,,AC,,,,,,,,,1,2030,40,,,3,,1,,,,,,line,TYNDP,47,,Memmingen,,Leupolz,,,,Bestand,,,*,380,Zubeseilung,Leitung,,3,,,,,,2030,1: Vorbereitung Planungs- und Genehmigungsverfahren,,M96,,between Bavarian Swabia and Austria
P74,,,,,AC,,,,,,,,,1,2030,40,,36,3,,1,,,,,,line,TYNDP,47,,Leupolz,,Punkt Bundesgrenze (AT),,,10.656506 47.559332,Bestand,,,*,380,Umbeseilung,Leitung,,3,,,,,,2030,1: Vorbereitung Planungs- und Genehmigungsverfahren,AMP,M96,,between Bavarian Swabia and Austria
P84,,,,,AC,,,,,,,,,1,2030,40,,31,,,,,,,,,line,BBPIG,51,Hamburg / Nord– Hamburg / Ost ,Hamburg Nord,,Hamburg/Ost,,,,Bestand,,,31,380,Umbeseilung,Leitung,,,HH,NV,,,,2030,1: Vorbereitung Pla- nungs- und Geneh- migungsverfahren,50HzT,M367,x,HTLS Umbeseilung
P84,,,,,AC,,,,,,,,,1,2032,40,,28,12,,4,,,,,,line,BBPIG,51,Hamburg / Ost – Krümmel,Hamburg/Ost,,Krümmel,,,,Bestand,,,28,380,Errichtung einer Leitung: Ersatz- neubau,Leitung,,12,"HH, SH",NV,,,,"2030,
2032",,50HzT,M368,x,
P112,,,,,AC,,,,,5400,,,,1,2032,40,,43,6,,2,,,,,,line,BBPIG,32,Pleinting - St. Peter,Pleinting,,St.Peter,,,13.079171500000001 48.256076500000006,Bestand,,,43,380,Errichtung einer Leitung: Ersatz- neubau,Leitung,5400,6,BY,NV,x,,,"2030,
2032",1: Vorbereitung Pla- nungs- und Geneh- migungsverfahren,TTG,M201,x,Each 4000A
P112,,,,,AC,,,,,,,,,1,2030,40,,27,6,,2,,,,,,line,BBPIG,32,Abzweig Pirach,St.Peter,,Pirach,,13.079171500000001 48.256076500000006,,Bestand,,,27,380,Errichtung einer Leitung: Ersatz- neubau,Leitung,,6,BY,NV,x,,,"2028,
2030",1: Vorbereitung Pla- nungs- und Geneh- migungsverfahren,TTG,M212,x,
P113,,,,,AC,,,,,5400,,,,1,2030,40,,54,6,,2,,,,,,line,BBPIG,58,Krümmel – Lüneburg – Stadorf,Krümmel,,Lüneburg,,,,Bestand,,,54,380,Errichtung einer Leitung: Ersatz- neubau,Leitung,5400,6,"SH, NI",NV,,,,"2028,
2030",1: Vorbereitung Pla- nungs- und Geneh- migungsverfahren,TTG,M202a,x,Each 4000 A
P113,,,,,AC,,,,,5400,,,,1,2031,40,,,6,,2,,,,,,line,BBPIG,58,,Lüneburg,,Stadorf,,,,Bestand,,,*,380,Errichtung einer Leitung: Ersatz- neubau,Leitung,5400,6,"SH, NI",NV,,,,"2030,
2031",1: Vorbereitung Pla- nungs- und Geneh- migungsverfahren,TTG,M202a,x,Each 4000 A
P113,,,,,AC,,,,,5400,,,,1,2031,40,,86,6,,2,,,,,,line,BBPIG,58,Stadorf – Wahle,Stadorf,,Wahle,,,,Bestand,,,86,380,Errichtung einer Leitung: Ersatz- neubau,Leitung,5400,6,NI,NV,,,,"2030,
2031",1: Vorbereitung Pla- nungs- und Geneh- migungsverfahren,TTG,M203,x,Each 4000 A
P116,,,,,AC,,,,,5400,,,,1,2031,40,,118,6,,2,,,,,,line,BBPIG,57,Dollern – Samtgemeinde Sottrum – Mehringen – Punkt Landesbergen (Steyerberg),Dollern,,Sottrum,,,,Bestand,,,118,380,Errichtung einer Leitung: Ersatz- neubau,Leitung,5400,6,NI,NV,,,,"2030,
2031",,TTG,M206,x,Each 4000A
P116,,,,,AC,,,,,5400,,,,1,2033,40,,42,6,,2,,,,,,line,BBPIG,57,,Sottrum,,Mehringen,,,9.1377225 52.823469800000005,Bestand,,,*,380,Errichtung einer Leitung: Ersatz- neubau,Leitung,5400,6,NI,NV,,,,"2032,
2033",,TTG,M206,x,Each 4000A
P116,,,,,AC,,,,,5400,,,,1,2033,40,,,6,,2,,,,,,line,BBPIG,57,,Mehringen,,Landesbergen,,9.1377225 52.823469800000005,,Bestand,,,*,380,Errichtung einer Leitung: Ersatz- neubau,Leitung,5400,6,NI,NV,,,,"2032,
2033",,TTG,M206,x,Each 4000A
P116,,,,,AC,,,,,2700,,,,1,2033,40,,20,6,,2,,,,,,line,BBPIG,57,Punkt Landesbergen (Steyerberg) – Ovenstädt,Landesbergen,,Ovenstädt,,,,Bestand,,,20,380,Errichtung einer Leitung: Ersatz- neubau,Leitung,2700,6,"NI, NW",NV,,,,"2032,
2033",,TTG,M494,x,Both 4000A
P119,,,,,AC,,,,,5400,,,,1,2033,40,,26,6,,2,,,,,,line,BBPIG,56,Conneforde – Suchraum Rastede – Elsfleth /West mit Anschluss Huntorf,Conneforde,,Rastede,,,,Bestand,,,26,380,Errichtung einer Leitung: Ersatz- neubau,Leitung,5400,6,NI,NV,,,,"2032,
2033",1: Vorbereitung Pla- nungs- und Geneh- migungsverfahren,TTG,M90,x,each 4000A
P119,,,,,AC,,,,,5400,,,,1,2031,40,,,6,,2,,,,,,line,BBPIG,56,,Rastede,,Elsfleth,,,,Bestand,,,*,380,Errichtung einer Leitung: Ersatz- neubau,Leitung,5400,6,NI,NV,,,,"2030,
2031",1: Vorbereitung Pla- nungs- und Geneh- migungsverfahren,TTG,M90,x,each 4000A
P119,,,,,AC,,,,,5400,,,,1,2031,40,,,6,,2,,,,,,line,BBPIG,56,,Elsfleth,,Huntorf,,,,Bestand,,,*,380,Errichtung einer Leitung: Ersatz- neubau,Leitung,5400,6,NI,NV,,,,"2030,
2031",1: Vorbereitung Pla- nungs- und Geneh- migungsverfahren,TTG,M90,x,each 4000A
P119,,,,,AC,,,,,5400,,,,1,2031,40,,86,6,,2,,,,,,line,BBPIG,56,Elsfleth / West – Abzweig Blockland – Samtgemeinde Sottrum,Elsfleth,,Blockland,,,,Bestand,,,86,380,Errichtung einer Leitung: Ersatz- neubau,Leitung,5400,6,NI,NV,,,,"2030,
2031",1: Vorbereitung Pla- nungs- und Geneh- migungsverfahren,TTG,M535,x,each 4000A
P119,,,,,AC,,,,,5400,,,,1,2031,40,,,6,,2,,,,,,line,BBPIG,56,,Blockland,,Sottrum,,,,Bestand,,,*,380,Errichtung einer Leitung: Ersatz- neubau,Leitung,5400,6,NI,NV,,,,"2030,
2031",1: Vorbereitung Pla- nungs- und Geneh- migungsverfahren,TTG,M535,x,each 4000A
P124,,,,,AC,,,,,,,,,1,2031,40,,117,,,,,,,,,line,BBPIG,60,Wolmirstedt – Klostermansfeld,Wolmirstedt,,Klostermansfeld,,,,Bestand,,,117,380,Umbeseilung,Leitung,,,ST,NV,,,,"2030,
2031",1: Vorbereitung Pla- nungs- und Geneh- migungsverfahren,50HzT,M209a,x,
P124,,,,,AC,,,,,,,,,1,2029,40,,39,,,,,,,,,line,BBPIG,60,Klostermansfeld – Schraplau/Obhausen – Lauchstädt,Klostermansfeld,,Schraplau/Obhausen,,,11.658435 51.420564,Bestand,,,39,380,Umbeseilung,Leitung,,,ST,NV,,,,"2028,
2029",1: Vorbereitung Pla- nungs- und Geneh- migungsverfahren,50HzT,M209b,x,
P124,,,,,AC,,,,,,,,,1,2028,40,,,,,,,,,,,line,BBPIG,60,,Schraplau/Obhausen,,Lauchstädt,,11.658435 51.420564,,Bestand,,,*,380,Umbeseilung,Leitung,,,ST,NV,,,,"2027,
2028",1: Vorbereitung Pla- nungs- und Geneh- migungsverfahren,50HzT,M209b,x,
P133,,,,,AC,,,,,5400,,,,1,2028,40,,73,,,,,,,,,line,BBPIG,65,Borken – Gießen / Nord,Borken,,Gießen Nord,,,,Bestand,,,73,380,Umbeseilung,Leitung,5400,,HE,NV,,,,"2027,
2028",1: Vorbereitung Pla- nungs- und Geneh- migungsverfahren,TTG,M253,x,each 4000A
P135,,,,,AC,,,,,5400,,,,1,2031,40,,60,,,,,,,,,line,BBPIG,57,Ovenstädt – Eickum – Bechterdissen,Ovenstädt,,Eickum,,,,Bestand,,,60,380,Umbeseilung,Leitung,5400,,NW,NV,,,,"2030,
2031",1: Vorbereitung Pla- nungs- und Geneh- migungsverfahren,TTG,M255,x,"Each 4000A, HTL Umbeseilung"
P135,,,,,AC,,,,,5400,,,,1,2031,40,,,,,,,,,,,line,BBPIG,57,,Eickum,,Bechterdissen,,,,Bestand,,,*,380,Umbeseilung,Leitung,5400,,NW,NV,,,,"2030,
2031",1: Vorbereitung Pla- nungs- und Geneh- migungsverfahren,TTG,M255,x,"Each 4000A, HTL Umbeseiolung"
P150,,,,,AC,,,,,,,,,1,2031,40,,71,,,,,,,,,line,BBPIG,44,Schraplau / Obhausen – Wolkramshausen,Schraplau/Obhausen,,Wolkramshausen,,11.658435 51.420564,,Bestand,,,71,380,Errichtung einer Leitung: Ersatz- neubau,Leitung,,,"ST, TH",NV,,,,"2030,
2031",2: Im ROV/BFP,50HzT,M352a,x,
P150,,,,,AC,,,,,,,,,1,2029,40,,66,,,,,,,,,line,BBPIG,44,Wolkramshausen – Vieselbach,Wolkramshausen,,Vieselbach,,,,Bestand,,,66,380,Errichtung einer Leitung: Ersatz- neubau,Leitung,,,TH,NV,,,,"2028,
2029",2: Im ROV/BFP,50HzT,M463,x,
P159,,,,,AC,,,,,,,,,1,2029,40,,13,,,,,,,,,line,BBPIG,67,Bürstadt – BASF,Bürstadt,,Punkt Roxheim,,,8.3924707 49.567742900000006,Bestand,,,13,380,Errichtung einer Leitung: Parallelneubau,Leitung,,,"HE, RP",NVA,,,,"2028,
2029",1: Vorbereitung Pla- nungs- und Geneh- migungsverfahren,AMP,M62,x,"BASF build in future, Connection to BASF direct"
P159,,,,,AC,,,,,,,,,1,2029,40,,5,,,,,,,,,line,BBPIG,67,Bürstadt – BASF,Punkt Roxheim,,BASF,,8.3924707 49.567742900000006,,Ausbau,,5,,380,Errichtung einer Leitung: Neubau in neuer Trasse,Leitung,,,"HE, RP",NVA,,,,2029,1: Vorbereitung Pla- nungs- und Geneh- migungsverfahren,AMP,M62,x,BASF build in future
P161,,,,,AC,,,,,,,,,1,2029,40,,24,,,,,,,,,line,BBPIG,66,Großkrotzenburg– Urberach,Großkrotzenburg,,Dettingen,,,,Bestand,,,24,380,Umbeseilung,Leitung,,,HE,NV,,,,2029,1: Vorbereitung Pla- nungs- und Geneh- migungsverfahren,"AMP, TTG",M91,x,
P161,,,,,AC,,,,,,,,,1,2028,40,,,,,,,,,,,line,BBPIG,66,,Dettingen,,Urberach,,,,Bestand,,,*,380,Umbeseilung,Leitung,,,HE,NV,,,,"2027,
2028",1: Vorbereitung Pla- nungs- und Geneh- migungsverfahren,"AMP, TTG",M91,x,
P170,,,,,AC,,,,,,,,,1,2028,40,,34,,,,,,,,,line,TYNDP,244,Uchtelfangen – Ensdorf – Bundesgrenze (FR),Uchtelfangen,,Ensdorf,,,,Bestand,,,34,380,Umbeseilung,Leitung,,,SL,NV,,,,"2027,
2028",1: Vorbereitung Planungs- und Genehmigungsverfahren,AMP,M380,,between Germany and France
P170,,,,,AC,,,,,,,,,1,2030,40,,,,,,,,,,,line,TYNDP,244,,Ensdorf,,Punkt Oranna (Bundesgrenze (FR)),,,6.666833 49.270300,Bestand,,,*,380,Umbeseilung,Leitung,,,SL,NV,,,,2030,1: Vorbereitung Planungs- und Genehmigungsverfahren,AMP,M380,,between Germany and France
P175,,,,,AC,,,,,5400,,,,1,2030,40,,15,6,,2,,,,,,line,BBPIG,73,Wilhelmshaven 2 – Fedderwarden,Wilhelmshaven,,Fedderwarden,,,,Ausbau,,15,,380,Errichtung einer Leitung: Neubau in neuer Trasse,Leitung,5400,6,NI,,,,,2030,1: Vorbereitung Pla- nungs- und Geneh- migungsverfahren,TTG,M385,x,each 4000A
P175,,,,,AC,,,,,5400,,,,1,2029,40,,36,6,,2,,,,,,line,BBPIG,73,"Wilhelmshaven 2
– Conneforde",Wilhelmshaven,,Conneforde,,,,Bestand,,,36,380,Errichtung einer Leitung: Ersatz- neubau,Leitung,5400,6,NI,NV,,,,2029,1: Vorbereitung Pla- nungs- und Geneh- migungsverfahren,TTG,M466,x,each 4000A
P176,,,,,AC,,,,,,,,,1,2029,40,,18,,,,,,,,,line,BBPIG,72,Eichstetten – Bundesgrenze [FR],Eichstetten,,Um Muhlbach (Bundesgrenze [FR]),,,7.555059 47.906769,Bestand,,,18,380,Errichtung einer Leitung: Ersatz- neubau,Leitung,,,BW,NV,x,,,2029,1: Vorbereitung Pla- nungs- und Geneh- migungsverfahren,TNG,M387,x,
P200,,,,,AC,,,,,,,,,1,2026,40,,16,6,,2,,,,,,line,BBPIG,74,Punkt Blatzheim– Oberzier,Oberzier,,Punkt Blatzheim,,,6.6481563 50.8671638,Bestand,,,16,380,Errichtung einer Leitung: Ersatz- neubau,Leitung,,6,NW,NV,,,,2026,3: Vor oder im PFV/ Genehmigung nach BImSchG,AMP,M425,x,two additional circuits?
P204,,,,,AC,,,,,,,,,1,2027,40,,4,,,,,,,,,line,TYNDP,231,Tiengen – Bundesgrenze (CH),Tiengen,,Bundesgrenze (CH),,,8.232110 47.561637,Bestand,,,4,380,Errichtung einer Leitung: Ersatzneubau,Leitung,,,BW,NV,,,,"2025,
2027",,AMP,M430,,Germany and Swizerland
P206,,,,,AC,,,,,,,,,1,2030,40,,140,6,,2,,,,,,line,BBPIG,23,Herbertingen – Kreis Konstanz – Beuren – Gurtweil / Tiengen,Herbertingen,,Kreis Konstanz,,,9.271842295811792 47.91448781138595,Bestand,,,140,380,Errichtung einer Leitung: Ersatz- neubau,Leitung,,6,BW,NV,,,,2030,1: Vorbereitung Pla- nungs- und Geneh- migungsverfahren,"AMP, TNG",M417,x,
P206,,,,,AC,,,,,,,,,1,2032,40,,,6,,2,,,,,,line,BBPIG,23,,Kreis Konstanz,,Beuren,,9.271842295811792 47.91448781138595,,Bestand,,,*,380,Errichtung einer Leitung: Ersatz- neubau,Leitung,,6,BW,NV,,,,"2030,
2032",1: Vorbereitung Pla- nungs- und Geneh- migungsverfahren,"AMP, TNG",M417,x,
P206,,,,,AC,,,,,,,,,1,2032,40,,,6,,2,,,,,,line,BBPIG,23,,Beuren,,Tiengen,,,,Bestand,,,*,380,Errichtung einer Leitung: Ersatz- neubau,Leitung,,6,BW,NV,,,,"2030,
2032",1: Vorbereitung Pla- nungs- und Geneh- migungsverfahren,"AMP, TNG",M417,x,
P211,,,,,AC,,,,,5400,,,,1,2032,40,,51,,,,,,,,,line,BBPIG,65,Gießen / Nord – Karben,Gießen Nord,,Karben,,,,Bestand,,,51,380,Umbeseilung,Leitung,5400,,HE,NV,,,,"2030,
2032",,TTG,M434,x,each 4000A
P212,,,,,AC,,,,,5400,,,,1,2031,40,,73,,,,,,,,,line,,,Landesbergen – Grohnde,Landesbergen,,Grohnde,,,,Bestand,,,73,380,Umbeseilung,Leitung,5400,,NI,NV,,,,"2030,
2031",,TTG,M797,,Each 4000A
P212,,,,,AC,,,,,5400,,,,1,2040,40,,57,,,,,,,,,line,,,Grohnde – Vörden – Würgassen,Grohnde,,Vörden,,,,Bestand,,,57,380,Umbeseilung,Leitung,5400,,"NI, NW",NV,,,,2040,,TTG,M435,,Each 4000A
P212,,,,,AC,,,,,5400,,,,1,2040,40,,,,,,,,,,,line,,,,Vörden,,Würgassen,,,,Bestand,,,*,380,Umbeseilung,Leitung,5400,,"NI, NW",NV,,,,2040,,TTG,M435,,Each 4000A
P212,,,,,AC,,,,,5400,,,,1,2040,40,,57,,,,,,,,,line,,,Würgassen – Sanders- hausen / Ost – Bergshausen,Würgassen,,Sandershausen/Ost,,,,Bestand,,,57,380,Umbeseilung,Leitung,5400,,"NW, HE",NV,,,,2040,,TTG,M472,,Each 4000A
P212,,,,,AC,,,,,5400,,,,1,2040,40,,,,,,,,,,,line,,,,Sandershausen/Ost,,Bergshausen,,,,Bestand,,,*,380,Umbeseilung,Leitung,5400,,"NW, HE",NV,,,,2040,,TTG,M472,,Each 4000A
P212,,,,,AC,,,,,5400,,,,1,2040,40,,30,,,,,,,,,line,,,Bergshausen – Borken,Bergshausen,, Borken,,,,Bestand,,,30,380,Umbeseilung,Leitung,5400,,HE,NV,,,,2040,,TTG,M473,,Each 4000A
P215,,,,,AC,,,,,,,,,1,2040,40,,68,,,,,,,,,line,BBPIG,52,Güstrow – Bentwisch– Suchraum Gemeinden Sanitz/ Dettmannsdorf,Güstrow,,Bentwisch,,,,Bestand,,,68,380,Errichtung einer Leitung: Ersatz- neubau,Leitung,,,MV,NV,,,,2040,1: Vorbereitung Pla- nungs- und Geneh- migungsverfahren,50HzT,M454,x,
P215,,,,,AC,,,,,,,,,1,2030,40,,,,,,,,,,,line,BBPIG,52,,Bentwisch,,Sanitz Dettmannsdorf,,,12.456474 54.075519,Bestand,,,*,380,Errichtung einer Leitung: Ersatz- neubau,Leitung,,,MV,NV,,,,"2029,
2030",1: Vorbereitung Pla- nungs- und Geneh- migungsverfahren,50HzT,M454,x,
P216,,,,,AC,,,,,,,,,1,2030,40,,90,,,,,,,,,line,BBPIG,53,Güstrow – Siedenbrünzow – Iven/Krusenfelde/Krien/ Spantekow/Wer- der/Bartow,Güstrow,,Siedenbrünzow,,,,Bestand,,,90,380,Errichtung einer Leitung: Ersatz- neubau,Leitung,,,MV,NV,,,,"2029,
2030",1: Vorbereitung Pla- nungs- und Geneh- migungsverfahren,50HzT,M455,x,
P216,,,,,AC,,,,,,,,,1,2033,40,,,,,,,,,,,line,BBPIG,53,,Siedenbrünzow,,Iven,,,,Bestand,,,*,380,Errichtung einer Leitung: Ersatz- neubau,Leitung,,,MV,NV,,,,"2032,
2033",1: Vorbereitung Pla- nungs- und Geneh- migungsverfahren,50HzT,M455,x,
P216,,,,,AC,,,,,,,,,1,2033,40,,62,,,,,,,,,line,BBPIG,53,Iven/Krusenfelde/Krien/ Spantekow/ Werder/Bartow – Pasewalk / Nord– Pasewalk,Iven,,Pasewalk,,,,Bestand,,,62,380,Errichtung einer Leitung: Ersatz- neubau,Leitung,,,MV,NV,,,,"2032,
2033",1: Vorbereitung Pla- nungs- und Geneh- migungsverfahren,50HzT,M523,x,
P221,,,,,DC,,,,,700,,,,1,2030,40,,35,2,,1,,,,,,line,TYNDP,267,50Hz T-Regalzone - Südschweden,Umspannwerk Güstrow,,Südschweden,,,16.277634034498558 61.35776074926747,Ausbau,,35,,,Errichtung einer Leitung: Neubau in neuer Trasse,Leitung,1400,,MV,,,,,"2029,
2030",,50HzT,M461a,,"HDVC, 700 MW( Ausbau von 700W auf 1,4GW)"
P222,,,,,AC,,,,,5400,,,,1,2035,40,,47,6,,2,,,,,,line,BBPIG,47,Oberbachern – Ottenhofen,Oberbachern,,Ottenhofen,,,,Bestand,,,47,380,Errichtung einer Leitung: Ersatz- neubau,Leitung,5400,6,BY,NV,,,,2035,2: Im ROV/BFP,TTG,M461,x,each 4000A
P223,,,,,AC,,,,,5400,,,,1,2029,40,,147,,,,,,,,,line,,,Güstrow – Wessin – Görries– Klein Rogahn– Krümmel,Güstrow,,Wessin,,,,Bestand,,,147,380,Umbeseilung,Leitung,5400,,"MV, SH",NV,,,,"2027,
2029",,50HzT,M462a,x,Each 4000A
P223,,,,,AC,,,,,5400,,,,1,2030,40,,,,,,,,,,,line,,,,Wessin,,Görries,,,,Bestand,,,*,380,Umbeseilung,Leitung,5400,,"MV, SH",NV,,,,2030,,50HzT,M462a,x,Each 4000A
P223,,,,,AC,,,,,5400,,,,1,2030,40,,,,,,,,,,,line,,,,Görries,,Krümmel,,,,Bestand,,,*,380,Umbeseilung,Leitung,5400,,"MV, SH",NV,,,,2030,,50HzT,M462a,x,Each 4000A
P225,,,,,AC,,,,,5400,,,,1,2030,40,,8,9,,3,,,,,,line,BBPIG,77,Altheim – Isar,Altheim,,Isar,,,,Ausbau,,8,,380,Errichtung einer Leitung: Neubau in neuer Trasse,Leitung,5400,9,BY,,,,,2030,1: Vorbereitung Pla- nungs- und Geneh- migungsverfahren,TTG,M464a,x,4000A
P227,,,,,AC,,,,,,,,,1,2030,40,,80,6,,2,,,,,,line,,,Lübeck / West – Krümmel,Lübeck,,Krümmel,,,,Ausbau,,80,,380,Errichtung einer Leitung: Neubau in neuer Trasse,Leitung,,6,SH,,,,,"2029,
2030",-,TTG,M468,,
P228,,,,,AC,,,,,,,,,1,2040,40,,98,6,,2,,,,,,line,BBPIG,59,Landesbergen – Lehrte / Lahe – Mehrum / Nord,Landesbergen,,Lehrte,,,,Bestand,,,98,380,Errichtung einer Leitung: Ersatzneubau,Leitung,,6,NI,NV,,,,2040,1: Vorbereitung Planungs- und Genehmigungsverfahren,TTG,M469a,x,
P228,,,,,AC,,,,,,,,,1,2032,40,,,6,,2,,,,,,line,BBPIG,59,,Lehrte,,Mehrum,,,,Bestand,,,*,380,Errichtung einer Leitung: Ersatz- neubau,Leitung,,6,NI,NV,,,,"2031,
2032",1: Vorbereitung Planungs- und Genehmigungsverfahren,TTG,M469a,x,
P252,,,,,AC,,,,,,,,,1,2032,40,,4,,,,,,,,,line,,,(Marzahn – Punkt Biesdorf/Süd) – Wuhlheide,Marzahn,,Punkt Biesdorf Süd,,,13.540792300000001 52.4979439,Bestand,,,4,380,Errichtung einer Leitung: Ersatzneubau,Leitung,,,BE,NV,,,,"2031,
2032",-,50HzT,M534a,x,
P252,,,,,AC,,,,,,,,,1,2032,40,,4,,,,,,,,,line,,,(Marzahn – Punkt Biesdorf/Süd) – Wuhlheide,Punkt Biesdorf Süd,,Wuhlheide,,13.540792300000001 52.4979439,,Bestand,,,4,380,Errichtung einer Leitung: Ersatzneubau,Leitung,,,BE,NV,,,,"2031,
2032",-,50HzT,M534a,x,
P302,,,,,AC,,,,,,,,,1,2035,40,,46,,,,,,,,,line,BBPIG,68,Höpfingen – Hüffenhardt,Höpfingen,,Hüffenhardt,,,,Bestand,,,46,380,Änderung oder Erweiterung einer Leitung: Zu- oder Umbeseilung,Leitung,,,BW,NV,,,,"2030-
2035",1: Vorbereitung Planungs- und Genehmigungsverfahren,TNG,M511,x,
P306,,,,,AC,,,,,,,,,1,2030,40,,39,,,,,,,,,line,,,Großgartach – Pulverdingen,Großgartach,,Pulverdingen,,,,Bestand,,,39,380,"Errichtung einer Leitung: Ersatzneubau, Parallelneubau, Änderung oder Erweiterung einer Leitung: Zu- oder Umbeseilung",Leitung,,,BW,NV,,,,2030,,TNG,M518,x,TransnetBW
P313,,,,,AC,,,,,,,,,1,2035,40,,15,,,,,,,,,line,TYNDP,225,Deutschland - Belgien,Dahlem,,Punkt Gramme (Belgien),,,4.798653786209867 50.74318840599844,Bestand,,,15,,"Errichtung einer
Leitung: Neubau in
neuer Trasse",Leitung,,,NW,,,,,2035,,AMP,M488,,HVDC
P315,,,,,AC,,,,,,,,,1,2035,40,,94,6,,2,,,,,,line,BBPIG,63,Hanekenfähr – Gronau,Hanekenfähr,,Gronau,,,,Bestand,,,94,380,"Errichtung einer Leitung: Ersatzneubau,
Errichtung einer Leitung: Paral- lelneubau",Leitung,,6,"NI, NW",NV,,,,2035,1: Vorbereitung Pla- nungs- und Geneh- migungsverfahren,AMP,M491,x,
P328,,,,,DC,,,,,1400,,,,1,2034,40,,200,,,,,,,,,line,BBPIG,70,Fedderwarden – Großbritannien,Fedderwarden,,Punkt Großbritannien,,,0.705413 51.537907,Ausbau,,200,,380,Errichtung einer Leitung: Neubau in neuer Trasse,Leitung,,,NI,,x,,,"2033,
2034",3: Vor oder im PFV/ Genehmigung nach BImSchG,(TTG),M534,x,
P330,,,,,AC,,,,,,,,,1,2025,40,,42.3,,,,,,,,,line,,,Punkt Rittershausen – Höpfingen,Punkt Rittershausen,,Höpfingen,,9.984653100000001 49.6042379 ,,Bestand,,,42.3,,Änderung oder Erweiterung einer Leitung: Zu- oder Umbe- seilung,Leitung,,,"BY, BW",NV,,,,2025,,TNG,M550,x,
P355,,,,,AC,,,,,,,,,1,2035,40,,125,6,,2,,,,,,line,,,Netzverstärkung Neuenhagen – Heinersdorf – Eisenhüttenstadt – Preilack,Neuenhagen,,Heinersdorf,,,,Bestand,,,125,380,Errichtung einer Leitung: Ersatz- neubau,Leitung,,6,BB,NV,,,,2035,,50HzT,M599,,
P355,,,,,AC,,,,,,,,,1,2035,40,,,6,,2,,,,,,line,,,,Heinersdorf,,Eisenhüttenstadt,,,,Bestand,,,*,380,Errichtung einer Leitung: Ersatz- neubau,Leitung,,6,BB,NV,,,,2035,,50HzT,M599,,
P355,,,,,AC,,,,,,,,,1,2035,40,,,6,,2,,,,,,line,,,,Eisenhüttenstadt,,Preilack,,,,Bestand,,,*,380,Errichtung einer Leitung: Ersatz- neubau,Leitung,,6,BB,NV,,,,2035,,50HzT,M599,,
P359,,,,,AC,,,,,,,,,1,2035,40,,37,,,,,,,,,line,BBPIG,60,Stendal / West – Wolmirstedt,Stendal West,,Wolmirstedt,,,,Bestand,,,37,380,Änderung oder Erweiterung einer Leitung: Zu- oder Umbe- seilung,Leitung,,,ST,NV,,,,2035,1: Vorbereitung Pla- nungs- und Geneh- migungsverfahren,50HzT,M571,x,
P367,,,,,AC,,,,,,,,,1,2030,40,,26,3,,1,,,,,,line,TYNDP,1047,Emden / Ost – Eemshaven (Grenze DE / NL),Emden-Borssum,,Punkt Eemshaven (Grenze DE / NL),,,6.820347 53.451461,Ausbau,,26,,380,Errichtung einer Leitung: Neubau in neuer Trasse,Leitung,,3,NI,,x,,,"2029,
2030",,,,,
P402,,,,,AC,,,,,,,,,1,2035,40,,126,,,,,,,,,line,,,Westerkappeln – Gersteinwerk,Westerkappeln,,Gersteinwerk,,,,Ausbau,,126,,380,Errichtung einer Leitung: Neubau in neuer Trasse,Leitung,,,NW,,,,,2035,,AMP,M602,x,
P403,,,,,AC,,,,,,,,,1,2033,40,,25,,,,,,,,,line,BBPIG,64,Hattingen – Linde,Hattingen,,Linderhausen,,,7.296832527811758 51.29789776578129,Bestand,,,25,380,Errichtung einer Leitung: Ersatz- neubau,Leitung,,,NW,NV,,,,2033,1: Vorbereitung Pla- nungs- und Geneh- migungsverfahren,AMP,M603,x,
P403,,,,,AC,,,,,,,,,1,2033,40,,,,,,,,,,,line,BBPIG,64,,Linderhausen,,Linde,,7.296832527811758 51.29789776578129,,Bestand,,,*,380,Errichtung einer Leitung: Ersatz- neubau,Leitung,,,NW,NV,,,,"2032,
2033",1: Vorbereitung Pla- nungs- und Geneh- migungsverfahren,AMP,M603,x,
P406,,,,,AC,,,,,,,,,1,2033,40,,10,,,,,,,,,line,BBPIG,71,Aach – Bofferdange,Aach,,Punkt Bofferdange,,6.5771198 49.770576600000005,6.498837300000001 49.734815000000005,Bestand,,,10,380,Errichtung einer Leitung: Ersatz- neubau,Leitung,,,RP,NV,x,,,"2032,
2033",1: Vorbereitung Pla- nungs- und Geneh- migungsverfahren,AMP,M606,x,
P408,,,,,AC,,,,,,,,,1,2027,40,,13,,,,,,,,,line,,,Eiberg – Bochum,Station Eiberg,,Bochum,,,,Bestand,,,13,380,Errichtung einer Leitung: Ersatz- neubau,Leitung,,,NW,NV,,,,"2026,
2027",,AMP,M621,x,
P408,,,,,AC,,,,,,,,,1,2035,40,,11,,,,,,,,,line,,,Bochum – Hattingen,Bochum,,Hattingen,,,,Bestand,,,11,380,Errichtung einer Leitung: Ersatz- neubau,Leitung,,,NW,NV,,,,2035,,AMP,M622,x,
P408,,,,,AC,,,,,,,,,1,2035,40,,33,,,,,,,,,line,,,Emscherbruch – Bochum / Eiberg,Emscherbruch,,Station Eiberg,,7.208340 51.561170,,Bestand,,,33,380,Änderung oder Erweiterung einer Leitung: Zu- oder Umbe- seilung,Leitung,,,NW,NV,,,,2035,,AMP,M744,x,
P450,,,,,AC,,,,,,,,,1,2035,40,,98,,,,,,,,,line,BBPIG,60,Putlitz / Süd – Putlitz – Perleberg – Stendal / West,Putlitz Süd,,Putlitz,,,,Bestand,,,98,380,Änderung oder Erweiterung einer Leitung: Zu- oder Umbe- seilung,Leitung,,,"BB, ST",NV,,,,2035,1: Vorbereitung Pla- nungs- und Geneh- migungsverfahren,50HzT,M678,x,"HTLS, strengthened existing 380"
P450,,,,,AC,,,,,,,,,1,2030,40,,,,,,,,,,,line,BBPIG,60,,Putlitz,,Perleberg,,,,Bestand,,,*,380,Änderung oder Erweiterung einer Leitung: Zu- oder Umbe- seilung,Leitung,,,"BB, ST",NV,,,,"2029,
2030",1: Vorbereitung Pla- nungs- und Geneh- migungsverfahren,50HzT,M678,x,"HTLS, strengthened existing 380"
P450,,,,,AC,,,,,,,,,1,2030,40,,,,,,,,,,,line,BBPIG,60,,Perleberg,,Stendal West,,,,Bestand,,,*,380,Änderung oder Erweiterung einer Leitung: Zu- oder Umbe- seilung,Leitung,,,"BB, ST",NV,,,,"2029,
2030",1: Vorbereitung Pla- nungs- und Geneh- migungsverfahren,50HzT,M678,x,"HTLS, strengthened existing 380"
P450,,,,,AC,,,,,,,,,1,2030,40,,152,,,,,,,,,line,BBPIG,60,Güstrow – Siedenbrünzow – Putlitz / Süd,Güstrow,,Siedenbrünzow,,,,Bestand,,,152,380,Änderung oder Erweiterung einer Leitung: Zu- oder Umbe- seilung,Leitung,,,"MV, BB",NV,,,,"2029,
2030",,50HzT,M786,x,"HTLS, strengthened existing 380"
P450,,,,,AC,,,,,,,,,1,2035,40,,,,,,,,,,,line,BBPIG,60,,Siedenbrünzow,,Putlitz Süd,,,,Bestand,,,*,380,Änderung oder Erweiterung einer Leitung: Zu- oder Umbe- seilung,Leitung,,,"MV, BB",NV,,,,2035,,50HzT,M786,x,"HTLS, strengthened existing 380"
P451,,,,,AC,,,,,,,,,1,2035,40,,22,,,,,,,,,line,BBPIG,62,Graustein – Bärwalde,Graustein,,Bärwalde,,,,Bestand,,,22,380,Änderung oder Erweiterung einer Leitung: Zu- oder Umbe- seilung,Leitung,,,"BB, SN",NV,,,,2035,3: Vor oder im PFV/ Genehmigung nach BImSchG,50HzT,M681,x,"HTLS, strengthened existing 380"
P462,,,,,AC,,,,,,,,,1,2030,40,,24,,,,,,,,,line,BBPIG,75,Aachen – Netzerweiterung,Verlautenheide,,Zukunft,,,,Bestand,,,24,380,"Errichtung einer Leitung: Ersatzneubau, Änderung oder Erweiterung einer Leitung: Zu- oder Umbe- seilung",Leitung,,,NW,NV,,,,2030,1: Vorbereitung Pla- nungs- und Geneh- migungsverfahren,AMP,M689,x,600MW into 110kV grid
P462,,,,,AC,,,,,,,,,1,2028,40,,,,,,,,,,,line,BBPIG,75,,Zukunft,,Siersdorf,,,,Bestand,,,*,380,"Errichtung einer Leitung: Ersatzneubau, Änderung oder Erweiterung einer Leitung: Zu- oder Umbe- seilung",Leitung,,,NW,NV,,,,"2027,
2028",1: Vorbereitung Pla- nungs- und Geneh- migungsverfahren,AMP,M689,x,600MW into 110kV grid
P464,,,,,AC,,,,,,,,,1,2028,40,,3.7,6,,2,,,,,,line,,,Neubau Punkt Fraulautern – Saarwellingen,Punkt Fraulautern,,Saarwellingen,,6.797040300000001 49.335446100000006,,Bestand,,,3.7,80,"Errichtung einer Leitung: Ersatzneubau, Änderung oder Erweiterung einer Leitung: Zu- oder Umbeseilung",Leitung,,6,SL,NV,,,,"2027,
2028",,AMP,M691,x,two circute
P464,,,,,AC,,,,,,,,,1,2028,40,,0.9,9,,3,,,,,,line,,,Neubau Diefflen – Saarwellingen,Saarwellingen,,Dieffeln,,,,Bestand,,,0.9,380,"Errichtung einer Leitung: Ersatzneubau, Änderung oder Erweiterung einer Leitung: Zu- oder Umbe- seilung",Leitung,,9,SL,NV,,,,2028,,AMP,M691,x,three circute
P500,,,,,AC,,,,,,,,,1,2028,40,,29.5,,,,,,,,,line,,,Aschaffenburg – Urberach,Aschaffenburg,,Urberach,,,,Ausbau,,29.5,,380,Errichtung einer Leitung: Neubau in neuer Trasse,Leitung,,,"BY, HE",NVA,,,,2028,,"AMP, TTG",M737,x,Nur zwischen Aschaffenburg und Urberach
P501,,,,,AC,,,,,,,,,1,2035,40,,34,,,,,,,,,line,,,Gersteinwerk – Lippe – Mengede,Gersteinwerk,,Lippe,,,,Bestand,,,34,380,Errichtung einer Leitung: Ersatz- neubau,Leitung,,,NW,NV,,,,2035,,AMP,M740,x,
P501,,,,,AC,,,,,,,,,1,2035,40,,,,,,,,,,,line,,,Gersteinwerk – Lippe – Mengede,Lippe,,Mengede,,,,Bestand,,,*,380,Errichtung einer Leitung: Ersatz- neubau,Leitung,,,NW,NV,,,,2035,,AMP,M740,x,
P502,,,,,AC,,,,,,,,,1,2035,40,,8.5,,,,,,,,,line,,,Walsum – Beeck,Walsum,,Beeck,,,,Bestand,,,8.5,380,Errichtung einer Leitung: Ersatz- neubau,Leitung,,,NW,NV,,,,2035,,AMP,M741,x,
P503,,,,,AC,,,,,,,,,1,2028,40,,26.6,,,,,,,,,line,,,Niederrhein – Walsum,Niederrhein,,Wehofen,,,,Bestand,,,26.6,380,Änderung oder Erweiterung einer Leitung: Zu- oder Umbe- seilung,Leitung,,,NW,NV,,,,"2027 /
2028",,AMP,M742,x,Umstellung von 220 kV
P503,,,,,AC,,,,,,,,,1,2035,40,,,,,,,,,,,line,,,,Wehofen,,Walsum,,,,Bestand,,,*,380,Änderung oder Erweiterung einer Leitung: Zu- oder Umbe- seilung,Leitung,,,NW,NV,,,,2035,,AMP,M742,x,Umstellung von 220 kV
P504,,,,,AC,,,,,,,,,1,2035,40,,77,,,,,,,,,line,,,Sechtem – Weissenthurm,Sechtem,,Liessem,,,,Bestand,,,77,380,Änderung oder Erweiterung einer Leitung: Zu- oder Umbe- seilung,Leitung,,,"NW, RP",NV,,,,2035,,AMP,M743,x,Umbeseilung
P504,,,,,AC,,,,,,,,,1,2030,40,,,,,,,,,,,line,,,,Liessem,,Weissenthurm,,,,Bestand,,,*,380,Änderung oder Erweiterung einer Leitung: Zu- oder Umbe- seilung,Leitung,,,"NW, RP",NV,,,,2030,,AMP,M743,x,Umbeseilung
P505,,,,,AC,,,,,,,,,1,2030,40,,22,,,,,,,,,line,,,Netzverstärkung Niederstedem – Bauler – Bundesgrenze,Niederstedem,,Bauler (Border),,,6.176680 49.953800,Bestand,,,22,,Änderung oder Erweiterung einer Leitung: Zu- oder Umbe- seilung,Leitung,,,RP,NV,,,,2030,,AMP,M754,x,"HTLS, existing is 220kV"
P505,,,,,AC,,,,,,,,,1,2030,40,,,,,,,,,,,line,,,,Bauler (Border),,Deutsch - luxemburgischen (border),,6.176680 49.953800,6.113853 49.905615,Bestand,,,*,,Änderung oder Erweiterung einer Leitung: Zu- oder Umbe- seilung,Leitung,,,RP,NV,,,,2030,,AMP,M754,x,"HTLS, existing is 220kV"
P509,,,,,AC,,,,,,,,,1,2030,40,,60,,,,,,,,,line,,,Limburg – Eschborn – Kriftel,Limburg,,Westerbach,,,,Ausbau,,60,,380,"Errichtung einer Leitung: Neubau in neuer Trasse, Änderung oder Erweiterung einer Leitung: Zu- oder Umbe- seilung",Leitung,,,HE,NVA,,,,2030,,AMP,M784,,
P509,,,,,AC,,,,,,,,,1,2040,40,,10,,,,,,,,,line,,,,Westerbach,,Kriftel,,,,Bestand,,,10,380,"Errichtung einer Leitung: Neubau in neuer Trasse, Änderung oder Erweiterung einer Leitung: Zu- oder Umbe- seilung",Leitung,,,HE,NVA,,,,2040,,AMP,M784,,
P528,,,,,AC,,,,,,,,,1,2040,40,,59,,,,,,,,,line,,,Netzverstärkung Lauchstädt – Leuna / Merse- burg / Weißenfels– Pulgar,Lauchstädt,,Pulgar,,,,Bestand,,,59,380,Errichtung einer Leitung: Ersatz- neubau,Leitung,,,"ST, SN",NV,,,,2040,,50HzT,M750,,
P531,,,,,AC,,,,,,,,,1,2040,40,,25,6,,2,,,,,,line,,,Thyrow – Mahlow – Berlin / Südost - Lichterfelde – Mitte,Thyrow,,Mahlow,,,13.395613 52.353889,Bestand,,,25,380,"Errichtung einer Leitung: Neubau in neuer Trasse, Errichtung einer Leitung: Ersatz- neubau",Leitung,,6,"BB, BE",NVA,,,,2040,,50HzT,M531a,x,
P531,,,,,AC,,,,,,,,,1,2035,40,,,6,,2,,,,,,line,,,,Mahlow,,Umspannwerk Schönefeld Nord,,13.395613 52.353889,,Bestand,,,*,380,"Errichtung einer Leitung: Neubau in neuer Trasse, Errichtung einer Leitung: Ersatz- neubau",Leitung,,6,"BB, BE",NVA,,,,"2030-
2035",,50HzT,M531a,x,
P531,,,,,AC,,,,,,,,,1,2035,40,,20,6,,2,,,,,,line,,,,Mahlow,,Lichterfelde,,13.432194200000001 52.348807400000005,,Ausbau,,20,,380,"Errichtung einer Leitung: Neubau in neuer Trasse, Errichtung einer Leitung: Ersatz- neubau",Leitung,,6,"BB, BE",NVA,,,,"2030-
2035",,50HzT,M531a,x,
P531,,,,,AC,,,,,,,,,1,2035,40,,,6,,2,,,,,,line,,,,Lichterfelde,,Mitte,,,,Ausbau,,*,,380,"Errichtung einer Leitung: Neubau in neuer Trasse, Errichtung einer Leitung: Ersatz- neubau",Leitung,,6,"BB, BE",NVA,,,,"2030-
2035",,50HzT,M531a,x,
P531,,,,,AC,,,,,,,,,1,2035,40,,18,,,,,,,,,line,,,Malchow – Moabit – Reuter,Malchow,,Moabit,,,,Ausbau,,18,,380,Errichtung einer Leitung: Neubau in neuer Trasse,Leitung,,,BE,,,,,"2030-
2035",,50HzT,M531b,x,
P531,,,,,AC,,,,,,,,,1,2035,40,,,,,,,,,,,line,,,Malchow – Moabit – Reuter,Moabit,, Reuter,,,,Ausbau,,*,,380,Errichtung einer Leitung: Neubau in neuer Trasse,Leitung,,,BE,,,,,"2030-
2035",,50HzT,M531b,x,
