scn_name,line_id,bus0,bus1,type,carrier,x,r,g,b,s_nom,s_nom_extendable,s_nom_min,s_nom_max,s_max_pu,build_year,lifetime,capital_cost,length,cables,terrain_factor,num_parallel,v_ang_min,v_ang_max,v_nom,geom,topo,Project,Project_id,Startpoint,start point test,Endpoint,End point test,Ausbau,Bestand,subst_name0,matching1%,matching2%,Coordinate0,subst_name1,Coordinate1,Voltage,s_nom.1,NOVA-Type,Comments
50HzT-003,29301,33678,34267,,AC,,,,,,,,,1,2022,40,,72.68764266,3,,,,,,,,EnLAG,3,Neuenhagen,,Vierraden,Vierraden,56,64,Umspannwerk Neuenhagen,62.5,100,13.710158941385528 52.53912561098884,Vierraden,14.268068804447122 53.09805938715533,72.68764266,380,,"Errichtung einer Leitung: Neubau in neuer Trasse;
Errichtung einer Lei-
tung: Ersatzneubau"
50HzT-003,29302,34267,31612,,AC,,,,,,,,,1,2022,40,,26.95832782,3,,,,,,,,EnLAG,3,Vierraden,,Bertikow,Bertikow,,,Vierraden,100,57.14,14.268068804447122 53.09805938715533,Umspannwerk Bertikow,13.957017873623581 53.25217590677972,26.95832782,380,,"Errichtung einer Leitung: Neubau in neuer Trasse;
Errichtung einer Lei-
tung: Ersatzneubau"
50HzT-007,29303,,,,AC,,,,,,,,,1,2023,40,,,3,,,,,,,,EnLAG,11,Neuenhagen  ,2. Einschleifung Vierraden,Wustemark,,,,,,,,,,52.10015179,380,,"Errichtung einer Leitung: Neubau in neuer Trasse;
Errichtung einer Lei-
tung: Ersatzneubau"
50HzT-P33,29304,31318,31321,,AC,,,,,,,,,1,2022,40,,44.44590563,3,,,,,,,,BBPIG,10,Wolmirstedt,Umspannwerk Neuenhagen,Helmstedt,Wustermark,14,61,Umspannwerk Wolmirstedt,64.71,60,11.6401668419024 52.26899390911886,Umspannwerk Helmstedt,10.999333070802122 52.20014201370701,44.44590563,380,2366.6MVA,Ã„nderung oder Erweiterung einer Leitung: Zu- oder Umbeseilung
50HzT-P34,29305,32614,,,AC,,,,,,,,,1,2026,40,,,,,,,,,,,BBPIG,39,Perleberg, Leutenberg,Stendal/West,Leutenberg,2,,Umspannwerk Perleberg,60,,11.852340511063945 53.08685484855226,,,58.18453088,380,,Errichtung einer Lei- tung: Ersatzneubau
50HzT-P34,29306,,,,AC,,,,,,,,,1,2026,40,,,,,,,,,,,BBPIG,39,Stendal/West,Wolmirstedt, Wolmirstedt,Landesgrenze ST/NI (Mast 6),,46,,,,,,,92.13603729,380,,Errichtung einer Lei- tung: Ersatzneubau
50HzT-P34,29307,,32614,,AC,,,,,,,,,1,2026,40,,0,,,,,,,,,BBPIG,39,Parchim / SÃ¼d,Perleberg,Perleberg,Stendal/West,,64,,,60,,Umspannwerk Perleberg,11.852340511063945 53.08685484855226,58.18453088,380,,Errichtung einer Lei- tung: Ersatzneubau
50HzT-P34,29308,31759,,,AC,,,,,,,,,1,2026,40,,,,,,,,,,,BBPIG,39,GÃ¼strow,Stendal/West,Parchim / SÃ¼d, Wolmirstedt,,37,Umspannwerk GÃ¼strow,53.85,,12.18580202996256 53.81602837061954,,,48.63425589,380,,Errichtung einer Lei- tung: Ersatzneubau
50HzT-P36,29309,,35283,,AC,,,,,,,,,1,2025,40,,126.8861651,,,,,,,,,BBPIG,11,Bertikow   ,Parchim / Süd,Pasewalk,Perleberg,,37,,,100,,Pasewalk,14.033684493013668 53.507523103743004,124.9265491,380,,Errichtung einer Lei- tung: Ersatzneubau
50HzT-P38,29310,34958,,,AC,,,,,,,,,1,2025,40,,,,,,,,,,,BBPIG,13,Pulgar,Güstrow,GeuÃŸnitz (Abschnitt Ost),Parchim / Süd,,53,Umspannwerk Pulgar,50,,12.337422954113398 51.19696836334348,,,380,,Ã„nderung oder Erweiterung einer Leitung: Zu- oder Umbeseilung,Umbeseilung:HTLS
50HzT-P38,29311,,,,AC,,,,,,,,,1,2025,40,,,,,,,,,,,BBPIG,13,GeuÃŸnitz,Bertikow   ,Bad Sulza (Abschnitt Mitte),Pasewalk,,32,,,,,,,380,,Errichtung einer Lei- tung: Ersatzneubau,
50HzT-P38,29312,,,,AC,,,,,,,,,1,2025,40,,,,,,,,,,,BBPIG,13,Bad Sulza,Pulgar,Vieselbach (Abschnitt West),Geußnitz (Abschnitt Ost),,27,,,,,,,75.62134758,380,,Errichtung einer Lei- tung: Ersatzneubau
50HzT-P39,29313,30952,,,AC,,,,,,,,,1,2026,40,,,,,,,,,,,BBPIG,14,RÃ¶hrsdorf,Geußnitz,Weida (Abschnitt Ost),Bad Sulza (Abschnitt Mitte),,41,Umspannwerk RÃ¶hrsdorf,60,,12.815082479900909 50.85868947882309,,,279.4266437,380,,Errichtung einer Lei- tung: Ersatzneubau
50HzT-P39,29314,34084,,,AC,,,,,,,,,1,2026,40,,,,,,,,,,,BBPIG,14,Weida,Bad Sulza,Remptendorf (Abschnitt West),Vieselbach (Abschnitt West),,37,Umspannwerk Weida,45.45,,12.045483740723734 50.780944014196685,,,39.31629321,380,,Errichtung einer Lei- tung: Ersatzneubau
50HzT- P180,29315,30931,31631,,AC,,,,,,,,,1,2030,40,,21.77882628,6,,,,,,,,,,Marzahn,Röhrsdorf,Teufelsbruch,Weida (Abschnitt Ost),,66,Umspannwerk Marzahn,53.85,66.67,13.524113150563279 52.53579367759632,Umspannwerk Teufelsbruch,13.211527686000428 52.58062783766221,21.77882628,380,,Errichtung einer Lei- tung: Ersatzneubau
50HzT- P180,29316,31678,31643,,AC,,,,,,,,,1,2030,40,,6.298162824,6,,,,,,,,,,Friedrichshain,Weida,Mitte,Remptendorf (Abschnitt West),,43,Friedrichshain,100,100,13.456433133865078 52.52145796286808,Mitte,13.368653475247406 52.503147509807846,319.6728787,380,,Errichtung einer Lei- tung: Ersatzneubau
50HzT- P180,29317,31643,,,AC,,,,,,,,,1,2030,40,,,6,,,,,,,,,,Mitte,Marzahn,Charlottenburg,Teufelsbruch,,28,Mitte,100,,13.368653475247406 52.503147509807846,,,312.3573401,380,,Errichtung einer Lei- tung: Ersatzneubau
50HzT- P180,29318,,32291,,AC,,,,,,,,,1,2030,40,,8.716841158,6,,,,,,,,,,Charlottenburg,Friedrichshain,Reuter,Mitte,,28,,,50,,Umspannwerk Reuter,13.249030342808782 52.53162510010523,4.637691689,380,,Errichtung einer Lei- tung: Ersatzneubau
50HzT- P213,29319,,,,AC,,,,,,,,,1,2035,40,,,6,,,,,,,,EnLAG,12,DE,Mitte,PL,Charlottenburg,,28,,,,,,,374.2366457,380,,Errichtung einer Leitung: Neubau in neuer Trasse
50HzT- P213,29320,32509,32509,,AC,,,,,,,,,1,2035,40,,0,,,,,,,,,EnLAG,12,EisenhÃ¼ttenstadt,Charlottenburg,EisenhÃ¼ttenstadt,Reuter,,28,Umspannwerk EisenhÃ¼ttenstadt,72.73,72.73,14.603938187245118 52.174864548479,Umspannwerk EisenhÃ¼ttenstadt,14.603938187245118 52.174864548479,0,380,,Errichtung einer Leitung: Neubau in neuer Trasse
50HzT- P221,29321,,,,DC,,,,,,,,,1,2026,40,,,,,,,,,,,BBP,69,DC-Kabel Hansa PowerBridge (HPB),DE,,PL,8,,,,,,,,427.1633221,380,700MW,Errichtung einer Leitung: Neubau in neuer Trasse
50HzT- P450,29322,35254,34117,,AC,,,,,,,,,1,2022,40,,68.12348115,,,,,,,,,BBP,61,Ragow,Eisenhüttenstadt,Streumen,Eisenhüttenstadt,7,,Umspannwerk Ragow,45.45,100,13.901128357714425 51.87617291731876,Streumen,13.38336317738044 51.355589851528315,68.12348115,,,horizontal
AMP-001,29323,31855,,,AC,,,,,,,,,1,2023,40,,,12,,,,,,,,EnLAG,2,Wehrendorf,DC-Kabel Hansa PowerBridge (HPB),Punkt LemfÃ¶rde,,60,,Wehrendorf,100,,8.307757038447726 52.34563570215149,,,111.0924308,380,2629.6MVA,Errichtung einer Lei- tung: Ersatzneubau
AMP-001,29324,,,,AC,,,,,,,,,1,2023,40,,,,,,,,,,,EnLAG,2,Punkt LemfÃ¶rde,Klostermansfeld, St. HÃ¼lfe,Klostermansfeld,,1,,,,,,,30.02784023,380,2629.6MVA,Errichtung einer Lei- tung: Ersatzneubau
AMP-009,29325,31097,,,AC,,,,,,,,,1,2027,40,,,3,,,,,,,,EnLAG,5,Niederrhein,Ragow,Wettringen,Streumen,,89,Station Niederrhein,73.33,,6.6807962637334715 51.646328801088394,,,447.2909313,380,,Errichtung einer Lei- tung: Ersatzneubau
AMP-009,29326,31097,,,AC,,,,,,,,,1,2027,40,,,3,,,,,,,,EnLAG,5,Niederrhein,Wehrendorf,Wettringen (Kabel),Punkt Lemförde,,33,Station Niederrhein,73.33,,6.6807962637334715 51.646328801088394,,,384.1271665,380,,Errichtung einer Lei- tung: Ersatzneubau
AMP-009,29327,,34613,,AC,,,,,,,,,1,2027,40,,129.7399493,3,,,,,,,,EnLAG,5,Wettringen,Punkt Lemförde,Meppen, St. Hülfe,,33,,,100,,Meppen,7.277153959089187 52.75324261801293,129.7399493,380,,Errichtung einer Leitung: Neubau in neuer Trasse
AMP-010,29328,,32037,,AC,,,,,,,,,1,2021,40,,119.6680429,3,,,,,,,,EnLAG,"16,18",Gaste,Niederrhein,LÃ¼stringen,Wettringen,,73,,,100,,LÃ¼stringen,8.104639054942613 52.26510433337879,451.1881599,380,,Ã„nderung oder Erweiterung einer Leitung: Zu- oder Umbeseilung
AMP-010,29329,32037,31855,,AC,,,,,,,,,1,2021,40,,16.4999809,3,,,,,,,,EnLAG,"16,18",LÃ¼stringen,Niederrhein,Wehrendorf,Wettringen (Kabel),,12,LÃ¼stringen,100,100,8.104639054942613 52.26510433337879,Wehrendorf,8.307757038447726 52.34563570215149,16.4999809,380,,Errichtung einer Lei- tung: Ersatzneubau
AMP-010,29330,32037,32097,,AC,,,,,,,,,1,2021,40,,26.58031477,3,,,,,,,,EnLAG,16.18,LÃ¼stringen,Wettringen,Hesseln,Meppen,65,,LÃ¼stringen,100,63.64,8.104639054942613 52.26510433337879,Station Hesseln,8.319013268377837 52.06589206021646,26.58031477,380,,Errichtung einer Lei- tung: Ersatzneubau
AMP-010,29331,32097,,,AC,,,,,,,,,1,2021,40,,,3,,,,,,,,EnLAG,"16,18",Hesseln,Gaste,GÃ¼tersloh,Lüstringen,,14,Station Hesseln,63.64,,8.319013268377837 52.06589206021646,,,343.6877605,380,,Errichtung einer Lei- tung: Ersatzneubau
AMP-014,29332,,,,AC,,,,,,,,,1,2021,40,,,3,,,,,,,,EnLAG,"14,15",Punkt FellerhÃ¶fe,Lüstringen,Punkt St. TÃ¶nis,Wehrendorf,,21,,,,,,,420.2967431,380,,Errichtung einer Lei- tung: Ersatzneubau
AMP-014,29333,,,,AC,,,,,,,,,1,2021,40,,,3,,,,,,,,EnLAG,"14,15",Punkt St. TÃ¶nis,Lüstringen,Punkt HÃ¼ls-West,Hesseln,,29,,,,,,,299.8586707,380,,Errichtung einer Lei- tung: Ersatzneubau
AMP-014,29334,,,,AC,,,,,,,,,1,2021,40,,,3,,,,,,,,EnLAG,"14,15",Utfort ,Hesseln,Punkt HÃ¼ls-West,Gütersloh,,29,,,,,,,297.8105822,380,,Errichtung einer Lei- tung: Ersatzneubau
AMP-014,29335,31188,31421,,AC,,,,,,,,,1,2021,40,,19.76841319,3,,,,,,,,EnLAG,"14,15",Osterath,Fellerhöfe,Gohrpunkt,St. Tönis,,7,Station Osterath,66.67,69.23,6.625829004351699 51.26061129731316,Station Gohrpunkt,6.709755946799809 51.09093247123397,19.76841319,380,,Errichtung einer Lei- tung: Ersatzneubau
AMP-014,29336,31421,31195,,AC,,,,,,,,,1,2021,40,,9.145866817,3,,,,,,,,EnLAG,"14,15",Gohrpunkt,Fellerhöfe,Rommerskirchen,St. Tönis,,7,Station Gohrpunkt,69.23,70,6.709755946799809 51.09093247123397,Umspannwerk Rommerskirchen,6.702194950358541 51.00886012106785,9.145866817,380,,Errichtung einer Lei- tung: Ersatzneubau
AMP-014,29337,,31188,,AC,,,,,,,,,1,2021,40,,19.76841319,3,,,,,,,,EnLAG,"14,15",Utfort ,Fellerhöfe,Osterath,St. Tönis,,7,,,66.67,,Station Osterath,6.625829004351699 51.26061129731316,19.76841319,380,,Errichtung einer Lei- tung: Ersatzneubau
AMP-014,29338,,,,AC,,,,,,,,,1,2021,40,,,3,,,,,,,,EnLAG,"14,15",Punkt Birkenhof,Fellerhöfe,Gellep,St. Tönis,,7,,,,,,,143.7074775,380,,Errichtung einer Lei- tung: Ersatzneubau
AMP-018,29339,31195,30904,,AC,,,,,,,,,1,2024,40,,30.39897351,3,,,,,,,,15,15,Rommerskirchen,Fellerhöfe,Sechtem,St. Tönis,,7,Umspannwerk Rommerskirchen,70,63.64,6.702194950358541 51.00886012106785,Station Sechtem,6.972459875900362 50.79563726078529,30.39897351,380,,Errichtung einer Lei- tung: Ersatzneubau
AMP-022,29340,30928,,,AC,,,,,,,,,1,2025,40,,,3,,,,,,,,EnLAG,19,Kruckel,Fellerhöfe,Ochsenkopf,St. Tönis,,7,Station Kruckel,63.64,,7.417051340500602 51.457221874784416,,,116.9763711,380,,Errichtung einer Lei- tung: Ersatzneubau
AMP-022,29341,,33983,,AC,,,,,,,,,1,2025,40,,82.80228124,3,,,,,,,,EnLAG,19,Ochsenkopf ,Fellerhöfe,Dauersberg,St. Tönis,,7,,,71.43,,Station Dauersberg,7.863758842197247 50.76808852633666,82.80228124,380,,Errichtung einer Lei- tung: Ersatzneubau
AMP-028,29342,,,,AC,,,,,,,,,1,2021,40,,,3,,,,,,,,,,Wanne,Fellerhöfe,GÃ¼nnigfeld,St. Tönis,,7,,,,,,,146.7978959,380,,Ã„nderung oder Erweiterung einer Leitung: Zu- oder Umbeseilung
AMP-028,29343,,,,AC,,,,,,,,,1,2021,40,,,3,,,,,,,,,,Emscherbruch,Rommerskirchen,Emscherbruch,Sechtem,,38,,,,,,,0,380,,fÃ¼r Dritte
AMP-032,29344,31097,30981,,AC,,,,,,,,,1,2030,40,,19.47467006,3,,,,,,,,EnLAG,14,Niederrhein,Kruckel,Utfort,Ochsenkopf,,21,Station Niederrhein,73.33,60,6.6807962637334715 51.646328801088394,Station Utfort,6.617199413011056 51.47583728028681,19.47467006,380,,Errichtung einer Lei- tung: Ersatzneubau
AMP-P21,29345,,,,AC,,,,,,,,,1,2027,40,,,,,,,,,,,BBPIG,6,Regelzonengrenze TTG/AMP,Ochsenkopf –,Merzen,Dauersberg,,105,,,,,,,455.0565554,380,,Errichtung einer Leitung: Neubau in neuer Trasse
AMP-P41,29346,,33957,,AC,,,,,,,,,1,2024,40,,192.3016181,,,,,,,,,BBPIG,15,Metternich,Wanne,Niederstedem,Günnigfeld,,5,,,75,,Station Niederstedem,6.475062982714686 49.92260878493446,192.3016181,380,,Errichtung einer Lei- tung: Ersatzneubau
AMP-P47,29347,,,,AC,,,,,,,,,1,2025,40,,,,,,,,,,,BBPIG,19,Urberach ,Emscherbruch,"Pfungstadt
",Emscherbruch,,,,,,,,,22.06139888,380,,"Errichtung einer Leitung: Neubau in neuer Trasse; Errichtung einer
Leitung: Ersatzneu- bau; Ã„nderung oder Erweiterung einer Leitung: Zu- oder Umbeseilung"
AMP-P47,29348,,34195,,AC,,,,,,,,,1,2025,40,,271.4584953,,,,,,,,,BBPIG,19,"Pfungstadt
",Niederrhein – Utfort,Weinheim,Niederrhein – Utfort,,21,,,57.14,,Umspannwerk Weinheim,8.626963252122508 49.543605582041856,49.06439316,380,,"Errichtung einer Leitung: Neubau in neuer Trasse; Errichtung einer
Leitung: Ersatzneu- bau; Ã„nderung oder Erweiterung einer Leitung: Zu- oder Umbeseilung"
AMP-P47a,29349,,,,AC,,,,,,,,,1,2024,40,,,,,,,,,,,BBPIG,76,Punkt Kriftel,Regelzonengrenze TTG/AMP,Punkt Marxheim,Merzen,31,,,,,,,,5.000891872,380,,Errichtung einer Leitung: Ersatzneu- bau
AMP-P47a,29350,,,,AC,,,,,,,,,1,2024,40,,,,,,,,,,,BBPIG,76,Punkt Hattersheim,Metternich, Farbwerke HÃ¶chst-SÃ¼d,Niederstedem,,105,,,,,,,480.1752882,380,,Leitungsneubau in bestehender 110kV-Trasse
AMP-P52,29351,,31241,,AC,,,,,,,,,1,2024,40,,444.526314,,,,,,,,,BBPIG,24,Rommelsbach,Urberach,Herbertingen,"Pfungstadt
",6,60,,,66.67,,Umspannwerk Herbertingen,9.425344076806475 48.06443972503238,233.4046835,380,,Errichtung einer Lei- tung: Ersatzneubau
AMP-P52,29352,,,,AC,,,,,,,,,1,2024,40,,,,,,,,,,,BBPIG,25,Wullenstetten,"Pfungstadt
",Niederwangen,Weinheim,6,60,,,,,,,207.3573247,380,,Ã„nderung oder Erweiterung einer Leitung: Zu- oder Umbeseilung
AMP-P154,29353,30906,30906,,AC,,,,,,,,,1,2023,40,,0,3,,,,,,,,,,Siegburg,Punkt Kriftel,Siegburg, Farbwerke Höchst-Süd,,11,Station Siegburg,66.67,66.67,7.1924101684630415 50.798900164895514,Station Siegburg,7.1924101684630415 50.798900164895514,0,380,,Errichtung einer Leitung: Neubau in neuer Trasse
AMP-P310,29354,33902,32960,,AC,,,,,,,,,1,2025,40,,229.1936377,,,,,,,,,,,BÃ¼rstadt,Rommelsbach,KÃ¼hmoos,Herbertingen,,61,Station BÃ¼rstadt,66.67,33.33,8.419373160819056 49.63371907511068,Lastverteilung/Schaltanlage KÃ¼hmoos,7.958075914315599 47.59547794527875,229.1936377,380,,Errichtung einer Leitung: Ersatzneu- bau
AMP-P310,29355,,32960,,AC,,,,,,,,,1,2025,40,,229.1936377,3,,,,,,,,,,Draxlanden,Wullenstetten,KÃ¼hmoos,Niederwangen,,88,,,33.33,,Lastverteilung/Schaltanlage KÃ¼hmoos,7.958075914315599 47.59547794527875,229.1936377,380,,Errichtung einer Leitung: Ersatzneu- bau
AMP-P460,29356,,,,AC,,,,,,,,,1,2024,40,,,,,,,,,,,,,BÃ¼scherhof ,Siegburg,BÃ¼scherhof ,Siegburg,1,,,,,,,,0,380,,"Ã„nderung oder Erweiterung einer Leitung: Zu- oder
Umbeseilung"
TTG-006,29357,31062,31545,,AC,,,,,,,,,1,2024,40,,158.052853,6,,,,,,,,EnLAG,6,Wahle,Bürstadt,Mecklar,Kühmoos,,285,Wahle 380 kV,58.82,100,10.365338662586142 52.28466156477866,Mecklar,9.746026530326525 50.9174270688464,158.052853,380,,Errichtung einer Leitung: Neubau in neuer Trasse
TTG-007,29358,,,,AC,,,,,,,,,1,2024,40,,,6,,,,,,,,EnLAG,5,DÃ¶rpen / West,Büscherhof,Niederrhein (Punkt Meppen),Büscherhof,,3.4,,,,,,,326.868835,380,2366.6MVA,Errichtung einer Leitung: Neubau in neuer Trasse
TTG-009,29359,31114,,,AC,,,,,,,,,1,2023,40,,,6,,,,,,,,EnLAG,2,Ganderkesee,Wahle,St. HÃ¼lfe,Mecklar,221,,Ganderkesee,100,,8.563991876746766 53.03191782682749,,,48.28287149,380,2629.6MVA,Errichtung einer Leitung: Neubau in neuer Trasse
TTG-P21,29360,31026,,,AC,,,,,,,,,1,2026,40,,,6,,,,,,,,,,Conneforde,Dörpen / West,Garrel/ Ost,Niederrhein (Punkt Meppen),31,,Conneforde,100,,8.052813201940419 53.33191378148668,,,40.95246964,380,2629.6MVA,Errichtung einer Lei- tung: Ersatzneubau
TTG-P21,29361,,,,AC,,,,,,,,,1,2026,40,,,6,,,,,,,,,,Garrel/ Ost,Ganderkesee,Cappeln/West,St. Hülfe,61,,,,,,,,164.2262162,380,2629.6MVA,Errichtung einer Lei- tung: Ersatzneubau
TTG-P21,29362,,,,AC,,,,,,,,,1,2026,40,,,6,,,,,,,,,,Cappeln/West,Conneforde,Regel- zonengrenze TTG/AMP,Garrel/ Ost,,77,,,,,,,380,,Errichtung einer Leitung: Neubau in neuer Trasse,
TTG-P24,29363,,31118,,AC,,,,,,,,,1,2026,40,,99.11186946,6,,,,,,,,BBP,7,Stade/West,Garrel/ Ost,Dollern,Cappeln/West,,77,,,100,,Dollern,9.501790032393501 53.54281468005007,143.6364981,380,2629.6MVA,Errichtung einer Lei- tung: Ersatzneubau
TTG-P24,29364,31118,35359,,AC,,,,,,,,,1,2026,40,,50.42874931,6,,,,,,,,BBP,7,Dollern,Cappeln/West,Sottrum,Regel- zonengrenze TTG/AMP,21,,Dollern,100,100,9.501790032393501 53.54281468005007,Sottrum,9.253243575298317 53.11482167195141,50.62139369,380,2629.6MVA,Errichtung einer Lei- tung: Ersatzneubau
TTG-P24,29365,35359,,,AC,,,,,,,,,1,2026,40,,,6,,,,,,,,BBP,7,Sottrum,Stade/West,Mehringen (Grafschaft Hoya),Dollern,,10,Sottrum,100,,9.253243575298317 53.11482167195141,,,380,2629.6MVA,Errichtung einer Lei- tung: Ersatzneubau,StromtragfÃ¤higkeit 4000A
TTG-P24,29366,,31407,,AC,,,,,,,,,1,2026,40,,64.73834627,6,,,,,,,,BBP,7,Mehringen (Grafschaft Hoya),Dollern,Landesbergen,Sottrum,,60,,,100,,Landesbergen,9.125265746125436 52.53826407418714,60.43785797,380,2629.6MVA,Errichtung einer Lei- tung: Ersatzneubau
TTG-P25,29367,,,,AC,,,,,,,,,1,2023,40,,,6,,,,,,,,BBP,8,Heide/West,Sottrum,Husum/Nord,Mehringen (Grafschaft Hoya),,42,,,,,,,38.83082567,380,2629.6MVA,Errichtung einer Leitung: Neubau in neuer Trasse
TTG-P25,29368,,,,AC,,,,,,,,,1,2023,40,,,6,,,,,,,,BBP,8,Husum/Nord,Mehringen (Grafschaft Hoya),KlixbÃ¼ll/SÃ¼d,Landesbergen,,45,,,,,,,74.73651258,380,2366.6MVA,Errichtung einer Leitung: Neubau in neuer Trasse
TTG-P25,29369,,,,AC,,,,,,,,,1,2023,40,,,6,,,,,,,,BBP,8,KlixbÃ¼ll/SÃ¼d,Heide/West,Bundesgrenze DK,Husum/Nord,46,,,,,,,,672.7956911,380,2366.6MVA,Errichtung einer Leitung: Neubau in neuer Trasse
TTG-P33,29370,31062,,,AC,,,,,,,,,1,2025,40,,,6,,,,,,,,BBP,10,Wahle,Husum/Nord,Landesgrenze NI/ST (Mast 6),Klixbüll/Süd,38,,Wahle 380 kV,58.82,,10.365338662586142 52.28466156477866,,,380,2629.6MVA,Ã„nderung oder Erweiterung einer Leitung: Zu- oder Umbeseilung,Zu oder Umbeseilung auf HTL/ 4000A
TTG-P33,29371,,31321,,AC,,,,,,,,,1,2025,40,,44.31517871,6,,,,,,,,BBP,10,Hattorf ,Klixbüll/Süd,Helmstedt,Bundesgrenze DK,16,,,,60,,Umspannwerk Helmstedt,10.999333070802122 52.20014201370701,44.31517871,380,2629.6MVA,Ã„nderung oder Erweiterung einer Leitung: Zu- oder Umbeseilung
TTG-P46,29372,31168,,,AC,,,,,,,,,1,2025,40,,,6,,,,,,,,BBP,18,Redwitz,Wahle, Schwandorf (Ostbayernring),Landesgrenze NI/ST (Mast 6),,65,Umspannwerk Redwitz,53.85,,11.193698240199689 50.16222420264838,,,311.707392,380,2629.6MVA,Errichtung einer Lei- tung: Ersatzneubau
TTG-P46,29373,33180,31533,,AC,,,,,,,,,1,2025,40,,65.21138752,6,,,,,,,,BBP,18,Mechlenreuth,Hattorf,Etzenricht,Helmstedt,,65,Umspannwerk Mechlenreuth,66.67,62.5,11.81095506273847 50.18363584808292,Umspannwerk Etzenricht,12.114769928393569 49.631152225899484,65.21138752,380,2629.6MVA,Errichtung einer Lei- tung: Ersatzneubau
TTG-P46,29374,31533,,,AC,,,,,,,,,1,2025,40,,,6,,,,,,,,BBP,18,Etzenricht,Helmstedt, Schwandorf (Ostbayernring),Landesgrenze NI/ST (Mast 6),,65,Umspannwerk Etzenricht,62.5,,12.114769928393569 49.631152225899484,,,393.0280445,380,2629.6MVA,Errichtung einer Lei- tung: Ersatzneubau
TTG-P48,29375,33440,,,AC,,,,,,,,,1,2024,40,,,3,,,,,,,,BBP,20,Grafenrheinfeld,Redwitz,Punkt Rittershausen, Schwandorf (Ostbayernring),,182,Grafenrheinfeld,100,,10.187883452706167 49.98122647337771,,,220.1390889,380,,Ã„nderung oder Erweiterung einer Leitung: Zu- oder Umbeseilung
TTG-P67,29376,33063,,,AC,,,,,,,,,1,2026,40,,,6,,,,,,,,BBP,32,Simbach,Mechlenreuth,Matzenhof,Etzenricht,,182,Umspannwerk Simbach,53.85,,13.002766136405345 48.261999118038034,,,258.9516934,380,2629.6MVA,Errichtung einer Lei- tung: Ersatzneubau
TTG-P67,29377,,,,AC,,,,,,,,,1,2026,40,,,6,,,,,,,,BBP,32,Matzenhof,Etzenricht,Bundesgrenze AT, Schwandorf (Ostbayernring),,182,,,,,,,48.07576075,380,2629.6MVA,Errichtung einer Lei- tung: Ersatzneubau
TTG-P67,29378,32779,,,AC,,,,,,,,,1,2026,40,,,6,,,,,,,,BBP,32,Altheim,Grafenrheinfeld,Adlkofen,Punkt Rittershausen,,50,Umspannwerk Altheim,53.85,,12.220835400057918 48.58573299883071,,,467.7425381,380,2629.6MVA,Errichtung einer Lei- tung: Ersatzneubau
TTG-P69,29379,,31026,,AC,,,,,,,,,1,2022,40,,603.5278074,6,,,,,,,,BBP,34,Emden / Ost,Simbach,Conneforde,Matzenhof,,13,,,100,,Conneforde,8.052813201940419 53.33191378148668,603.5278074,380,2366.6MVA,Errichtung einer Lei- tung: Ersatzneubau
TTG-P72,29380,,,,AC,,,,,,,,,1,2025,40,,,6,,,,,,,,BBP,42,Kreis Segeberg,Matzenhof,LÃ¼beck / West,Bundesgrenze AT,,13,,,,,,,22.52447062,380,,Errichtung einer Lei- tung: Ersatzneubau
TTG-P118,29381,34082,31545,,AC,,,,,,,,,1,2024,40,,37.68822553,6,,,,,,,,BBP,43,Borken,Altheim,Mecklar,Adlkofen,,7,Borken,100,100,9.259383867929541 51.060366832216744,Mecklar,9.746026530326525 50.9174270688464,224.3541024,380,2629.6MVA,Ã„nderung oder Erweiterung einer Leitung: Zu- oder Umbeseilung
TTG-P151,29382,34082,32166,,AC,,,,,,,,,1,2023,40,,36.55052541,6,,,,,,,,BBP,45,Borken,Altheim,Twistetal,Adlkofen,,66,Borken,100,60,9.259383867929541 51.060366832216744,Umspannwerk Twistetal,8.99279244775296 51.34300940501005,156.4916325,380,2629.6MVA,Ã„nderung oder Erweiterung einer Leitung: Zu- oder Umbeseilung
TTG-P185,29383,31168,,,AC,,,,,,,,,1,2021,40,,,6,,,,,,,,BBP,46,Redwitz,Emden / Ost,Landes- grenze BY / TH (Punkt Tschirn),Conneforde,,61,Umspannwerk Redwitz,53.85,,11.193698240199689 50.16222420264838,,,380,2366.6MVA,Ã„nderung oder Erweiterung einer Leitung: Zu- oder Umbeseilung,StromtragfÃ¤higkeit 3600A
TNG-P47,29384,34195,,,AC,,,,,,,,,1,2031,40,,,,,,,,,,,BBP,19,Weinheim,Kreis Segeberg,Daxlanden,Lübeck / West,,50,Umspannwerk Weinheim,57.14,,8.626963252122508 49.543605582041856,,,63.68084688,,,Errichtung einer Lei- tung: Ersatzneubau
TNG-P47,29385,34195,,,AC,,,,,,,,,1,2031,40,,,,,,,,,,,BBP,19,Weinheim,Borken,Mannheim (G380),Mecklar,,41,Umspannwerk Weinheim,57.14,,8.626963252122508 49.543605582041856,,,14.23709583,,,Errichtung einer Lei- tung: Ersatzneubau
TNG-P47,29386,,34024,,AC,,,,,,,,,1,2031,40,,28.98458587,,,,,,,,,BBP,19,Mannheim (G380),Borken,AltluÃŸheim,Twistetal,,43,,,62.5,,Umspannwerk AltluÃŸheim,8.512099281893201 49.29400019252661,28.98458587,,,Errichtung einer Lei- tung: Ersatzneubau
TNG-P47,29387,34024,,,AC,,,,,,,,,1,2031,40,,,,,,,,,,,BBP,19,AltluÃŸheim,Redwitz,Daxlanden,Landes- grenze BY / TH (Punkt Tschirn),,38,Umspannwerk AltluÃŸheim,62.5,,8.512099281893201 49.29400019252661,,,34.85020341,,,Errichtung einer Lei- tung: Ersatzneubau
TNG-P48,29388,,33750,,AC,,,,,,,,,1,2025,40,,86.34210817,3,,,,,,,,BBP,20,Punkt Rittershausen,Weinheim,Kupferzell,Daxlanden,,76,,,62.5,,Umspannwerk Kupferzell,9.694651058409693 49.23258454716998,86.34210817,380,,Ã„nderung oder Erweiterung einer Leitung: Zu- oder Umbeseilung
TNG-P48,29389,33750,31261,,AC,,,,,,,,,1,2025,40,,40.8054991,3,,,,,,,,BBP,20,Kupferzell,Weinheim,GroÃŸgartach,Mannheim (G380),,17,Umspannwerk Kupferzell,62.5,64.71,9.694651058409693 49.23258454716998,Umspannwerk GroÃŸgartach,9.15157490076255 49.14362211741481,41.40225295,380,,Errichtung einer Lei- tung: Ersatzneubau
TNG-P49,29390,,,,AC,,,,,,,,,1,2029,40,,,,,,,,,,,BBP,21,Daxlanden,Mannheim (G380),BÃ¼hl/ Kuppenheim,Altlußheim,,22.5,,,,,,,114.1090203,380,,Errichtung einer Lei- tung: Ersatzneubau
TNG-P49,29391,,35649,,AC,,,,,,,,,1,2029,40,,154.1816871,,,,,,,,,BBP,21,BÃ¼hl/ Kuppenheim,Altlußheim,Weier,Daxlanden,,42,,,29.41,,Erweiterung Umspannwerk Weier,7.908666282746797 48.501784102651996,63.77631443,380,,Errichtung einer Lei- tung: Ersatzneubau
TNG-P49,29392,35649,34710,,AC,,,,,,,,,1,2029,40,,46.20559244,,,,,,,,,BBP,21,Weier,Punkt Rittershausen,Eichstetten,Kupferzell,,51,Erweiterung Umspannwerk Weier,29.41,53.66,7.908666282746797 48.501784102651996,380-kV-Umspannwerk Eichstetten,7.753495510341039 48.09935573343809,46.20559244,380,,Errichtung einer Lei- tung: Ersatzneubau
TNG-P70,29393,31830,,,AC,,,,,,,,,1,2022,40,,,,,,,,,,,BBP,35,Birkenfeld,Kupferzell,Mast 115A,Großgartach,,48,220 kV-Umspannwerk Birkenfeld,51.28,,8.641627910762603 48.89007089696151,,,380,,"Errichtung einer Leitung: Neubau in neuer Trasse; Errichtung einer
Leitung: Ersatzneu- bau; Ã„nderung oder Erweiterung einer Leitung: Zu- oder Umbeseilung",bestehende 110kV Leitung
DC1,29394,,31188,,DC,,,,,,,,,1,2027,40,,300.5498696,,,,,,,,,BBP,1,Emden / Ost,Daxlanden,Osterath,Bühl/ Kuppenheim,,119,,,66.67,,Station Osterath,6.625829004351699 51.26061129731316,300.5498696,,2GW,Errichtung einer Leitung: Neubau in neuer Trasse
DC2,29395,31188,,,DC,,,,,,,,,1,2024,40,,,,,,,,,,,BBP,2,Osterath,Bühl/ Kuppenheim,Philippsburg (Ultranet),Weier,,119,Station Osterath,66.67,,6.625829004351699 51.26061129731316,,,262.036473,380,2 GW,Errichtung einer Leitung: Ersatzneu- bau
DC3,29396,31658,,,DC,,,,,,,,,1,2028,40,,,,,,,,,,,BBP,3,BrunsbÃ¼ttel,Weier,GroÃŸgartach (SuedLink),Eichstetten,,119,Umspannwerk Kernkraftwerk BrunsbÃ¼ttel,45.83,,9.201683603864101 53.89581463892435,,,528.7460418,380,2 GW,Errichtung einer Leitung: Neubau in neuer Trasse
DC4,29397,,,,DC,,,,,,,,,1,2028,40,,,,,,,,,,,BBP,4,Wilster / West,Birkenfeld,Bergrheinfeld / West (SuedLink),Mast 115A,11.5,14.2,,,,,,,406.7646048,380,2 GW,Errichtung einer Leitung: Neubau in neuer Trasse
DC5,29398,31318,32780,,DC,,,,,,,,,1,2027,40,,410.0188476,,,,,,,,,BBP,5,Wolmirstedt,Emden / Ost,Isar,Osterath,300,,Umspannwerk Wolmirstedt,64.71,100,11.6401668419024 52.26899390911886,Isar,12.296883821275578 48.60690994546696,410.0188476,380,2 GW,Errichtung einer Leitung: Neubau in neuer Trasse
DC1a,29399,,31188,,DC,,,,,,,,,1,2027,40,,363.8142706,,,,,,,,,BBPIG,1,Emden / Ost,Osterath,Osterath,Philippsburg (Ultranet),,340,,,66.67,,Station Osterath,6.625829004351699 51.26061129731316,363.8142706,380,"2,4",Optimierung
DC20,29400,,,,DC,,,,,,,,,1,2032,40,,,,,,,,,,,BBPIG,5a,Klein Rogahn,Brunsbüttel,Landkreis BÃ¶rde,Großgartach (SuedLink),689,,,,,,,,173.7463303,380,2 GW,Errichtung einer Leitung: Neubau einer Trasse
DC20,29401,,32780,,DC,,,,,,,,,1,2032,40,,410.0188476,,,,,,,,,BBPIG,5a,Landkreis BÃ¶rde,Wilster / West,Isar,Bergrheinfeld / West (SuedLink),538,,,,100,,Isar,12.296883821275578 48.60690994546696,443.5622337,380,2 GW,Errichtung einer Leitung: Paral- lelneubau
DC21,29402,,,,DC,,,,,,,,,1,2031,40,,,,,,,,,,,BBPIG,49,Wilhelmshaven 2,Wolmirstedt,Region Hamm,Isar,539,,,,,,,,618.2664249,380,2 GW,Errichtung einer Leitung: Neubau in neuer Trasse
DC25,29403,,30934,,DC,,,,,,,,,1,2031,40,,325.3561842,,,,,,,,,BBPIG,48,Heide / West,Emden / Ost,Polsum,Osterath,,300,,,60,,Station Polsum,7.023309809364244 51.625703743245474,228.701048,380,2 GW,Errichtung einer Leitung: Neubau in neuer Trasse
DC31,29404,,,,DC,,,,,,,,,1,2035,40,,,,,,,,,,,,,Heide / West,Klein Rogahn,Klein Rogahn,Isar,220,539,,,,,,,333.4920507,380,2 GW,Errichtung einer Leitung: Neubau in neuer Trasse
DC34,29405,,33902,,DC,,,,,,,,,1,2035,40,,370.2880163,,,,,,,,,,,Suchraum Rastede,Wilhelmshaven 2,BÃ¼rstadt,Region Hamm,267,,,,66.67,,Station BÃ¼rstadt,8.419373160819056 49.63371907511068,505.7289556,380,2 GW,Errichtung einer Leitung: Neubau in neuer Trasse
P20,29406,,,,AC,,,,,,,,,1,2030,40,,,6,,,,,,,,BBPIG,37,Emden / Ost,Heide / West,Halbemond,Polsum,407,,,,,,,,69.7830548,380,2629.6MVA,Errichtung einer Leitung: Neubau in neuer Trasse
P22,29407,,,,AC,,,,,,,,,1,2025,40,,,6,,,,,,,,BBPIG,55,Elsfleth / West,Heide / West,Ganderkesee (Ã¼ber Niedervieland),Klein Rogahn,212,,,,,,,,25.31557106,380,2629.6MVA,Errichtung einer Leitung: Ersatz- neubau
P22,29408,31026,31763,,AC,,,,,,,,,1,2025,40,,30.06875387,,,,,,,,,BBPIG,54,Conneforde,Suchraum Rastede,Unterweser,Bürstadt,528,,Conneforde,100,100,8.052813201940419 53.33191378148668,Unterweser,8.474707083954415 53.42865120619339,30.06875387,380,2629.6MVA,Ã„nderung oder Erweiterung einer Leitung: Spannungs- umstellung
P23,29409,31118,31750,,AC,,,,,,,,,1,2029,40,,28.81704604,6,,,,,,,,BBPIG,38,Dollern,Emden / Ost,Alfstedt,Halbemond,30,,Dollern,100,100,9.501790032393501 53.54281468005007,Alfstedt,9.068813798412615 53.566635135292216,28.81704604,380,2629.6MVA,Errichtung einer Leitung: Ersatz- neubau
P23,29410,31750,34760,,AC,,,,,,,,,1,2029,40,,54.63507235,6,,,,,,,,BBPIG,38,Alfstedt,Elsfleth / West,Farge,Ganderkesee (über Niedervieland),,36,Alfstedt,100,100,9.068813798412615 53.566635135292216,Farge,8.515550593140427 53.20389079501094,54.58993917,380,2629.6MVA,Errichtung einer Leitung: Ersatz- neubau
P23,29411,34760,,,AC,,,,,,,,,1,2029,40,,,6,,,,,,,,BBPIG,38,Farge,Conneforde,Elsfleth / West,Unterweser,,32,Farge,100,,8.515550593140427 53.20389079501094,,,8.642302914,380,2629.6MVA,Errichtung einer Leitung: Ersatz- neubau
P26,29412,31658,33668,,AC,,,,,,,,,1,2030,40,,3.202375895,6,,,,,,,,BBPIG,50,BrunsbÃ¼ttel,Dollern,BÃ¼ttel,Elsfleth / West,,100,Umspannwerk Kernkraftwerk BrunsbÃ¼ttel,45.83,41.38,9.201683603864101 53.89581463892435,Konverterstation BÃ¼ttel,9.234935266519749 53.9168453029082,3.202375895,380,2629.6MVA,Errichtung einer Leitung: Ersatz- neubau
P26,29413,33668,,,AC,,,,,,,,,1,2030,40,,,6,,,,,,,,BBPIG,50,BÃ¼ttel,Brunsbüttel,Wilster/West,Büttel,,3,Konverterstation BÃ¼ttel,41.38,,9.234935266519749 53.9168453029082,,,7.281767305,380,2629.6MVA,Errichtung einer Leitung: Ersatz- neubau
P26,29414,,,,AC,,,,,,,,,1,2030,40,,,6,,,,,,,,BBPIG,50,Wilster/West,Büttel,Stade / West,Wilster/West,,8,,,,,,,35.83172795,380,2629.6MVA,Errichtung einer Leitung: Ersatz- neubau
P33,29415,31318,,,AC,,,,,,,,,1,2032,40,,,6,,,,,,,,BBPIG,10,Wolmirstedt,Wilster/West,Helmstadt,Stade / West,,44,Umspannwerk Wolmirstedt,64.71,,11.6401668419024 52.26899390911886,,,378.4692271,380,2629.6MVA,Errichtung einer Leitung: Paral- lelneubau
P33,29416,,,,AC,,,,,,,,,1,2032,40,,,6,,,,,,,,BBPIG,10,Helmstadt,Wolmirstedt,Gleidingen / Hallendorf,Helmstadt,,146,,,,,,,340.4791388,380,2629.6MVA,Errichtung einer Leitung: Paral- lelneubau
P33,29417,,,,AC,,,,,,,,,1,2032,40,,,6,,,,,,,,BBPIG,10,Gleidingen / Hallendorf,Helmstadt,Kreuzung M24b/ TTG-006,Gleidingen / Hallendorf,,146,,,,,,,380,2629.6MVA,Errichtung einer Leitung: Paral- lelneubau,StromtragfÃ¤higkeit 4000A
P33,29418,,,,AC,,,,,,,,,1,2032,40,,,6,,,,,,,,BBPIG,10,Kreuzung M24b/ TTG-006,Gleidingen / Hallendorf,Mehrum / Nord,Kreuzung M24b/ TTG-006,,146,,,,,,,24.26544895,380,2629.6MVA,Errichtung einer Leitung: Paral- lelneubau
P37,29419,33754,35330,,AC,,,,,,,,,1,2026,40,,51.72986165,,,,,,,,,BBPIG,12,Vieselbach,Kreuzung M24b/ TTG-006,Eisenach,Mehrum / Nord,,146,Umspannwerk Vieselbach,62.5,100,11.12324628496046 50.99837545149305,Eisenach,10.386346317195237 51.00214547439807,51.72986165,380,2629.6MVA,Errichtung einer Leitung: Ersatz- neubau
P37,29420,35330,31545,,AC,,,,,,,,,1,2026,40,,45.96425868,,,,,,,,,BBPIG,12,Eisenach,Vieselbach,Mecklar,Thuringia/Hesse,,87,Eisenach,100,100,10.386346317195237 51.00214547439807,Mecklar,9.746026530326525 50.9174270688464,45.96425868,380,2629.6MVA,Ã„nderung oder Erweiterung einer Leitung: Zu- oder Umbe- seilung
P43,29421,31545,33828,,AC,,,,,,,,,1,2031,40,,43.28324418,6,,,,,,,,BBPIG,17,Mecklar,Thuringia/Hesse,Dipperz,Mecklar,,43,Mecklar,100,100,9.746026530326525 50.9174270688464,Dipperz,9.774150580638903 50.52874938048326,43.28324418,380,2629.6MVA,Errichtung einer Leitung: Paral- lelneubau
P43,29422,33828,,,AC,,,,,,,,,1,2031,40,,,6,,,,,,,,BBPIG,17,Dipperz,Mecklar,Bergrheinfeld / West,Dipperz,,50,Dipperz,100,,9.774150580638903 50.52874938048326,,,66.03603194,380,2629.6MVA,Errichtung einer Leitung: Neubau in neuer Trasse
P51,29423,31261,32419,,AC,,,,,,,,,1,2030,40,,40.35930095,,,,,,,,,BBPIG,22,GroÃŸgartach,Dipperz,Endersbach,Bergrheinfeld / West,80,,Umspannwerk GroÃŸgartach,64.71,62.5,9.15157490076255 49.14362211741481,Umspannwerk Endersbach,9.377588757620794 48.81260496555262,40.60545894,380,,"Errichtung einer Leitung: Ersatzneubau
Errichtung einer Leitung: Paral- lelneubau"
P52,29424,,,,AC,,,,,,,,,1,2030,40,,,,,,,,,,,BBPIG,40,Neuravensburg,Großgartach,Sigmarszell/Bundes- grenze (AT),Endersbach,,27,,,,,,,380,,Errichtung einer Leitung: Ersatz- neubau,
P53,29425,,35354,,AC,,,,,,,,,1,2029,40,,160.7559813,6,,,,,,,,BBPIG,41,Raitersaich/West,Neuravensburg,Ludersheim,Sigmarszell/Bundes- grenze (AT),,7,,,62.5,,Umspannwerk Ludersheim,11.327144234189406 49.394009068261695,483.9738543,380,2629.6MVA,Errichtung einer Leitung: Ersatz- neubau
P53,29426,35354,31176,,AC,,,,,,,,,1,2029,40,,70.52708944,6,,,,,,,,BBPIG,41,Ludersheim,Raitersaich/West,Sittling,Ludersheim,,45,Umspannwerk Ludersheim,62.5,57.14,11.327144234189406 49.394009068261695,Umspannwerk Sittling,11.79241389202698 48.83822405009197,70.52708944,380,2629.6MVA,Errichtung einer Leitung: Ersatz- neubau
P53,29427,31176,,,AC,,,,,,,,,1,2029,40,,,6,,,,,,,,BBPIG,41,Sittling,Ludersheim,Suchraum Stadt Rottenburg/Gemeinde Neufahrn,Sittling,,114,Umspannwerk Sittling,57.14,,11.79241389202698 48.83822405009197,,,380,2629.6MVA,Errichtung einer Leitung: Ersatz- neubau,StromtragfÃ¤higkeit 4000A
P53,29428,,32779,,AC,,,,,,,,,1,2029,40,,42.21880207,6,,,,,,,,BBPIG,41,Suchraum Stadt Rottenburg/Gemeinde Neufahrn,Sittling,Altheim,Suchraum Stadt Rottenburg/Gemeinde Neufahrn,,114,,,53.85,,Umspannwerk Altheim,12.220835400057918 48.58573299883071,42.21880207,380,2629.6MVA,Errichtung einer Leitung: Ersatz- neubau
P72,29429,,32761,,AC,,,,,,,,,1,2027,40,,568.7703883,6,,,,,,,,BBPIG,42,LÃ¼beck / West,Suchraum Stadt Rottenburg/Gemeinde Neufahrn,Siems,Altheim,,114,,,45.45,,Umspannwerk Siems,10.760835327266594 53.90974536464864,568.7703883,380,,Errichtung einer Leitung: Ersatz- neubau
P72,29430,32761,,,AC,,,,,,,,,1,2027,40,,,6,,,,,,,,BBPIG,42,Siems,Lübeck / West,GÃ¶hl,Siems,,14,Umspannwerk Siems,45.45,,10.760835327266594 53.90974536464864,,,43.69319719,380,,Errichtung einer Leitung: Neubau in neuer Trasse
P74,29431,32834,32585,,AC,,,,,,,,,1,2030,40,,62.26454171,,,,,,,,,TYNDP,47,VÃ¶hringen,Siems,Leupolz,Göhl,40,,VÃ¶hringen Amprion,69.23,50,10.082157401960373 48.26609017280219,Umspannanlage Leupolz,10.362499738474474 47.73865994398536,62.5156403,380,,"Errichtung einer Leitung: Ersatzneubau;
Ã„nderung oder Erweiterung einer Leitung:
Zu- oder Umbeseilung"
P74,29432,32585,,,AC,,,,,,,,,1,2030,40,,,,,,,,,,,TYNDP,47,Leupolz,Vöhringen,Punkt Bundesgrenze (AT),Leupolz,,110,Umspannanlage Leupolz,50,,10.362499738474474 47.73865994398536,,,380,,"Errichtung einer Leitung: Ersatzneubau;
Ã„nderung oder Erweiterung einer Leitung:
Zu- oder Umbeseilung",Spannungsumstellung mit Stromkreisauflage/Umbeseilung  
P84,29433,,30998,,AC,,,,,,,,,1,2032,40,,647.2236025,,,,,,,,,BBPIG,51,Hamburg Nord,Leupolz,Hamburg/Ost,Punkt Bundesgrenze (AT),,,,,100,,Hamburg/Ost,10.15820424005784 53.555410330604104,647.2236025,380,,Ã„nderung oder Erweiterung einer Leitung: Zu- oder Umbe- seilung
P84,29434,30998,30978,,AC,,,,,,,,,1,2032,40,,23.29252107,12,,,,,,,,BBPIG,51,Hamburg/Ost,Hamburg / Nord,KrÃ¼mmel,Hamburg / Ost,,31,Hamburg/Ost,100,53.85,10.15820424005784 53.555410330604104,Umspannwerk KrÃ¼mmel,10.414682339890597 53.41259063501034,23.50074166,380,,Errichtung einer Leitung: Ersatz- neubau
P112,29435,31211,,,AC,,,,,,,,,1,2030,40,,,6,,,,,,,,BBPIG,32,Pleinting,Hamburg / Ost,St.Peter,Krümmel,,28,Umspannwerk Pleinting,60,,13.103170798561646 48.666822143269734,,,443.6182888,380,2629.6MVA,Errichtung einer Leitung: Ersatz- neubau
P112,29436,,33061,,AC,,,,,,,,,1,2030,40,,63.34296575,6,,,,,,,,BBPIG,32,St.Peter,Pleinting,Pirach,St.Peter,,43,,,50,,Umspannwerk Pirach,12.747462532231154 48.1487453438436,63.34296575,380,2629.6MVA,Errichtung einer Leitung: Ersatz- neubau
P113,29437,30978,31456,,AC,,,,,,,,,1,2031,40,,21.63040454,6,,,,,,,,BBPIG,58,KrÃ¼mmel,St.Peter,LÃ¼neburg,Pirach,,27,Umspannwerk KrÃ¼mmel,53.85,57.14,10.414682339890597 53.41259063501034,Umspannwerk LÃ¼neburg,10.37889424775347 53.219418968974026,21.61134707,380,2629.6MVA,Errichtung einer Leitung: Ersatz- neubau
P113,29438,31456,31459,,AC,,,,,,,,,1,2031,40,,25.15676851,6,,,,,,,,BBPIG,58,LÃ¼neburg,Krümmel,Stadorf,Lüneburg,,54,Umspannwerk LÃ¼neburg,57.14,100,10.37889424775347 53.219418968974026,Stadorf,10.38154437005121 52.993374103119166,25.15676851,380,2629.6MVA,Errichtung einer Leitung: Ersatz- neubau
P113,29439,31459,31062,,AC,,,,,,,,,1,2031,40,,78.87277616,6,,,,,,,,BBPIG,58,Stadorf,Lüneburg,Wahle,Stadorf,,54,Stadorf,100,58.82,10.38154437005121 52.993374103119166,Wahle 380 kV,10.365338662586142 52.28466156477866,78.87277616,380,2629.6MVA,Errichtung einer Leitung: Ersatz- neubau
P116,29440,31118,,,AC,,,,,,,,,1,2033,40,,,6,,,,,,,,BBPIG,57,Dollern,Stadorf,Samtgemeinde Sottrum,Wahle,,86,Dollern,100,,9.501790032393501 53.54281468005007,,,50.62139369,380,2629.6MVA,Errichtung einer Leitung: Ersatz- neubau
P116,29441,,31503,,AC,,,,,,,,,1,2033,40,,80.40675559,6,,,,,,,,BBPIG,57,Samtgemeinde Sottrum,Dollern,Wechold,Samtgemeinde Sottrum,,118,,,100,,Wechold,9.145084451718349 52.85279753893464,80.40675559,380,2629.6MVA,Errichtung einer Leitung: Ersatz- neubau
P116,29442,31503,,,AC,,,,,,,,,1,2033,40,,,6,,,,,,,,BBPIG,57,Wechold,Samtgemeinde Sottrum,Punkt Landesbergen ,Wechold,,,Wechold,100,,9.145084451718349 52.85279753893464,,,30.74476063,380,2629.6MVA,Errichtung einer Leitung: Ersatz- neubau
P116,29443,,31136,,AC,,,,,,,,,1,2033,40,,51.94577004,6,,,,,,,,BBPIG,57,Landesbergen (Steyerberg),Wechold,OvenstÃ¤dt,Punkt Landesbergen,,,,,58.06,,Schaltanlage OvenstÃ¤dt,8.939692565631868 52.40303328706645,51.94577004,380,2629.6MVA,Errichtung einer Leitung: Ersatz- neubau
P119,29444,31026,,,AC,,,,,,,,,1,2031,40,,,6,,,,,,,,BBPIG,56,Conneforde,Landesbergen (Steyerberg),Suchraum Rastede,Ovenstädt,,20,Conneforde,100,,8.052813201940419 53.33191378148668,,,11.88101443,380,2629.6MVA,Errichtung einer Leitung: Ersatz- neubau
P119,29445,,,,AC,,,,,,,,,1,2031,40,,,6,,,,,,,,BBPIG,56,Suchraum Rastede,Conneforde,Elsfleth /West,Suchraum Rastede,,26,,,,,,,25.62518671,380,2629.6MVA,Errichtung einer Leitung: Ersatz- neubau
P119,29446,,32281,,AC,,,,,,,,,1,2031,40,,28.52090524,6,,,,,,,,BBPIG,56,Elsfleth /West,Suchraum Rastede,Huntorf,Elsfleth /West mit Anschluss Huntorf,,,,,100,,Huntorf,8.408969723192392 53.19024535355,16.90232894,380,2629.6MVA,Errichtung einer Leitung: Ersatz- neubau
P119,29447,,,,AC,,,,,,,,,1,2031,40,,,6,,,,,,,,BBPIG,56,Elsfleth / West,Elsfleth / West,Abzweig Blockland,Abzweig Blockland,,86,,,,,,,31.40485052,380,2629.6MVA,Errichtung einer Leitung: Ersatz- neubau
P119,29448,,,,AC,,,,,,,,,1,2031,40,,,6,,,,,,,,BBPIG,56,Abzweig Blockland,Abzweig Blockland,Samtgemeinde Sottrum,Samtgemeinde Sottrum,,,,,,,,,28.76951205,380,2629.6MVA,Errichtung einer Leitung: Ersatz- neubau
P124,29449,31318,31811,,AC,,,,,,,,,1,2028,40,,76.69272507,,,,,,,,,BBPIG,60,Wolmirstedt,Wolmirstedt,Klostermansfeld,Klostermansfeld,,117,Umspannwerk Wolmirstedt,64.71,71.43,11.6401668419024 52.26899390911886,Umspannwerk Klostermansfeld,11.516324717607773 51.583985361014165,76.69272507,380,2629.6MVA,Ã„nderung oder Erweiterung einer Leitung: Zu- oder Umbe- seilung
P124,29450,31811,,,AC,,,,,,,,,1,2028,40,,,,,,,,,,,BBPIG,60,Klostermansfeld,Klostermansfeld, Schraplau / Obhausen, Schraplau / Obhausen,,39,Umspannwerk Klostermansfeld,71.43,,11.516324717607773 51.583985361014165,,,358.5859448,380,,Ã„nderung oder Erweiterung einer Leitung: Zu- oder Umbe- seilung
P124,29451,,31603,,AC,,,,,,,,,1,2028,40,,32.86288179,,,,,,,,,BBPIG,60, Schraplau / Obhausen, Schraplau / Obhausen,LauchstÃ¤dt,Lauchstädt,,,,,62.5,,Umspannwerk LauchstÃ¤dt,11.894609645338448 51.406527815825655,32.86288179,380,,Ã„nderung oder Erweiterung einer Leitung: Zu- oder Umbe- seilung
P133,29452,34082,,,AC,,,,,,,,,1,2031,40,,,,,,,,,,,BBPIG,65,Borken,Borken,GieÃŸen / Nord,Gießen / Nord,,73,Borken,100,,9.259383867929541 51.060366832216744,,,189.7468551,380,2629.6MVA,Ã„nderung oder Erweiterung einer Leitung: Zu- oder Umbe- seilung
P135,29453,31136,31053,,AC,,,,,,,,,1,2031,40,,41.59725793,,,,,,,,,BBPIG,57,OvenstÃ¤dt,Ovenstädt,Eickum,Eickum,,60,Schaltanlage OvenstÃ¤dt,58.06,100,8.939692565631868 52.40303328706645,Eickum,8.571446947612305 52.10524367125356,41.59725793,380,2629.6MVA,Ã„nderung oder Erweiterung einer Leitung: Zu- oder Umbe- seilung
P135,29454,31053,,,AC,,,,,,,,,1,2031,40,,,,,,,,,,,BBPIG,57,Eickum,Eickum, Bechterdissen, Bechterdissen,,,Eickum,100,,8.571446947612305 52.10524367125356,,,13.25482769,380,2629.6MVA,Ã„nderung oder Erweiterung einer Leitung: Zu- oder Umbe- seilung
P150,29455,,34109,,AC,,,,,,,,,1,2029,40,,166.6371116,3,,,,,,,,BBPIG,44,Schraplau / Obhausen,Schraplau / Obhausen,Wolkramshausen,Wolkramshausen,,71,,,100,,Wolkramshausen,10.734669450629001 51.44018679015725,166.6371116,380,,Errichtung einer Leitung: Ersatz- neubau
P150,29456,34109,33754,,AC,,,,,,,,,1,2029,40,,56.15151428,3,,,,,,,,BBPIG,44,Wolkramshausen,Wolkramshausen,Vieselbach,Vieselbach,,66,Wolkramshausen,100,62.5,10.734669450629001 51.44018679015725,Umspannwerk Vieselbach,11.12324628496046 50.99837545149305,56.15151428,380,,Errichtung einer Leitung: Ersatz- neubau
P159,29457,33902,,,AC,,,,,,,,,1,2029,40,,,3,,,,,,,,BBPIG,67,BÃ¼rstadt,Bürstadt,Punkt Roxheim,BASF,5,13,Station BÃ¼rstadt,66.67,,8.419373160819056 49.63371907511068,,,191.3944585,380,,Errichtung einer Leitung: Par- allelneubau
P159,29458,,34001,,AC,,,,,,,,,1,2029,40,,11.71628356,3,,,,,,,,BBPIG,67,Punkt Roxheim,Großkrotzenburg,BASF,Urberach,,24,,,100,,BASF,8.40828877363479 49.528623522017185,11.71628356,380,,Errichtung einer Leitung: Neubau in neuer Trasse
P159,29459,,34001,,AC,,,,,,,,,1,2029,40,,11.71628356,3,,,,,,,,BBPIG,67,Punkt Roxheim,Uchtelfangen,BASF,Ensdorf,,34,,,100,,BASF,8.40828877363479 49.528623522017185,200.4341222,380,,Ã„nderung oder Erweiterung einer Leitung: Zu- oder Umbe- seilung
P161,29460,32221,32219,,AC,,,,,,,,,1,2028,40,,3.321064448,,,,,,,,,BBPIG,66,GroÃŸkrotzenburg,Ensdorf,Dettingen,Bundesgrenze (FR),,,GroÃŸkrotzenburg,100,60,8.958708591309906 50.0826077912028,Umspannwerk Dettingen,8.98950736865504 50.060279806392764,3.321064448,380,,Ã„nderung oder Erweiterung einer Leitung: Zu- oder Umbe- seilung
P161,29461,32219,30972,,AC,,,,,,,,,1,2028,40,,18.25571108,,,,,,,,,BBPIG,66,Dettingen,Wilhelmshaven 2,Urberach,Fedderwarden,15,,Umspannwerk Dettingen,60,57.14,8.98950736865504 50.060279806392764,Umspannwerk Urberach,8.772275034667414 49.974574340406285,18.25571108,380,,Ã„nderung oder Erweiterung einer Leitung: Zu- oder Umbe- seilung
P170,29462,32535,32815,,AC,,,,,,,,,1,,40,,18.74224287,,,,,,,,,TYNDP,244,Uchtelfangen,Wilhelmshaven 2,Ensdorf,Conneforde,,36,Umspannwerk Uchtelfangen,66.67,50,6.996454674906002 49.37541496021159,Umspannanlage Ensdorf,6.773207879811455 49.2910742139778,18.74224287,380,,"Ã„nderung oder Erweiterung einer Leitung:
Zu- oder Umbeseilung"
P170,29463,32815,,,AC,,,,,,,,,1,,40,,,,,,,,,,,TYNDP,244,Ensdorf,Eichstetten,Bundesgrenze (FR),Bundesgrenze [FR],,18,Umspannanlage Ensdorf,50,,6.773207879811455 49.2910742139778,,,182.6844341,380,,"Ã„nderung oder Erweiterung einer Leitung:
Zu- oder Umbeseilung"
P175,29464,,35036,,AC,,,,,,,,,1,2029,40,,482.8688106,6,,,,,,,,BBPIG,73,Wilhelmshaven 2,Punkt Blatzheim,Fedderwarden,Oberzier,,16,,,100,,Fedderwarden,8.063672455328268 53.55578092463257,482.8688106,380,2629.6MVA,Errichtung einer Leitung: Neubau in neuer Trasse
P175,29465,,31026,,AC,,,,,,,,,1,2029,40,,458.3077423,6,,,,,,,,BBPIG,73,Wilhelmshaven 2,Tiengen,Conneforde,Bundesgrenze (CH),,4,,,100,,Conneforde,8.052813201940419 53.33191378148668,26.54136207,380,2629.6MVA,Errichtung einer Leitung: Ersatz- neubau
P176,29466,34710,,,AC,,,,,,,,,1,2026,40,,,3,,,,,,,,BBPIG,72,Eichstetten,Herbertingen,Bundesgrenze [FR],Kreis Konstanz,,140,380-kV-Umspannwerk Eichstetten,53.66,,7.753495510341039 48.09935573343809,,,131.2340738,380,,Errichtung einer Leitung: Ersatz- neubau
P200,29467,,31332,,AC,,,,,,,,,1,2027,40,,322.2796598,6,,,,,,,,BBPIG,74,Punkt Blatzheim,Kreis Konstanz,Oberzier,Beuren,,,,,66.67,,Station Oberzier,6.457700440405455 50.87149029041084,322.2796598,380,,Errichtung einer Leitung: Ersatz- neubau
P204,29468,31716,,,AC,,,,,,,,,1,230,40,,,3,,,,,,,,TYNDP,231,Tiengen,Beuren,Bundesgrenze (CH),Gurtweil / Tiengen,,,Tiengen,100,,8.258827663264396 47.6342088867097,,,147.4967712,380,,"Errichtung einer Leitung:
Ersatzneubau"
P206,29469,31241,,,AC,,,,,,,,,1,2032,40,,,6,,,,,,,,BBPIG,23,Herbertingen,Gießen / Nord,Kreis Konstanz ,Karben,,51,Umspannwerk Herbertingen,66.67,,9.425344076806475 48.06443972503238,,,175.2102826,380,,Errichtung einer Leitung: Ersatz- neubau
P206,29470,,33333,,AC,,,,,,,,,1,2032,40,,50.96736836,6,,,,,,,,BBPIG,23,Kreis Konstanz ,Landesbergen,Beuren,Grohnde,,73,,,100,,Beuren,8.861525797588994 47.80643535471784,50.96736836,380,,Errichtung einer Leitung: Ersatz- neubau
P206,29471,33333,,,AC,,,,,,,,,1,2032,40,,,6,,,,,,,,BBPIG,23,Beuren,Grohnde,Gurtweil / Tiengen,Vörden,,57,Beuren,100,,8.861525797588994 47.80643535471784,,,590.1426941,380,,Errichtung einer Leitung: Ersatz- neubau
P211,29472,,31040,,AC,,,,,,,,,1,2031,40,,266.6112133,,,,,,,,,BBPIG,65,GieÃŸen / Nord,Vörden,Karben,Würgassen,,,,,50,,Umspannwerk Karben,8.809948917696808 50.203566664751136,266.6112133,380,2629.6MVA,Ã„nderung oder Erweiterung einer Leitung: Zu- oder Umbe- seilung
P212,29473,31407,31085,,AC,,,,,,,,,1,2040,40,,59.72633264,,,,,,,,,,,Landesbergen,Würgassen,Grohnde,Sandershausen / Ost,,57,Landesbergen,100,100,9.125265746125436 52.53826407418714,Grohnde,9.390175306207366 52.02668689009703,64.21599798,380,2629.6MVA,Ã„nderung oder Erweiterung einer Leitung: Zu- oder Umbe- seilung
P212,29474,31085,32252,,AC,,,,,,,,,1,2040,40,,26.31574306,,,,,,,,,,,Grohnde,Sandershausen / Ost,VÃ¶rden,Bergshausen,,,Grohnde,100,100,9.390175306207366 52.02668689009703,VÃ¶rden,9.228111325885946 51.81245400273137,26.31574306,380,2629.6MVA,Ã„nderung oder Erweiterung einer Leitung: Zu- oder Umbe- seilung
P212,29475,32252,34779,,AC,,,,,,,,,1,2040,40,,22.05751979,,,,,,,,,,,VÃ¶rden,Bergshausen,WÃ¼rgassen, Borken,,30,VÃ¶rden,100,100,9.228111325885946 51.81245400273137,WÃ¼rgassen,9.387640755119856 51.64073490643047,22.05751979,380,2629.6MVA,Ã„nderung oder Erweiterung einer Leitung: Zu- oder Umbe- seilung
P212,29476,34779,,,AC,,,,,,,,,1,2040,40,,,,,,,,,,,,,WÃ¼rgassen,Güstrow,Sandershausen / Ost,Bentwisch,,68,WÃ¼rgassen,100,,9.387640755119856 51.64073490643047,,,37.05539614,380,2629.6MVA,Ã„nderung oder Erweiterung einer Leitung: Zu- oder Umbe- seilung
P212,29477,,34097,,AC,,,,,,,,,1,2040,40,,43.3693596,,,,,,,,,,,Sandershausen / Ost,Bentwisch,Bergshausen, Suchraum Gemeinden Sanitz/ Dettmannsdorf,,,,,64.71,,Umspannwerk Bergshausen,9.513830681321172 51.25897936948762,43.3693596,380,2629.6MVA,Ã„nderung oder Erweiterung einer Leitung: Zu- oder Umbe- seilung
P212,29478,34097,,,AC,,,,,,,,,1,2040,40,,,,,,,,,,,,,Bergshausen,Güstrow, Borken,Siedenbrünzow,,90,Umspannwerk Bergshausen,64.71,,9.513830681321172 51.25897936948762,,,193.770043,380,2629.6MVA,Ã„nderung oder Erweiterung einer Leitung: Zu- oder Umbe- seilung
P215,29479,31759,31761,,AC,,,,,,,,,1,2030,40,,31.631797,,,,,,,,,BBPIG,52,GÃ¼strow,Siedenbrünzow,Bentwisch,Iven/Krusenfelde/Krien/ Spantekow/Wer- der/Bartow,,,Umspannwerk GÃ¼strow,53.85,81.82,12.18580202996256 53.81602837061954,Bentwisch HGÃœ,12.213671694775991 54.09974494582503,34.08735279,380,,Errichtung einer Leitung: Ersatz- neubau
P215,29480,31761,,,AC,,,,,,,,,1,2030,40,,,,,,,,,,,BBPIG,52,Bentwisch,Iven/Krusenfelde/Krien/ Spantekow/ Werder/Bartow, Suchraum Gemeinden Sanitz/ Dettmannsdorf,Pasewalk / Nord,,62,Bentwisch HGÃœ,81.82,,12.213671694775991 54.09974494582503,,,380,,Errichtung einer Leitung: Ersatz- neubau,
P216,29481,31759,35264,,AC,,,,,,,,,1,2030,40,,63.79914871,,,,,,,,,BBPIG,53,GÃ¼strow,Pasewalk / Nord,SiedenbrÃ¼nzow,Pasewalk,,,Umspannwerk GÃ¼strow,53.85,100,12.18580202996256 53.81602837061954,SiedenbrÃ¼nzow,13.143068658999566 53.907546811967244,62.96365186,380,,Errichtung einer Leitung: Ersatz- neubau
P216,29482,35264,,,AC,,,,,,,,,1,2030,40,,,,,,,,,,,BBPIG,53,SiedenbrÃ¼nzow,50Hz T-Regalzone,Iven/Krusenfelde/Krien/ Spantekow/Wer- der/Bartow,Südschweden,35,,SiedenbrÃ¼nzow,100,,13.143068658999566 53.907546811967244,,,380,,Errichtung einer Leitung: Ersatz- neubau,
P216,29483,,,,AC,,,,,,,,,1,2030,40,,,,,,,,,,,BBPIG,53,Iven/Krusenfelde/Krien/ Spantekow/ Werder/Bartow,Oberbachern,Pasewalk / Nord, Ottenhofen,,47,,,,,,,73.82147911,380,,Errichtung einer Leitung: Ersatz- neubau
P216,29484,,35283,,AC,,,,,,,,,1,2030,40,,73.76241982,,,,,,,,,BBPIG,53,Pasewalk / Nord,Güstrow,Pasewalk,Wessin,,147,,,100,,Pasewalk,14.033684493013668 53.507523103743004,73.82147911,380,,Errichtung einer Leitung: Ersatz- neubau
P221,29485,,,,DC,,,,,,,,,1,2035,40,,,,,,,,,,,TYNDP,267,50Hz T-Regalzone,Wessin,SÃ¼dschweden,Görries,,,,,,,,,297.0596945,,700MW,"Errichtung einer Leitung: Neubau in
neuer Trasse"
P222,29486,30878,,,AC,,,,,,,,,1,2029,40,,,6,,,,,,,,BBPIG,47,Oberbachern,Görries, Ottenhofen,Klein Rogahn,,,Umspannwerk Oberbachern,64.71,,11.37040879051204 48.29148987363752,,,38.14589951,380,2629.6MVA,Errichtung einer Leitung: Ersatz- neubau
P223,29487,31759,34679,,AC,,,,,,,,,1,2030,40,,42.1567951,,,,,,,,,,,GÃ¼strow,Klein Rogahn,Wessin,Krümmel,,,Umspannwerk GÃ¼strow,53.85,50,12.18580202996256 53.81602837061954,Umspannwerk Wessin,11.698597650739616 53.571372820376936,41.69370921,380,2629.6MVA,Ã„nderung oder Erweiterung einer Leitung: Zu- oder Umbe- seilung
P223,29488,34679,31614,,AC,,,,,,,,,1,2030,40,,21.96621176,,,,,,,,,,,Wessin,Altheim,GÃ¶rries,Isar,8,,Umspannwerk Wessin,50,53.85,11.698597650739616 53.571372820376936,Umspannwerk GÃ¶rries,11.370591034721848 53.60071538776719,21.96621176,380,2629.6MVA,Ã„nderung oder Erweiterung einer Leitung: Zu- oder Umbe- seilung
P223,29489,31614,,,AC,,,,,,,,,1,2030,40,,,,,,,,,,,,,GÃ¶rries,Lübeck / West,Klein Rogahn,Krümmel,80,,Umspannwerk GÃ¶rries,53.85,,11.370591034721848 53.60071538776719,,,358.8793634,380,2629.6MVA,Ã„nderung oder Erweiterung einer Leitung: Zu- oder Umbe- seilung
P223,29490,,30978,,AC,,,,,,,,,1,2030,40,,66.78926129,,,,,,,,,,,Klein Rogahn,Landesbergen,KrÃ¼mmel,Lehrte / Lahe,,98,,,53.85,,Umspannwerk KrÃ¼mmel,10.414682339890597 53.41259063501034,66.57661971,380,2629.6MVA,Ã„nderung oder Erweiterung einer Leitung: Zu- oder Umbe- seilung
P225,29491,32779,32780,,AC,,,,,,,,,1,2030,40,,6.083694141,9,,,,,,,,BBPIG,77,Altheim,Lehrte / Lahe,Isar,Mehrum / Nord,,,Umspannwerk Altheim,53.85,100,12.220835400057918 48.58573299883071,Isar,12.296883821275578 48.60690994546696,6.083694141,380,2629.6MVA,Errichtung einer Leitung: Neubau in neuer Trasse
P227,29492,,30978,,AC,,,,,,,,,1,2040,40,,551.6956654,6,,,,,,,,,,LÃ¼beck / West,(Marzahn –) Biesdorf / Süd,KrÃ¼mmel,Wuhlheide,,4,,,53.85,,Umspannwerk KrÃ¼mmel,10.414682339890597 53.41259063501034,551.5916491,380,2629.6MVA,Errichtung einer Leitung: Neubau in neuer Trasse
P228,29493,31407,,,AC,,,,,,,,,1,2032,40,,,6,,,,,,,,BBPIG,59,Landesbergen,Höpfingen,Lehrte / Lahe,Hüffenhardt,,46,Landesbergen,100,,9.125265746125436 52.53826407418714,,,59.21871113,380,2629.6MVA,Errichtung einer Leitung: Ersatz- neubau
P228,29494,,,,AC,,,,,,,,,1,2032,40,,,6,,,,,,,,BBPIG,59,Lehrte / Lahe,Großgartach,Mehrum / Nord,Pulverdingen,,39,,,,,,,13.61961715,380,2629.6MVA,Errichtung einer Leitung: Ersatz- neubau
P252,29495,,30930,,AC,,,,,,,,,1,2035,40,,297.5052354,6,,,,,,,,,,(Marzahn â€“) Biesdorf / SÃ¼d,Deutschland,Wuhlheide,Belgien.,,15,,,60,,Umspannwerk Wuhlheide,13.5061273352059 52.473825606560844,244.260437,380,,Errichtung einer Leitung: Ersatz- neubau
P302,29496,33771,33758,,AC,,,,,,,,,1,2030,40,,41.76454046,3,,,,,,,,BBPIG,68,HÃ¶pfingen,Hanekenfähr,HÃ¼ffenhardt,Gronau,,94,Umspannwerk HÃ¶pfingen,60,64.71,9.446918747930244 49.59026295269401,Umspannwerk HÃ¼ffenhardt,9.091835332635775 49.29461883142266,41.76454046,380,,Ã„nderung oder Erweiterung einer Leitung: Zu- oder Umbe- seilung
P306,29497,31261,32308,,AC,,,,,,,,,1,2035,40,,27.86701469,3,,,,,,,,,,GroÃŸgartach,Fedderwarden,Pulverdingen, Großbritannien,200,,Umspannwerk GroÃŸgartach,64.71,66.67,9.15157490076255 49.14362211741481,Umspannwerk Pulverdingen,9.04543545075604 48.90296099677025,27.69184071,380,,Errichtung einer Leitung: Ersatzneubau
P313,29498,31808,,,DC,,,,,,,,,1,2035,40,,,,,,,,,,,TYNDP,225,Dahlem,Rittershausen,Belgien.,Höpfingen,,42.3,Station Dahlem,60,,6.531696645299863 50.39004697200127,,,477.8358414,380,mind. 1GW,"Errichtung einer
Leitung: Neubau in
neuer Trasse"
P315,29499,32669,35336,,AC,,,,,,,,,1,2034,40,,35.8536131,6,,,,,,,,BBPIG,63,HanekenfÃ¤hr,Netzverstärkung Neuenhagen,Gronau,Heinersdorf – Eisenhüttenstadt,,125,HanekenfÃ¤hr,100,60,7.308241662698386 52.47679112025016,Station Gronau,7.034688605267841 52.20157372575072,174.8981824,380,,"Errichtung einer Leitung: Ersatzneubau;
Errichtung einer Leitung: Paral- lelneubau"
P328,29500,35036,,,DC,,,,,,,,,1,2025,40,,,,,,,,,,,BBPIG,70,Fedderwarden,Heinersdorf – Eisenhüttenstadt, GroÃŸbritannien,Preilack,,,Fedderwarden,100,,8.063672455328268 53.55578092463257,,,374.6080175,380,1,4 GW
P330,29501,,33771,,AC,,,,,,,,,1,2035,40,,451.4784394,,,,,,,,,,,Rittershausen,Stendal / West,HÃ¶pfingen,Wolmirstedt,,37,,,60,,Umspannwerk HÃ¶pfingen,9.446918747930244 49.59026295269401,451.4784394,380,,Ã„nderung oder Erweiterung einer Leitung: Zu- oder Umbe- seilung
P355,29502,,,,AC,,,,,,,,,1,2035,40,,,6,,,,,,,,,,NetzverstÃ¤rkung Neuenhagen,Emden / Ost,Heinersdorf â€“ EisenhÃ¼ttenstadt,Eemshaven (Grenze,26,,,,,,,,604.0986848,380,,Errichtung einer Leitung: Ersatz- neubau
P355,29503,34940,32509,,AC,,,,,,,,,1,2035,40,,43.8468901,6,,,,,,,,,,Heinersdorf,Westerkappeln,EisenhÃ¼ttenstadt,Gersteinwerk,126,,Umspannwerk Heinersdorf,64.71,72.73,14.132945161411003 52.44306446003311,Umspannwerk EisenhÃ¼ttenstadt,14.603938187245118 52.174864548479,43.8468901,380,,Errichtung einer Leitung: Ersatz- neubau
P355,29504,32509,35257,,AC,,,,,,,,,1,2035,40,,34.00779771,6,,,,,,,,,,EisenhÃ¼ttenstadt,Hattingen,Preilack,Linde,,25,Umspannwerk EisenhÃ¼ttenstadt,72.73,57.14,14.603938187245118 52.174864548479,Umspannwerk Preilack,14.427719548278391 51.88920446787685,34.00779771,380,,Errichtung einer Leitung: Ersatz- neubau
P359,29505,,31318,,AC,,,,,,,,,1,2030,40,,202.7942587,,,,,,,,,BBPIG,60,Stendal / West,Aach,Wolmirstedt,Bofferdange,,10,,,64.71,,Umspannwerk Wolmirstedt,11.6401668419024 52.26899390911886,202.7942587,380,,Ã„nderung oder Erweiterung einer Leitung: Zu- oder Umbe- seilung
P367,29506,,,,AC,,,,,,,,,1,2035,40,,,3,,,,,,,,TYNDP ,1047,Emden / Ost,Eiberg,Eemshaven (Grenze,Bochum,,13,,,,,,,68.9521221,380,,Errichtung einer Leitung: Neubau in neuer Trasse
P402,29507,33506,32238,,AC,,,,,,,,,1,2033,40,,68.07425293,,,,,,,,,,,Westerkappeln,Bochum,Gersteinwerk,Hattingen,,11,Station Westerkappeln,76.47,75,7.890386064217827 52.277940414268855,Station Gersteinwerk,7.709038739055074 51.676466718364246,68.07425293,380,,Errichtung einer Leitung: Neubau in neuer Trasse
P403,29508,32683,,,AC,,,,,,,,,1,2033,40,,,,,,,,,,,BBPIG,64,Hattingen,Emscherbruch,Linderhausen,Bochum / Eiberg,,33,Station Hattingen,69.23,,7.167956726297289 51.38931989073198,,,167.2621092,380,,Errichtung einer Leitung: Ersatz- neubau
P403,29509,,33096,,AC,,,,,,,,,1,2033,40,,18.02879342,,,,,,,,,BBPIG,64,Linderhausen,Putlitz / Süd,Linde,Putlitz,,98,,,55.56,,Station Linde,7.233199543289641 51.23251323182934,18.02879342,380,,Errichtung einer Leitung: Ersatz- neubau
P406,29510,,,,AC,,,,,,,,,1,2027,40,,,,,,,,,,,BBPIG,71,Aach,Putlitz,Bofferdange,Perleberg,,,,,,,,,594.92493,380,,Errichtung einer Leitung: Ersatz- neubau
P408,29511,33500,32720,,AC,,,,,,,,,1,2035,40,,4.530492272,,,,,,,,,,,Eiberg,Perleberg,Bochum,Stendal / West,,,Station Eiberg,60,60,7.1257288028618015 51.44906598952049,Station Bochum,7.1793735100712075 51.47220069047802,6.660657779,380,,Errichtung einer Leitung: Ersatz- neubau
P408,29512,32720,32683,,AC,,,,,,,,,1,2035,40,,9.25514922,,,,,,,,,,,Bochum,Güstrow,Hattingen,Siedenbrünzow,,152,Station Bochum,60,69.23,7.1793735100712075 51.47220069047802,Station Hattingen,7.167956726297289 51.38931989073198,7.93775116,380,,Errichtung einer Leitung: Ersatz- neubau
P408,29513,,,,AC,,,,,,,,,1,2035,40,,,6,,,,,,,,,,Emscherbruch,Siedenbrünzow,Bochum / Eiberg,Putlitz / Süd,,,,,,,,,196.8792186,380,,Ã„nderung oder Erweiterung einer Leitung: Zu- oder Umbe- seilung
P450,29514,,34773,,AC,,,,,,,,,1,2035,40,,388.4411729,,,,,,,,,BBPIG,60,Putlitz / SÃ¼d,Graustein,Putlitz,Bärwalde,,22,,,53.85,,Umspannwerk Putlitz,12.087770145624637 53.25096102751974,445.588977,380,,Ã„nderung oder Erweiterung einer Leitung: Zu- oder Umbe- seilung
P450,29515,34773,32614,,AC,,,,,,,,,1,2035,40,,24.11287016,,,,,,,,,BBPIG,60,Putlitz,Aachen,Perleberg,Aachen,,26,Umspannwerk Putlitz,53.85,60,12.087770145624637 53.25096102751974,Umspannwerk Perleberg,11.852340511063945 53.08685484855226,25.05613482,380,,Ã„nderung oder Erweiterung einer Leitung: Zu- oder Umbe- seilung
P450,29516,32614,,,AC,,,,,,,,,1,2035,40,,,,,,,,,,,BBPIG,60,Perleberg,Saarland,Stendal / West,Saarwellingen,,8.3,Umspannwerk Perleberg,60,,11.852340511063945 53.08685484855226,,,288.5549387,380,,Ã„nderung oder Erweiterung einer Leitung: Zu- oder Umbe- seilung
P450,29517,31759,35264,,AC,,,,,,,,,1,2035,40,,63.79914871,,,,,,,,,BBPIG,60,GÃ¼strow,Aschaffenburg,SiedenbrÃ¼nzow,Urberach,29.5,,Umspannwerk GÃ¼strow,53.85,100,12.18580202996256 53.81602837061954,SiedenbrÃ¼nzow,13.143068658999566 53.907546811967244,62.96365186,380,,Ã„nderung oder Erweiterung einer Leitung: Zu- oder Umbe- seilung
P450,29518,35264,,,AC,,,,,,,,,1,2035,40,,,,,,,,,,,BBPIG,60,SiedenbrÃ¼nzow,Gersteinwerk,Putlitz / SÃ¼d,Lippe,,34,SiedenbrÃ¼nzow,100,,13.143068658999566 53.907546811967244,,,100.2701447,380,,Ã„nderung oder Erweiterung einer Leitung: Zu- oder Umbe- seilung
P451,29519,31637,34154,,AC,,,,,,,,,1,2030,40,,15.82262142,,,,,,,,,BBPIG,62,Graustein,Lippe,BÃ¤rwalde,Mengede,,,Graustein,100,100,14.471920575633378 51.55412023622933,BÃ¤rwalde,14.508109226522716 51.41371040664038,15.82262142,380,,Ã„nderung oder Erweiterung einer Leitung: Zu- oder Umbe- seilung
P462,29520,,31248,,AC,,,,,,,,,1,2028,40,,576.5774618,,,,,,,,,BBPIG,75,Aachen,Walsum,Zukunft,Beeck,,8.5,,,50,,Umspannanlage Zukunft,6.300916694699705 50.82893923288616,576.5774618,380,,Errichtung einer Leitung: Ersatzneubau
P462,29521,31248,31071,,AC,,,,,,,,,1,2028,40,,9.875510898,,,,,,,,,BBPIG,75,Zukunft,Niederrhein,Verlautenheide,Walsum,,26.6,Umspannanlage Zukunft,50,77.78,6.300916694699705 50.82893923288616,Station Verlautenheide,6.167365723785745 50.802064506580734,9.875510898,380,,Errichtung einer Leitung: Ersatzneubau
P464,29522,,33004,,AC,,,,,,,,,1,2028,40,,166.734818,6,,,,,,,,,,Punkt Fraulautern,Sechtem,Saarwellingen,Weissenthurm,,77,,,76.47,,Station Saarwellingen,6.76597464448081 49.360090798837405,166.734818,80,,Errichtung einer Leitung: Ersatzneubau
P464,29523,,33004,,AC,,,,,,,,,1,2028,40,,166.734818,9,,,,,,,,,,Diefflen,Niederstedem,Saarwellingen,Bauler,,22,,,76.47,,Station Saarwellingen,6.76597464448081 49.360090798837405,404.7815163,380,,Errichtung einer Leitung: Ersatzneubau
P464,29524,,33004,,AC,,,,,,,,,1,2028,40,,166.734818,6,,,,,,,,,,Punkt Fraulautern,Bauler,Saarwellingen,Bundesgrenze,,,,,76.47,,Station Saarwellingen,6.76597464448081 49.360090798837405,0.926722125,380,,Ã„nderung oder Erweiterung einer Leitung: Zu- oder Umbe- seilung
P500,29525,,30972,,AC,,,,,,,,,1,2035,40,,199.7455955,6,,,,,,,,,,Aschaffenburg/neu,Limburg,Urberach,Eschborn,60,10,,,57.14,,Umspannwerk Urberach,8.772275034667414 49.974574340406285,246.053674,380,,Errichtung einer Leitung: Neubau in neuer Trasse
P501,29526,32238,33571,,AC,,,,,,,,,1,2035,40,,21.44832708,12,,,,,,,,,,Gersteinwerk,Eschborn,Lippe,Kriftel,60,,Station Gersteinwerk,75,55.56,7.709038739055074 51.676466718364246,Station Lippe,7.403376981173483 51.644462035314646,21.44832708,380,,Errichtung einer Leitung: Ersatz- neubau
P501,29527,33571,31794,,AC,,,,,,,,,1,2035,40,,8.395976683,12,,,,,,,,,,Lippe,Lauchstädt,Mengede,Leuna / Merseburg / Weißenfels,,59,Station Lippe,55.56,63.64,7.403376981173483 51.644462035314646,Station Mengede,7.353019672408016 51.57582114158172,8.395976683,380,,Errichtung einer Leitung: Ersatz- neubau
P502,29528,31103,31948,,AC,,,,,,,,,1,2028,40,,5.256370355,,,,,,,,,,,Walsum,Leuna / Merseburg / Weißenfels,Beeck,Pulgar,,,Station Walsum,60,55.56,6.715197472199204 51.52680805256347,Station Beeck,6.72256984428959 51.47978770959548,5.256370355,380,,Errichtung einer Leitung: Ersatz- neubau
P503,29529,31097,31103,,AC,,,,,,,,,1,2035,40,,13.50987979,,,,,,,,,,,Niederrhein,Thyrow,Walsum,Mahlow,20,25,Station Niederrhein,73.33,60,6.6807962637334715 51.646328801088394,Station Walsum,6.715197472199204 51.52680805256347,13.50987979,380,,Ã„nderung oder Erweiterung einer Leitung: Zu- oder Umbe- seilung
P504,29530,30904,,,AC,,,,,,,,,1,2030,40,,,,,,,,,,,,,Sechtem,Mahlow,Weissenthurm, Berlin / Südost / Lichterfelde,,,Station Sechtem,63.64,,6.972459875900362 50.79563726078529,,,55.25329004,380,,Ã„nderung oder Erweiterung einer Leitung: Zu- oder Umbe- seilung
P505,29531,33957,32989,,AC,,,,,,,,,1,2030,40,,19.37276714,,,,,,,,,,,Niederstedem, Berlin / Südost / Lichterfelde,Bauler,Mitte,,,Station Niederstedem,75,80,6.475062982714686 49.92260878493446,SA Bauler,6.21102034998242 49.95862577949023,19.37276714,380,,Ã„nderung oder Erweiterung einer Leitung: Zu- oder Umbe- seilung
P505,29532,32989,,,AC,,,,,,,,,1,2030,40,,,,,,,,,,,,,Bauler,Malchow,Bundesgrenze Luxemburg,Moabit,18,,SA Bauler,80,,6.21102034998242 49.95862577949023,,,442.8929715,380,,Ã„nderung oder Erweiterung einer Leitung: Zu- oder Umbe- seilung
P509,29533,32477,,,AC,,,,,,,,,1,2040,40,,,,,,,,,,,,,Limburg,Moabit,Eschborn, Reuter,,,Station Limburg,63.64,,8.06579435011156 50.40646889728762,,,335.4301112,380,,Errichtung einer Leitung: Neubau in neuer Trasse
P509,29534,,32082,,AC,,,,,,,,,1,2040,40,,44.95372666,3,,,,,,,,,,Eschborn,,Kriftel,,,,,,53.85,,Umspannwerk Kriftel,8.471763441204741 50.097320201311256,44.95372666,380,,Ã„nderung oder Erweiterung einer Leitung: Zu- oder Umbe- seilung
P528,29535,31603,,,AC,,,,,,,,,1,2040,40,,,,,,,,,,,,,LauchstÃ¤dt,,Leuna / Merseburg / WeiÃŸenfels,,,,Umspannwerk LauchstÃ¤dt,62.5,,11.894609645338448 51.406527815825655,,,380,,Errichtung einer Leitung: Ersatz- neubau,
P528,29536,,34958,,AC,,,,,,,,,1,2040,40,,38.69460697,,,,,,,,,,,Leuna / Merseburg / WeiÃŸenfels,,Pulgar,,,,,,50,,Umspannwerk Pulgar,12.337422954113398 51.19696836334348,38.69460697,380,,Errichtung einer Leitung: Ersatz- neubau
P531,29537,31549,,,AC,,,,,,,,,1,2035,40,,,6,,,,,,,,,,Thyrow,,Mahlow,,,,Umspannwerk Thyrow,50,,13.306340695859848 52.23082066002767,,,41.92421006,380,,Errichtung einer Leitung: Neubau in neuer Trasse
P531,29538,,,,AC,,,,,,,,,1,2035,40,,,6,,,,,,,,,,Mahlow,, Berlin / SÃ¼dost / Lichterfelde,,,,,,,,,,22.27649845,380,,Errichtung einer Leitung: Neubau in neuer Trasse
P531,29539,,31643,,AC,,,,,,,,,1,2035,40,,30.59878812,6,,,,,,,,,, Berlin / SÃ¼dost / Lichterfelde,,Mitte,,,,,,100,,Mitte,13.368653475247406 52.503147509807846,316.8206553,380,,Errichtung einer Leitung: Neubau in neuer Trasse
P531,29540,35247,,,AC,,,,,,,,,1,2035,40,,,,,,,,,,,,,Malchow,,Moabit,,,,Umspannwerk Malchow,53.85,,13.495562984152079 52.58992665896176,,,11.31866054,380,,Errichtung einer Leitung: Neubau in neuer Trasse
P531,29541,,,,AC,,,,,,,,,1,2035,40,,,,,,,,,,,,,Moabit,, Reuter,,,,,,,,,,6.906123021,380,,Errichtung einer Leitung: Neubau in neuer Trasse
