scn_name,line_id,bus0,bus1,type,carrier,x,r,g,b,s_nom,s_nom_extendable,s_nom_min,s_nom_max,s_max_pu,build_year,lifetime,capital_cost,length,cables,terrain_factor,num_parallel,v_ang_min,v_ang_max,v_nom,geom,topo,oldlinecode,Projekt,Projekt_id,cable/line,Maßnahme,Startpunkt,subst_name0,Endpunkt,subst_name1,Coordinate0,Coordinate1,Length type,Length,Trassenlänge in km,Trassenlänge in km.1,Spannung,NOVA-Typ,Art,Bundesländer,NOVA-Kategorie,TYNDP,PCI,EnLAG / BBP,anvisierte Inbetriebnahme,Umsetzungsstand,ÜNB,M-Nr.,Szenario,Anmerkung,matching0%,matching1%
50HzT-003,,,,,AC,,,,,,,,,1,2023,40,,120,6,,2,,,380,,,,EnLAG,3,line,Neuenhagen – Vierraden – Bertikow,Neuenhagen,,Vierraden,,13.710158941385528 52.53912561098884,14.268068804447122 53.09805938715533,Ausbau&Betand,,56,64,380,"Errichtung einer Leitung: Neubau in neuer Trasse,
Errichtung einer Lei-
tung: Ersatzneubau",Leitung,BB,NVA,,,EnLAG Nr. 3,2023,4: Genehmigt oder im Bau,,,,Zusätzliche 380kV Freileitung,,
50HzT-003,,,,,AC,,,,,,,,,1,2023,40,,,3,,1,,,380,,,,EnLAG,3,line,,Vierraden,,Bertikow,,14.268068804447122 53.09805938715533,13.957017873623581 53.25217590677972,Ausbau,,*,*,380,"Errichtung einer Leitung: Neubau in neuer Trasse,
Errichtung einer Lei-
tung: Ersatzneubau",Leitung,BB,NVA,,,EnLAG Nr. 3,2023,4: Genehmigt oder im Bau,,,,Zusätzliche 380kV Freileitung,,
50HzT-007,,,,,AC,,,,,,,,,1,2022,40,,75,,,,,,380,,,,EnLAG,11,line,Neuenhagen – Wustermark,Umspannwerk Neuenhagen,,Wustermark,,13.710158941385528 52.53912561098884,12.94304061364577 52.56256564446307,Ausbau&Betand,,14,61,380,"Errichtung einer Leitung: Neubau in neuer Trasse,
Errichtung einer Lei-
tung: Ersatzneubau",Leitung,BB,NVA,,,EnLAG Nr. 11,2022,4: Genehmigt oder im Bau,,,,,,
50HzT-P34,,,,,AC,,,,,,,,,1,2028,40,,64,,,,,,380,,,,BBPIG,39,line,Perleberg – Stendal / West – Wolmirstedt,Perleberg,,Stendal West,,11.852340511063945 53.08685484855226,11.727508020040295 52.568641773335166,Bestand,,,64,380,Errichtung einer Lei- tung: Ersatzneubau,Leitung,"BB, ST",NV,,,BBP Nr. 39,2028,"3: vor oder im PFV/ Genehmigung nach BImSchG,
5: Realisiert",,,,,,
50HzT-P34,,,,,AC,,,,,,,,,1,2023,40,,37,,,,,,380,,,,BBPIG,39,line,,Stendal West,,Wolmirstedt,,11.727508020040295 52.568641773335166,11.6401668419024 52.26899390911886,Bestand,,,37,380,Errichtung einer Lei- tung: Ersatzneubau,Leitung,"BB, ST",NV,,,BBP Nr. 39,"2022,
2023","3: vor oder im PFV/ Genehmigung nach BImSchG,
5: Realisiert",,,,,,
50HzT-P34,,,,,AC,,,,,,,,,1,2023,40,,37,,,,,,380,,,,BBPIG,39,line,Parchim / Süd – Perleberg,Parchim,,Perleberg,,11.8128737230406 53.42460616868441,11.852340511063945 53.08685484855226,Bestand,,,37,380,Errichtung einer Lei- tung: Ersatzneubau,Leitung,"MV, BB",NV,,,BBP Nr. 39,"2022,
2023",3: vor oder im PFV/ Genehmigung nach BImSchG,,,,,,
50HzT-P34,,,,,AC,,,,,,,,,1,2026,40,,53,,,,,,380,,,,BBPIG,39,line,x,Güstrow,,Parchim,,12.18580202996256 53.81602837061954,11.8128737230406 53.42460616868441,Bestand,,,53,380,Errichtung einer Lei- tung: Ersatzneubau,Leitung,MV,NV,,,BBP Nr. 39,"2025,
2026",3: vor oder im PFV/ Genehmigung nach BImSchG,,,,,,
50HzT-P36,,,,,AC,,,,,,,,,1,2026,40,,32,,,,,,380,,,,BBPIG,11,line,Bertikow – Pasewalk,Bertikow,,Pasewalk,,13.957017873623581 53.25217590677972,14.033684493013668 53.507523103743004,Bestand,,,32,380,Errichtung einer Lei- tung: Ersatzneubau,Leitung,"BB, MV",NV,,,BBP Nr. 11,"2025,
2026",3: vor oder im PFV/ Genehmigung nach BImSchG,,,,,,
50HzT-P38,,,,,AC,,,,,,,,,1,2025,40,,105,,,,,,380,,,,BBPIG,13,line,Pulgar – Geußnitz (Abschnitt Ost),Pulgar,,Vieselbach,,12.337422954113398 51.19696836334348,11.12324628496046 50.99837545149305,Bestand,,,105,380,Änderung oder Erweiterung einer Leitung: Zu- oder Umbeseilung,Leitung,SN,NV,,,BBP Nr. 13,"2024,
2025",4: Genehmigt oder im Bau,,,,,,
50HzT-P39,,,,,AC,,,,,,,,,1,2025,40,,66,,,,,,380,,,,BBPIG,14,line,Röhrsdorf – Weida (Abschnitt Ost),Röhrsdorf,,Weida,,12.815082479900909 50.85868947882309,12.045483740723734 50.780944014196685,Bestand,,,66,380,Errichtung einer Lei- tung: Ersatzneubau,Leitung,"SN, TH",NV,,,BBP Nr. 14,"2024,
2025",3: vor oder im PFV/ Genehmigung nach BImSchG,,,,,,
50HzT-P39,,,,,AC,,,,,,,,,1,2026,40,,43,,,,,,380,,,,BBPIG,14,line,Weida – Remptendorf (Abschnitt West),Weida,,Remptendorf,,12.045483740723734 50.780944014196685,11.646368322793366 50.53487799518581,Bestand,,,43,380,Errichtung einer Lei- tung: Ersatzneubau,Leitung,TH,NV,,,BBP Nr. 14,"2025,
2026",3: vor oder im PFV/ Genehmigung nach BImSchG,,,,,,
50HzT-P180,,,,,AC,,,,,,,,,1,2026,40,,28,,,,,,380,,,,,,cable,Marzahn – Friedrichshain – Mitte – Charlottenburg – Reuter – Teufelsbruch (cabel),Marzahn,,Friedrichshain,,13.524113150563279 52.53579367759632,13.456433133865078 52.52145796286808,Bestand,,,28,380,Errichtung einer Lei- tung: Ersatzneubau,Leitung,BE,NV,,,,"2025,
2026","1: Vorbereitung Planungs- und Ge- nehmigungsverfahren, 3: vor oder im PFV/ Genehmigung nach BImSchG,
4: Genehmigt oder im Bau",,,,M406,,
50HzT-P180,,,,,AC,,,,,,,,,1,2030,40,,,,,,,,380,,,,,,cable,,Friedrichshain,,Mitte,,13.456433133865078 52.52145796286808,13.368653475247406 52.503147509807846,Bestand,,,*,380,Errichtung einer Lei- tung: Ersatzneubau,Leitung,BE,NV,,,,2030,"1: Vorbereitung Planungs- und Ge- nehmigungsverfahren, 3: vor oder im PFV/ Genehmigung nach BImSchG,
4: Genehmigt oder im Bau",,,,,,
50HzT-P180,,,,,AC,,,,,,,,,1,2030,40,,,,,,,,380,,,,,,cable,,Mitte,,Charlottenburg,,13.368653475247406 52.503147509807846,13.315515912071856 52.52199939367935,Bestand,,,*,380,Errichtung einer Lei- tung: Ersatzneubau,Leitung,BE,NV,,,,2030,"1: Vorbereitung Planungs- und Ge- nehmigungsverfahren, 3: vor oder im PFV/ Genehmigung nach BImSchG,
4: Genehmigt oder im Bau",,,,,,
50HzT-P180,,,,,AC,,,,,,,,,1,2030,40,,,,,,,,380,,,,,,cable,,Charlottenburg,,Reuter,,13.315515912071856 52.52199939367935,13.249030342808782 52.53162510010523,Bestand,,,*,380,Errichtung einer Lei- tung: Ersatzneubau,Leitung,BE,NV,,,,2030,"1: Vorbereitung Planungs- und Ge- nehmigungsverfahren, 3: vor oder im PFV/ Genehmigung nach BImSchG,
4: Genehmigt oder im Bau",,,,,,
50HzT-P180,,,,,AC,,,,,,,,,1,2030,40,,,,,,,,,,,,,,cable,,Reuter,,Teufelsbruch,,13.249030342808782 52.53162510010523,13.211527686000428 52.58062783766221,Bestand,,,*,,,,,,,,,2030,,,,,,,
50HzT-P213,,,,,AC,,,,,,,,,1,,40,,8,6,,2,,,380,,,,EnLAG,12,line,Interkonnektor DE – PL,Eisenhüttenstadt,,punkt Deutsch-Polnischen,,14.603938187245118 52.174864548479,18.902232738057837 51.57212911875295,Ausbau,,8,,380,Errichtung einer Leitung: Neubau in neuer Trasse,Leitung,BB,,x,,EnLAG Nr. 12,,2: Im ROV/BFP,,,,double line,,
50HzT-P213,,,,,AC,,,,,,,,,1,2035,40,,7,,,,,,380,,,,EnLAG,12,line,Einschleifung Eisenhüttenstadt,Eisenhüttenstadt,,Leitung Preilack – Neuenhagen,,14.603938187245118 52.174864548479,14.511141400000001 52.161618600000004,Ausbau,,7,,380,Errichtung einer Leitung: Neubau in neuer Trasse,Leitung,BB,,,,EnLAG Nr. 12,2035,3: vor oder im PFV/ Genehmigung nach BImSchG,,,,,,
50HzT-P221,,,,,DC,,,,,700,,,,1,2035,40,,60,,,1,,,,,,,BBP,69,cable,DC-Kabel Hansa PowerBridge (HPB,Umspannwerk Güstrow,,Punkt Bridge (HPB),,12.18580202996256 53.81602837061954,16.277634034498558 61.35776074926747,Ausbau,,60,,,Errichtung einer Leitung: Neubau in neuer Trasse,Leitung,MV,,x,,BBP Nr. 69,2035,3: vor oder im PFV/ Genehmigung nach BImSchG,,,,"HVDC, startpoint from Hansabridge I: Umspannwerk güstrow",,
50HzT-P450,,,,,AC,,,,,,,,,1,2024,40,,89,,,,,,,,,,BBP,61,line,Ragow – Streumen,Ragow,,Streumen,,13.901128357714425 51.87617291731876,13.38336317738044 51.355589851528315,Bestand,,,89,,horizontal,Leitung,"BB, SN",NO,,,BBP Nr. 61,2024,4: Genehmigt oder im Bau,,,,,,
AMP-001,,,,,AC,,,,,2700,,,,1,2022,40,,33,,,,,,380,,,,EnLAG,2,line,Wehrendorf – St. Hülfe,Wehrendorf,,Punkt Lemförde,,8.307757038447726 52.34563570215149,8.37266130421446 52.47441724607989,Bestand,,,33,380,Errichtung einer Lei- tung: Ersatzneubau,Leitung,NI,NV,,,EnLAG Nr. 2,2022,4: Genehmigt oder im Bau,,,,4000A,,
AMP-001,,,,,AC,,,,,2700,,,,1,2023,40,,,,,,,,380,,,,EnLAG,2,line,,Punkt Lemförde,,Station Sankt Hülfe,,8.37266130421446 52.47441724607989,8.403502360406835 52.60907601124505,Bestand,,,*,380,Errichtung einer Lei- tung: Ersatzneubau,Leitung,NI,NV,,,EnLAG Nr. 2,2023,4: Genehmigt oder im Bau,,,,4000A,,
AMP-009,,,,,AC,,,,,,,,,1,2023,40,,73,,,,,,380,,,,EnLAG,5,line,Niederrhein – Punkt Wettringen,Niederrhein,,Punkt Wettringen,,6.6807962637334715 51.646328801088394,7.3512625985165405 52.22420146066771,Bestand,,,73,380,Errichtung einer Lei- tung: Ersatzneubau,Leitung,NW,NV,x,,EnLAG Nr. 5,2023,"3: vor oder im PFV/ Genehmigung nach BImSchG,
4: Genehmigt oder im Bau",,,,,,
AMP-009,,,,,AC,,,,,,,,,1,2023,40,,12,,,,,,380,,,,EnLAG,5,cable,Niederrhein – Punkt Wettringen (Kabel),Niederrhein,,Punkt Wettringen (Kabel),,6.6807962637334715 51.646328801088394,7.3512625985165405 52.22420146066771,Bestand,,,12,380,Errichtung einer Lei- tung: Ersatzneubau,Leitung,NW,NV,x,,EnLAG Nr. 5,2023,4: Genehmigt oder im Bau,,,,,,
AMP-009,,,,,AC,,,,,,,,,1,2023,40,,65,,,,,,380,,,,EnLAG,5,line,Punkt Wettringen – Punkt Meppen,Punkt Wettringen,,Meppen,,7.3512625985165405 52.22420146066771,7.277153959089187 52.75324261801293,Ausbau,,65,,380,Errichtung einer Leitung: Neubau in neuer Trasse,Leitung,"NI, NW",,x,,EnLAG Nr. 5,2023,"3: vor oder im PFV/ Genehmigung nach BImSchG
4: Genehmigt oder im Bau",,,,,,
AMP-010,,,,,AC,,,,,,,,,1,2027,40,,14,,,,,,380,,,,EnLAG,"16,18",line,Punkt Gaste – Lüstringen,Punkt Gaste,,Lüstringen,,7.929254 52.2638602,8.104639054942613 52.26510433337879,Bestand,,,14,380,Änderung oder Erweiterung einer Leitung: Zu- oder Umbeseilung,Leitung,NI,NV,,,"EnLAG Nr. 16,
18","2025,
2027",4: Genehmigt oder im Bau,,,,,,
AMP-010,,,,,AC,,,,,,,,,1,2028,40,,21,,,,,,380,,,,EnLAG,"16,18",line,Lüstringen – Wehrendorf,Lüstringen,,Wehrendorf,,8.104639054942613 52.26510433337879,8.307757038447726 52.34563570215149,Bestand,,,21,380,Errichtung einer Lei- tung: Ersatzneubau,Leitung,NI,NV,,,"EnLAG Nr. 16,
18","2026,
2028",3: vor oder im PFV/ Genehmigung nach BImSchG,,,,,,
AMP-010,,,,,AC,,,,,,,,,1,2028,40,,29,,,,,,380,,,,EnLAG,"16,18",line,Lüstringen – Hesseln,Lüstringen,,Hesseln,,8.104639054942613 52.26510433337879,8.319013268377837 52.06589206021646,Bestand,,,29,380,Errichtung einer Lei- tung: Ersatzneubau,Leitung,"NI, NW",NV,,,"EnLAG Nr. 16,
18","2027,
2028",3: vor oder im PFV/ Genehmigung nach BImSchG,,,,,,
AMP-010,,,,,AC,,,,,,,,,1,2027,40,,29,,,,,,380,,,,EnLAG,"16,18",line,Hesseln – Gütersloh,Hesseln,,Blankenhagen,,8.319013268377837 52.06589206021646,8.364229604054652 51.92712243013718,Bestand,,,29,380,Errichtung einer Lei- tung: Ersatzneubau,Leitung,NW,NV,,,"EnLAG Nr. 16,
18","2026,
2027",4: Genehmigt oder im Bau,,,,,,
AMP-014,,,,,AC,,,,,,,,,1,2021,40,,7,,,,,,380,,,,EnLAG,"14,15",line,Punkt Fellerhöfe – Punkt St. Tönis,Punkt Fellerhöfe,,Station St. Tönis,,6.5881942 51.2842253,6.518713830813268 51.32384889536959,Bestand,,,7,380,Errichtung einer Leitung: Ersatzneubau,Leitung,NW,NV,,,"EnLAG Nr. 14,
15",2021,4: Genehmigt oder im Bau,,,,,,
AMP-014,,,,,AC,,,,,,,,,1,2021,40,,6.5,,,,,,380,,,,EnLAG,"14,15",line,Punkt St. Tönis – Punkt Hüls-West,Station St. Tönis,,Punkt Hüls-West,,6.518713830813268 51.32384889536959,6.4866761 51.3771562,Bestand,,,6.5,380,Änderung oder Erweiterung einer Leitung: Zuoder Umbeseilung,Leitung,NW,NV,,,"EnLAG Nr. 14,
15",2021,4: Genehmigt oder im Bau,,,,,,
AMP-014,,,,,AC,,,,,,,,,1,2021,40,,14,,,,,,380,,,,EnLAG,"14,15",line,Utfort – Pkt. Hüls-West,Utfort,,Punkt Hüls-West,,6.617199413011056 51.47583728028681,6.4866761 51.3771562,Bestand,,,14,380,Errichtung einer Leitung: Ersatzneubau,Leitung,NW,NV,,,"EnLAG Nr. 14,
15",2021,4: Genehmigt oder im Bau,,,,,,
AMP-014,,,,,AC,,,,,,,,,1,2021,40,,20,,,,,,380,,,,EnLAG,"14,15",line,Osterath – Gohrpunkt,Osterath,,Gohrpunkt,,6.625829004351699 51.26061129731316,6.709755946799809 51.09093247123397,Bestand,,,20,380,Errichtung einer Leitung: Ersatzneubau,Leitung,NW,NV,,,"EnLAG Nr. 14,
15",2021,4: Genehmigt oder im Bau,,,,,,
AMP-014,,,,,AC,,,,,,,,,1,2021,40,,10,,,,,,380,,,,EnLAG,"14,15",line,Gohrpunkt – Rommerskirchen,Gohrpunkt,,Rommerskirchen,,6.709755946799809 51.09093247123397,6.702194950358541 51.00886012106785,Bestand,,,10,380,Errichtung einer Leitung: Ersatzneubau,Leitung,NW,NV,,,"EnLAG Nr. 14,
15",2021,4: Genehmigt oder im Bau,,,,,,
AMP-014,,,,,AC,,,,,,,,,1,2021,40,,50,,,,,,380,,,,EnLAG,"14,15",line,Utfort – Osterath,Utfort,,Osterath,,6.617199413011056 51.47583728028681,6.625829004351699 51.26061129731316,Bestand,,,50,380,Änderung oder Erweiterung einer Leitung: Zuoder Umbeseilung,Leitung,NW,NV,,,"EnLAG Nr. 14,
15",2021,4: Genehmigt oder im Bau,,,,,,
AMP-014,,,,,AC,,,,,,,,,1,2021,40,,2,,,,,,380,,,,EnLAG,"14,15",line,Punkt Birkenhof – Gellep,Punkt Birkenhof,,Gellep,,6.5881942 51.2842253,6.6758761 51.3239503,Bestand,,,2,380,Errichtung einer Leitung: Ersatzneubau,Leitung,NW,NV,,,"EnLAG Nr. 14,
15",2021,4: Genehmigt oder im Bau,,,,,,
AMP-018,,,,,AC,,,,,,,,,1,2021,40,,38,6,,2,,,380,,,,15,15,line,Rommerskirchen – Sechtem,Rommerskirchen,,Sechtem,,6.702194950358541 51.00886012106785,6.972459875900362 50.79563726078529,Bestand,,,38,380,Errichtung einer Lei- tung: Ersatzneubau,Leitung,NW,NV,,,15,2021,4: Genehmigt oder im Bau,,,,"one existing, two new circuit",,
AMP-022,,,,,AC,,,,,,,,,1,2024,40,,21,,,,,,380,,,,EnLAG,19,line,Kruckel – Punkt Ochsenkopf,Kruckel,,Garenfeld,,7.417051340500602 51.457221874784416,7.505971563875505 51.40160535798426,Bestand,,,21,380,Errichtung einer Lei- tung: Ersatzneubau,Leitung,NW,NV,,,EnLAG Nr. 19,"2022,
2024",3: vor oder im PFV/ Genehmigung nach BImSchG,,,,new constructuion,,
AMP-022,,,,,AC,,,,,,,,,1,2025,40,,105,,,,,,380,,,,EnLAG,19,line,Punkt Ochsenkopf – Dauersberg,Garenfeld,,Altenkleusheim,,7.505971563875505 51.40160535798426,7.937986636819472 51.01063735145354,Bestand,,,105,380,Errichtung einer Lei- tung: Ersatzneubau,Leitung,"NW, RP",NV,x,,EnLAG Nr. 19,"2021/
2025,
2022/
2026","3: vor oder im PFV/ Genehmigung nach BImSchG,
4: Genehmigt oder im Bau",,,,new constructuion,,
AMP-022,,,,,AC,,,,,,,,,1,2025,40,,,,,,,,380,,,,EnLAG,19,line,Punkt Ochsenkopf – Dauersberg,Altenkleusheim,,Setzer Wiese,,7.937986636819472 51.01063735145354,8.020290393908658 50.92361692922066,Bestand,,,*,380,Errichtung einer Lei- tung: Ersatzneubau,Leitung,"NW, RP",NV,x,,EnLAG Nr. 19,"2021/
2025,
2022/
2026","3: vor oder im PFV/ Genehmigung nach BImSchG,
4: Genehmigt oder im Bau",,,,new constructuion,,
AMP-022,,,,,AC,,,,,,,,,1,2025,40,,,,,,,,380,,,,EnLAG,19,line,Punkt Ochsenkopf – Dauersberg,Setzer Wiese,,Eiserfeld,,8.020290393908658 50.92361692922066,7.9850674816519875 50.84222549258402,Bestand,,,*,380,Errichtung einer Lei- tung: Ersatzneubau,Leitung,"NW, RP",NV,x,,EnLAG Nr. 19,"2021/
2025,
2022/
2026","3: vor oder im PFV/ Genehmigung nach BImSchG,
4: Genehmigt oder im Bau",,,,new constructuion,,
AMP-022,,,,,AC,,,,,,,,,1,2025,40,,,,,,,,380,,,,EnLAG,19,line,Punkt Ochsenkopf – Dauersberg,Eiserfeld,,Dauersberg,,7.9850674816519875 50.84222549258402,7.863758842197247 50.76808852633666,Bestand,,,*,380,Errichtung einer Lei- tung: Ersatzneubau,Leitung,"NW, RP",NV,x,,EnLAG Nr. 19,"2021/
2025,
2022/
2026","3: vor oder im PFV/ Genehmigung nach BImSchG,
4: Genehmigt oder im Bau",,,,new constructuion,,
AMP-028,,,,,AC,,,,,,,,,1,2025,40,,5,,,,,,380,,,,,,line,Punkt Wanne – Punkt Günnigfeld,Station Wanne,,Punkt Günnigfeld,,7.140650192920247 51.55724834807932,7.1462924 51.504831300000006,Bestand,,,5,380,Änderung oder Erweiterung einer Leitung: Zu- oder Umbeseilung,Leitung,NW,NV,,,,"2024/
2025,
2025/
2026",1: Vorbereitung Planungs- und Geneh- migungsverfahren,,,,,,
AMP-032,,,,,AC,,,,,,,,,1,2026,40,,21,,,,,,380,,,,EnLAG,14,line,Niederrhein – Utfort,Niederrhein,,Utfort,,6.6807962637334715 51.646328801088394,6.617199413011056 51.47583728028681,Bestand,,,21,380,Errichtung einer Lei- tung: Ersatzneubau,Leitung,NW,NV,,,EnLAG Nr. 14,"2024,
2026",3: vor oder im PFV/ Genehmigung nach BImSchG,,,,,,
AMP-P21,,,,,AC,,,,,,,,,1,2030,40,,31,,,,,,380,,,,BBPIG,6,line,Regelzonengrenze TTG / AMP – Merzen,Regelzonengrenze TTG/AMP,,Merzen,,7.911058 52.693343,7.867899 52.476150,Ausbau,,31,,380,Errichtung einer Leitung: Neubau in neuer Trasse,Leitung,"NI, NW",,x,,BBP Nr. 6,"2025 (Provisorium) /2030, 2026 (Provisorium) /2031",3: vor oder im Planfeststellungsverfahren/Genehmigung nach Bundes-Immissionsschutzgesetz,,,,,,
AMP-P41,,,,,AC,,,,,,,,,1,2027,40,,105,,,,,,380,,,,BBPIG,15,line,Punkt Metternich – Niederstedem,Punkt Metternich,,Wengerohr,,7.483180198854174 50.39080766358059,6.920161421361797 49.970586186671,Bestand,,,105,380,Errichtung einer Lei- tung: Ersatzneubau,Leitung,RP,NV,,,BBP Nr. 15,"2026,
2027",3: vor oder im Planfeststellungsverfahren/Genehmigung nach Bundes-Immissionsschutzgesetz,,,,,,
AMP-P41,,,,,AC,,,,,,,,,1,2027,40,,,,,,,,380,,,,BBPIG,15,line,Punkt Metternich – Niederstedem,Wengerohr,,Niederstedem,,6.920161421361797 49.970586186671,6.475062982714686 49.92260878493446,Bestand,,,*,380,Errichtung einer Lei- tung: Ersatzneubau,Leitung,RP,NV,,,BBP Nr. 15,"2026,
2027",3: vor oder im Planfeststellungsverfahren/Genehmigung nach Bundes-Immissionsschutzgesetz,,,,,,
AMP-P47,,,,,AC,,,,,,,,,1,2024,40,,66,,,,,,380,,,,BBPIG,19,line,Urberach – Pfungstadt – Weinheim,Urberach,,Pfungstadt,,8.772275034667414 49.974574340406285,8.588596431598917 49.815633721588135,Ausbau,,6,60,380,"Errichtung einer Leitung: Neubau in neuer Trasse, Errichtung einer
Leitung: Ersatzneu- bau, Änderung oder Erweiterung einer Leitung: Zu- oder Umbeseilung",Leitung,"HE, BW",NVA,x,,BBP Nr. 19,2024,3: vor oder im PFV/ Genehmigung nach BImSchG,,,,,,
AMP-P47,,,,,AC,,,,,,,,,1,2025,40,,,,,,,,380,,,,BBPIG,19,line,,Pfungstadt,,Weinheim,,8.588596431598917 49.815633721588135,8.626963252122508 49.543605582041856,Bestand,,,*,380,"Errichtung einer Leitung: Neubau in neuer Trasse, Errichtung einer
Leitung: Ersatzneu- bau, Änderung oder Erweiterung einer Leitung: Zu- oder Umbeseilung",Leitung,"HE, BW",NVA,x,,BBP Nr. 19,"2024,
2025",3: vor oder im PFV/ Genehmigung nach BImSchG,,,,,,
AMP-P47a,,,,,AC,,,,,,,,,1,2025,40,,11,,,,,,380,,,,BBPIG,76,line,Punkt Kriftel – Farbwerke Höchst-Süd,Kriftel,,Farbwerke Höchst-Süd,,8.471763441204741 50.097320201311256,8.537219075722877 50.078085067548315,Bestand,,,11,380,"Errichtung einer Leitung: Ersatzneubau, Änderung oder Erweiterung einer Leitung: Zu- oder Umbeseilung",Leitung,HE,NV,,,BBP Nr. 76,"2024,
2025",3: vor oder im PFV/ Genehmigung nach BImSchG,,,,,,
AMP-P52,,,,,AC,,,,,,,,,1,2024,40,,61,,,,,,380,,,,BBPIG,24,line,Punkt Rommelsbach – Herbertingen,Punkt Rommelsbach,,Herbertingen,,9.218223100000001 48.5324241,9.425344076806475 48.06443972503238,Bestand,,,61,380,Errichtung einer Lei- tung: Ersatzneubau,Leitung,BW,NV,,,BBP Nr. 24,"2022,
2024",4: Genehmigt oder im Bau,,,,,,
AMP-P52,,,,,AC,,,,,,,,,1,2021,40,,88,,,,,,380,,,,BBPIG,25,line,Punkt Wullenstetten – Punkt Niederwangen,Punkt Wullenstetten,,Dellmensingen,,10.0546761 48.3111892,9.885508871535515 48.30406967235775,Bestand,,,88,380,Änderung oder Erweiterung einer Leitung: Zu- oder Umbeseilung,Leitung,"BY, BW",NV,x,,BBP Nr. 25,2021,3: vor oder im PFV/ Genehmigung nach BImSchG,,,,,,
AMP-P52,,,,,AC,,,,,,,,,1,2021,40,,88,,,,,,380,,,,BBPIG,25,line,Punkt Wullenstetten – Punkt Niederwangen,Dellmensingen,,Punkt Niederwangen,,9.885508871535515 48.30406967235775,9.834098087806701 47.68900236297533,Bestand,,,*,380,Änderung oder Erweiterung einer Leitung: Zu- oder Umbeseilung,Leitung,"BY, BW",NV,x,,BBP Nr. 25,2021,3: vor oder im PFV/ Genehmigung nach BImSchG,,,,,,
AMP-P310,,,,,AC,,,,,,,,,1,2023,40,,285,,,,,,380,,,,,,line,Bürstadt – Kühmoos (Kühmoos-Maximiliansau-Weingarten-Mutterstadt-Lambsheim-Bürstadt),Bürstadt,,Lambsheim,,8.419373160819056 49.63371907511068,8.294967614411387 49.524419584032344,Bestand,,,285,380,"Errichtung einer Leitung: Ersatzneubau, Änderung oder Erweiterung einer Leitung: Zu- oder Umbeseilung",Leitung,"HE,
RP, BW",NV,,,,2023,3: vor oder im PFV/ Genehmigung nach BImSchG,,,,"M485, HTLS",,
AMP-P310,,,,,AC,,,,,,,,,1,2023,40,,,,,,,,380,,,,,,line,,Lambsheim,,Mutterstadt,,8.294967614411387 49.524419584032344,8.352333944928567 49.42127435651948,Bestand,,,*,380,"Errichtung einer Leitung: Ersatzneubau, Änderung oder Erweiterung einer Leitung: Zu- oder Umbeseilung",Leitung,"HE,
RP, BW",NV,,,,2023,3: vor oder im PFV/ Genehmigung nach BImSchG,,,,"M485, HTLS",,
AMP-P310,,,,,AC,,,,,,,,,1,2023,40,,,,,,,,380,,,,,,line,,Mutterstadt,,Weingarten,,8.352333944928567 49.42127435651948,8.308455420376152 49.2571048937849,Bestand,,,*,380,"Errichtung einer Leitung: Ersatzneubau, Änderung oder Erweiterung einer Leitung: Zu- oder Umbeseilung",Leitung,"HE,
RP, BW",NV,,,,2023,3: vor oder im PFV/ Genehmigung nach BImSchG,,,,"M485, HTLS",,
AMP-P310,,,,,AC,,,,,,,,,1,2023,40,,,,,,,,380,,,,,,line,,Weingarten,,Maximiliansau,,8.308455420376152 49.2571048937849,8.273277878035131 49.029394664797195,Bestand,,,*,380,"Errichtung einer Leitung: Ersatzneubau, Änderung oder Erweiterung einer Leitung: Zu- oder Umbeseilung",Leitung,"HE,
RP, BW",NV,,,,2023,3: vor oder im PFV/ Genehmigung nach BImSchG,,,,"M485, HTLS",,
AMP-P310,,,,,AC,,,,,,,,,1,2023,40,,,,,,,,380,,,,,,line,,Maximiliansau,,Kühmoos,,8.273277878035131 49.029394664797195,7.958075914315599 47.59547794527875,Bestand,,,*,380,"Errichtung einer Leitung: Ersatzneubau, Änderung oder Erweiterung einer Leitung: Zu- oder Umbeseilung",Leitung,"HE,
RP, BW",NV,,,,2023,3: vor oder im PFV/ Genehmigung nach BImSchG,,,,"M485, HTLS",,
AMP-P460,,,,,AC,,,,,400,,,,1,2025,40,,3.4,,,,,,380,,,,,,line,Büscherhof – Umbeseilung und Schaltfelderweiterung,Büscherhof,,zu neue 380-kV-Anlage,,6.926758989258765 51.49920569585058,6.967172 51.490748,Bestand,,,3.4,380,"Änderung oder Erweiterung einer Leitung: Zu- oder
Umbeseilung",Leitung,NW,NV,,,,"2023,
2025",3: vor oder im PFV/ Genehmigung nach BImSchG,,,,M687,,
TTG-006,,,,,AC,,,,,,,,,1,2024,40,,221,3,,1,,,380,,,,EnLAG,6,line,Wahle – Mecklar,Wahle,,Lamspringe,,10.365338662586142 52.28466156477866,9.98821503567703 51.95423005660941,Ausbau,,221,,380,Errichtung einer Leitung: Neubau in neuer Trasse,Leitung,"NI, HE",,x,,EnLAG Nr. 6,"2023,
2024",4: Genehmigt oder im Bau,,,,,,
TTG-006,,,,,AC,,,,,,,,,1,2024,40,,,3,,1,,,380,,,,EnLAG,6,line,,Lamspringe,,Erzhausen,,9.98821503567703 51.95423005660941,9.923768611106041 51.897571602079054,Ausbau,,*,,380,Errichtung einer Leitung: Neubau in neuer Trasse,Leitung,"NI, HE",,x,,EnLAG Nr. 6,2024,4: Genehmigt oder im Bau,,,,Erdkabel,,
TTG-006,,,,,AC,,,,,,,,,1,2024,40,,,3,,1,,,380,,,,EnLAG,6,line,,Erzhausen,,Hardegsen,,9.923768611106041 51.897571602079054,9.852963912739543 51.64929354898966,Ausbau,,*,,380,Errichtung einer Leitung: Neubau in neuer Trasse,Leitung,"NI, HE",,x,,EnLAG Nr. 6,2024,4: Genehmigt oder im Bau,,,,Erdkabel,,
TTG-006,,,,,AC,,,,,,,,,1,2024,40,,,3,,1,,,380,,,,EnLAG,6,line,,Hardegsen,,Mecklar,,9.852963912739543 51.64929354898966,9.746026530326525 50.9174270688464,Ausbau,,*,,380,Errichtung einer Leitung: Neubau in neuer Trasse,Leitung,"NI, HE",,x,,EnLAG Nr. 6,2024,4: Genehmigt oder im Bau,,,,Erdkabel,,
TTG-007,,,,,AC,,,,,2400,,,,1,2024,40,,31,6,,2,,,380,,,,EnLAG,5,line,Dörpen / West – Niederrhein (Punkt Meppen),Dörpen West,,Meppen,,7.256250263683292 52.98145861782307, 7.211702 52.730448,Ausbau,,31,,380,Errichtung einer Leitung: Neubau in neuer Trasse,Leitung,NI,,x,,EnLAG Nr. 5,2024,"4: Genehmigt oder im Bau,
5: Realisiert",,,,3600A,,
TTG-009,,,,,AC,,,,,,,,,1,2024,40,,61,6,,2,,,380,,,,EnLAG,2,line,Ganderkesee – St. Hülfe,Ganderkesee,,Station Sankt Hülfe,,8.563991876746766 53.03191782682749,8.403502360406835 52.60907601124505,Ausbau,,61,,380,Errichtung einer Leitung: Neubau in neuer Trasse,Leitung,NI,,x,,EnLAG Nr. 2,"2023,
2024",4: Genehmigt oder im Bau,,,,,,
TTG-P21,,,,,AC,,,,,5400,,,,1,2023,40,,56,6,,2,,,380,,,,,,line,Conneforde – Garrel/ Ost – Cappeln/West,Conneforde,,Garrel,,8.052813201940419 53.33191378148668,8.027258408033157 52.96425173221768,Bestand,,,77,380,Errichtung einer Lei- tung: Ersatzneubau,Leitung,NI,NV,x,,6,"2022,
2023",3: vor oder im PFV/ Genehmigung nach BImSchG,,,,4000A each circuit,,
TTG-P21,,,,,AC,,,,,,,,,1,2026,40,,21,6,,2,,,380,,,,,,line,,Garrel,,Punkt Cappeln West,,8.027258408033157 52.96425173221768,8.017258 52.791597,Bestand,,,*,380,Errichtung einer Lei- tung: Ersatzneubau,Leitung,NI,NV,x,,6,"2025,
2026",3: vor oder im PFV/ Genehmigung nach BImSchG,,,,,,
TTG-P21,,,,,AC,,,,,,,,,1,2026,40,,21,6,,2,,,380,,,,,,line,Cappeln/West – Regelzonengrenze TTG/AMP,Punkt Cappeln West,,Punkt Regel- zonengrenze TTG/AMP,,8.017258 52.791597,7.911058 52.693343,Ausbau,,21,,380,Errichtung einer Leitung: Neubau in neuer Trasse,Leitung,NI,,x,,6,"2025,
2026",3: vor oder im PFV/ Genehmigung nach BImSchG,,,,,,
TTG-P24,,,,,AC,,,,,5400,,,,1,2026,40,,10,6,,2,,,380,,,,BBP,7,line,Stade/West – Dollern,Stade-West,,Dollern,,9.489805273447082 53.63250357479064,9.501790032393501 53.54281468005007,Bestand,,,10,380,Errichtung einer Lei- tung: Ersatzneubau,Leitung,NI,NV,x,,BBP Nr. 7,"2025,
2026",4: Genehmigt oder im Bau,,,,4000A each circuit,,
TTG-P24,,,,,AC,,,,,5400,,,,1,2021,40,,60,6,,2,,,380,,,,BBP,7,line,Dollern – Sottrum,Dollern,,Sottrum,,9.501790032393501 53.54281468005007,9.253243575298317 53.11482167195141,Bestand,,,60,380,Errichtung einer Lei- tung: Ersatzneubau,Leitung,NI,NV,x,,BBP Nr. 7,2021,"3: vor oder im PFV/ Genehmigung nach BImSchG,
4: Genehmigt oder im Bau",,,,4000A each circuit,,
TTG-P24,,,,,AC,,,,,5400,,,,1,2026,40,,42,6,,2,,,380,,,,BBP,7,line,Sottrum – Mehringen (Grafschaft Hoya),Sottrum,,"""UW"" Mehringen (Grafschaft Hoya)",,9.253243575298317 53.11482167195141,9.145970 52.832135,Bestand,,,42,380,Errichtung einer Lei- tung: Ersatzneubau,Leitung,NI,NV,x,,BBP Nr. 7,2026,3: vor oder im PFV/ Genehmigung nach BImSchG,,,,4000A each circuit,,
TTG-P24,,,,,AC,,,,,5400,,,,1,2026,40,,45,6,,2,,,380,,,,BBP,7,line,Mehringen (Grafschaft Hoya) – Landesbergen,"""UW"" Mehringen (Grafschaft Hoya)",,Landesbergen,,9.145970 52.832135,9.125265746125436 52.53826407418714,Bestand,,,45,380,Errichtung einer Lei- tung: Ersatzneubau,Leitung,NI,NV,x,,BBP Nr. 7,2026,3: vor oder im PFV/ Genehmigung nach BImSchG,,,,4000A each circuit,,
TTG-P25,,,,,AC,,,,,,,,,1,2026,40,,46,6,,2,,,380,,,,BBP,8,line,Heide/West – Husum/Nord,"""UW"" Heide West",,Husum Nord,,9.052015 54.161528,9.07855723752111 54.5106695274633,Ausbau,,46,,380,Errichtung einer Leitung: Neubau in neuer Trasse,Leitung,SH,,x,,BBP Nr. 8,2026,4: Genehmigt oder im Bau,,,,,,
TTG-P25,,,,,AC,,,,,,,,,1,2021,40,,38,6,,2,,,380,,,,BBP,8,line,Husum/Nord – Klixbüll/Süd,Husum Nord,,Klixbüll Süd,,9.07855723752111 54.5106695274633,8.869150 54.795167,Ausbau,,38,,380,Errichtung einer Leitung: Neubau in neuer Trasse,Leitung,SH,,x,,BBP Nr. 8,2021,4: Genehmigt oder im Bau,,,,,,
TTG-P25,,,,,AC,,,,,,,,,1,2022,40,,16,6,,2,,,380,,,,BBP,8,line,Klixbüll/Süd – Bundesgrenze DK,Klixbüll/Süd,,Punkt Bundesgrenze DK,,8.869150 54.795167,8.910507 54.903755,Ausbau,,16,,380,Errichtung einer Leitung: Neubau in neuer Trasse,Leitung,SH,,x,x,BBP Nr. 8,2022,3: vor oder im PFV/ Genehmigung nach BImSchG,,,,,,
TTG-P33,,,,,AC,,,,,,,,,1,2023,40,,65,6,,2,,,380,,,,BBP,10,line,Wahle – Hattorf – Helmstedt – Landes- grenze NI/ST (Mast 6) – Wolmirstedt,Wahle,,Hattorf,,10.365338662586142 52.28466156477866,10.761248371477675 52.36745365064589,Bestand,,,65,380,Umbeseilung,Leitung,NI,NV,,,BBP Nr. 10,2023,3: vor oder im PFV/ Genehmigung nach BImSchG,,,,,,
TTG-P33,,,,,AC,,,,,,,,,1,2025,40,,,6,,2,,,380,,,,BBP,10,line,Wahle – Hattorf – Helmstedt – Landes- grenze NI/ST (Mast 6) – Wolmirstedt,Hattorf,,Helmstedt,,10.761248371477675 52.36745365064589,10.999333070802122 52.20014201370701,Bestand,,,*,380,Umbeseilung,Leitung,NI,NV,,,BBP Nr. 10,2025,3: vor oder im PFV/ Genehmigung nach BImSchG,,,,,,
TTG-P33,,,,,AC,,,,,3600,,,,1,2025,40,,65,6,,2,,,380,,,,BBP,10,line,Wahle – Hattorf – Helmstedt – Landes- grenze NI/ST (Mast 6) – Wolmirstedt,Helmstedt,,Wolmirstedt,,10.999333070802122 52.20014201370701,11.6401668419024 52.26899390911886,Bestand,,,*,380,Umbeseilung,Leitung,NI,NV,,,BBP Nr. 10,2025,3: vor oder im PFV/ Genehmigung nach BImSchG,,,,,,
TTG-P46,,,,,AC,,,,,2700,,,,1,2022,40,,182,6,,2,,,380,,,,BBP,18,line,Redwitz – Mechlenreuth – Etzenricht – Schwandorf (Ostbayernring),Redwitz,,Mechlenreuth,,11.193698240199689 50.16222420264838,11.81095506273847 50.18363584808292,Bestand,,,182,380,Errichtung einer Lei- tung: Ersatzneubau,Leitung,BY,NV,,,BBP Nr. 18,2022,3: vor oder im PFV/ Genehmigung nach BImSchG,,,,4000A For both circuits?,,
TTG-P46,,,,,AC,,,,,2700,,,,1,2025,40,,,6,,2,,,380,,,,BBP,18,line,,Mechlenreuth,,Etzenricht,,11.81095506273847 50.18363584808292,12.114769928393569 49.631152225899484,Bestand,,,*,380,Errichtung einer Lei- tung: Ersatzneubau,Leitung,BY,NV,,,BBP Nr. 18,"2024 /
2025",3: vor oder im PFV/ Genehmigung nach BImSchG,,,,4000A For both circuits?,,
TTG-P46,,,,,AC,,,,,2700,,,,1,2025,40,,44.4,6,,2,,,380,,,,BBP,18,line,,Etzenricht,, Schwandorf (Ostbayernring),,12.114769928393569 49.631152225899484,12.081967 49.297147,Bestand,,,*,380,Errichtung einer Lei- tung: Ersatzneubau,Leitung,BY,NV,,,BBP Nr. 18,"2024 /
2025",3: vor oder im PFV/ Genehmigung nach BImSchG,,,,4000A For both circuits?,,
TTG-P48,,,,,AC,,,,,2700,,,,1,2025,40,,50,3,,1,,,380,,,,BBP,20,line,Grafenrheinfeld – Punkt Rittershausen,Grafenrheinfeld,,Punkt Rittershausen,,10.187883452706167 49.98122647337771,10.013017 49.611797,Bestand,,,50,380,Zubeseilung,Leitung,BY,NV,,,BBP Nr. 20,"2024 /
2025",3: vor oder im PFV/ Genehmigung nach BImSchG,,,,,,
TTG-P67,,,,,AC,,,,,2700,,,,1,2024,40,,13,6,,2,,,380,,,,BBP,32,line,Simbach – Matzenhof - Bundesgrenze AT,Simbach,,Punkt Matzenhof,,13.002766136405345 48.261999118038034,13.013943 48.290369,Bestand,,,13,380,Errichtung einer Lei- tung: Ersatzneubau,Leitung,BY,NV,x,x,BBP Nr. 32,2024,3: vor oder im PFV/ Genehmigung nach BImSchG,,,,4000A For both circuits?,,
TTG-P67,,,,,AC,,,,,2700,,,,1,2026,40,,,6,,2,,,380,,,,BBP,32,line,,Punkt Matzenhof,,Bundesgrenze AT,,13.013943 48.290369,13.060147 48.272481,Bestand,,,*,380,Errichtung einer Lei- tung: Ersatzneubau,Leitung,BY,NV,x,x,BBP Nr. 32,"2024,
2026",3: vor oder im PFV/ Genehmigung nach BImSchG,,,,4000A For both circuits?,,
TTG-P67,,,,,AC,,,,,2700,,,,1,2026,40,,7,6,,2,,,380,,,,BBP,32,line,Altheim – Adlkofen,Altheim,,Punkt Adlkofen,,12.220835400057918 48.58573299883071,12.260740 48.546736,Bestand,,,7,380,Errichtung einer Lei- tung: Ersatzneubau,Leitung,BY,NV,x,x,BBP Nr. 32,"2024,
2026",3: vor oder im PFV/ Genehmigung nach BImSchG,,,,4000A For both circuits?,,
TTG-P67,,,,,AC,,,,,2700,,,,1,2026,40,,66,6,,2,,,380,,,,BBP,32,line,Adlkofen – Matzenhof,Punkt Adlkofen,,Matzenhof,,12.260740 48.546736,13.013943 48.290369,Bestand,,,66,380,Errichtung einer Lei- tung: Ersatzneubau,Leitung,BY,NV,x,x,BBP Nr. 32,"2024,
2026",3: vor oder im PFV/ Genehmigung nach BImSchG,,,,4000A For both circuits?,,
TTG-P69,,,,,AC,,,,,2400,,,,1,2026,40,,61,6,,2,,,380,,,,BBP,34,line,Emden / Ost – Conneforde,Emden-Borssum,,Conneforde,,7.224238437060019 53.34992715625334,8.052813201940419 53.33191378148668,Bestand,,,61,380,Errichtung einer Lei- tung: Ersatzneubau,Leitung,NI,NV,x,,BBP Nr. 34,"2024,
2026",4: Genehmigt oder im Bau,,,,3600A for both circuits?,,
TTG-P72,,,,,AC,,,,,,,,,1,2022,40,,50,6,,2,,,380,,,,BBP,42,line,Kreis Segeberg – Lübeck / West,Kreis Segeberg,,Lübeck,,9.985091 53.742518,10.640952461335745 53.919444277182414,Bestand,,,50,380,Errichtung einer Lei- tung: Ersatzneubau,Leitung,SH,NV,x,,BBP Nr. 42,"2021,
2022",3: vor oder im PFV/ Genehmigung nach BImSchG,,,,,,
TTG-P118,,,,,AC,,,,,2700,,,,1,2025,40,,41,6,,2,,,380,,,,BBP,43,line,Borken – Mecklar,Borken,,Mecklar,,9.259383867929541 51.060366832216744,9.746026530326525 50.9174270688464,Bestand,,,41,380,Umbeseilung,Leitung,HE,NV,,,BBP Nr. 43,2025,3: vor oder im PFV/ Genehmigung nach BImSchG,,,,"HTL Umbeseilung, 4000A for both circuits",,
TTG-P151,,,,,AC,,,,,2700,,,,1,2024,40,,43,6,,2,,,380,,,,BBP,45,line,Borken – Twistetal,Borken,,Twistetal,,9.259383867929541 51.060366832216744,8.99279244775296 51.34300940501005,Bestand,,,43,380,Umbeseilung,Leitung,HE,NV,,,BBP Nr. 45,"2023,
2024","3: vor oder im PFV/ Genehmigung nach BImSchG,
4: Genehmigt oder im Bau",,,,"HTL Umbeseilung, 4000A for both circuits",,
TTG-P185,,,,,AC,,,,,2400,,,,1,2023,40,,38,,,,,,380,,,,BBP,46,line,Redwitz – Landes- grenze BY / TH (Punkt Tschirn),Redwitz,,Punkt Tschirn (Landes- grenze BY / TH),,11.193698240199689 50.16222420264838,11.478551 50.432455,Bestand,,,38,380,Änderung oder Erweiterung einer Leitung: Zu- oder Umbeseilung,Leitung,BY,NV,,,BBP Nr. 46,"2022,
2023",4: Genehmigt oder im Bau,,,,3600A,,
TNG-P47,,,,,AC,,,,,,,,,1,2021,40,,76,,,,,,380,,,,BBP,19,line,Weinheim – Daxlanden,Weinheim,,Daxlanden,,8.626963252122508 49.543605582041856,8.313340225406092 49.0090434723512,Bestand,,,76,380,Errichtung einer Lei- tung: Ersatzneubau,Leitung,BW,NV,,,BBP Nr. 19,2021,2: Im ROV/BFP,,,,,,
TNG-P47,,,,,AC,,,,,,,,,1,2031,40,,17,,,,,,380,,,,BBP,19,line,Weinheim – Mannheim (G380),Weinheim,,Mannheim (G380),,8.626963252122508 49.543605582041856,8.545514 49.439807,Bestand,,,17,380,Errichtung einer Lei- tung: Ersatzneubau,Leitung,BW,NV,,,BBP Nr. 19,"2028,
2031",2: Im ROV/BFP,,,,,,
TNG-P47,,,,,AC,,,,,,,,,1,2031,40,,22.5,,,,,,380,,,,BBP,19,line,Mannheim (G380) – Altlußheim,Mannheim (G380),,Altlußheim,,8.545514 49.439807,8.512099281893201 49.29400019252661,Bestand,,,22.5,380,Errichtung einer Lei- tung: Ersatzneubau,Leitung,BW,NV,,,BBP Nr. 19,"2028,
2031",2: Im ROV/BFP,,,,,,
TNG-P47,,,,,AC,,,,,,,,,1,2031,40,,42,,,,,,380,,,,BBP,19,line,Altlußheim – Daxlanden,Altlußheim,,Daxlanden,,8.512099281893201 49.29400019252661,8.313340225406092 49.0090434723512,Bestand,,,42,380,Errichtung einer Lei- tung: Ersatzneubau,Leitung,BW,NV,,,BBP Nr. 19,"2028,
2031",2: Im ROV/BFP,,,,Bestehende Leitung erneuert,,
TNG-P48,,,,,AC,,,,,,,,,1,2031,40,,51,3,,1,,,380,,,,BBP,20,line,Punkt Rittershausen – Kupferzell,Punkt Rittershausen,,Kupferzell,,9.984653100000001 49.6042379 ,9.694651058409693 49.23258454716998,Bestand,,,51,380,Zubeseilung,Leitung,"BY, BW",NV,,,BBP Nr. 20,"2028,
2031",3: vor oder im PFV/ Genehmigung nach BImSchG,,,,,,
TNG-P48,,,,,AC,,,,,,,,,1,2025,40,,48,3,,1,,,380,,,,BBP,20,line,Kupferzell – Großgartach,Kupferzell,,Großgartach,,9.694651058409693 49.23258454716998,9.15157490076255 49.14362211741481,Bestand,,,48,380,Errichtung einer Lei- tung: Ersatzneubau,Leitung,BW,NV,,,BBP Nr. 20,2025,3: vor oder im PFV/ Genehmigung nach BImSchG,,,,Ersatzneubau,,
TNG-P49,,,,,AC,,,,,,,,,1,2025,40,,119,,,,,,380,,,,BBP,21,line,Daxlanden – Bühl/ Kuppenheim – Weier – Eichstetten,Daxlanden,,Kuppenheim,,8.313340225406092 49.0090434723512,8.248729079824315 48.84631655943378,Bestand,,,119,380,Errichtung einer Lei- tung: Ersatzneubau,Leitung,BW,NV,,,BBP Nr. 21,2025,3: vor oder im PFV/ Genehmigung nach BImSchG,,,,Teilweise HTLS_Beseilung,,
TNG-P49,,,,,AC,,,,,,,,,1,2025,40,,119,,,,,,380,,,,BBP,21,line,Daxlanden – Bühl/ Kuppenheim – Weier – Eichstetten,Kuppenheim,,Bühl ,,8.248729079824315 48.84631655943378,,Bestand,,,*,380,Errichtung einer Lei- tung: Ersatzneubau,Leitung,BW,NV,,,BBP Nr. 21,2025,3: vor oder im PFV/ Genehmigung nach BImSchG,,,,Teilweise HTLS_Beseilung,,
TNG-P49,,,,,AC,,,,,,,,,1,2025,40,,119,,,,,,380,,,,BBP,21,line,Daxlanden – Bühl/ Kuppenheim – Weier – Eichstetten,Bühl,,Weier,,8.120596018028706 48.70536875138053,7.908666282746797 48.501784102651996,Bestand,,,*,380,Errichtung einer Lei- tung: Ersatzneubau,Leitung,BW,NV,,,BBP Nr. 21,2025,3: vor oder im PFV/ Genehmigung nach BImSchG,,,,Teilweise HTLS_Beseilung,,
TNG-P49,,,,,AC,,,,,,,,,1,2029,40,,,,,,,,380,,,,BBP,21,line,,Weier,,Eichstetten,,7.908666282746797 48.501784102651996,7.753495510341039 48.09935573343809,Bestand,,,*,380,Errichtung einer Lei- tung: Ersatzneubau,Leitung,BW,NV,,,BBP Nr. 21,"2028,
2029",3: vor oder im PFV/ Genehmigung nach BImSchG,,,,,,
TNG-P70,,,,,AC,,,,,,,,,1,2029,40,,25.7,,,,,,380,,,,BBP,35,line,Birkenfeld – Mast 115A,Birkenfeld,,Mast 115A,,8.641627910762603 48.89007089696151,8.813121887857966 48.942622165717914,Ausbau,,11.5,14.2,380,"Errichtung einer Leitung: Neubau in neuer Trasse, Zubeseilung",Leitung,BW,NVA,,,BBP Nr. 35,"2028,
2029",3: vor oder im PFV/ Genehmigung nach BImSchG,,,,Einbindung in Leitung: Pulverdingen – Philippsburg,,
DC1,,,,,DC,,,,,2000,,,,1,2022,40,,300,,,,,,,,,,BBP,1,line,Emden / Ost – Osterath (A-Nord),Emden-Borssum,,Osterath,,7.224238437060019 53.34992715625334,6.625829004351699 51.26061129731316,Ausbau,,300,,,Errichtung einer Leitung: Neubau in neuer Trasse,Leitung,"NI, NW",,x,,BBP Nr. 1,"2021,
2022",3: vor oder im PFV/ Genehmigung nach BImSchG,AMP,,,Nur Leistungsanagbe 2 GW (Nennleistung),,
DC2,,,,,DC,,,,,2000,,,,1,2027,40,,340,,,,,,380,,,,BBP,2,line,Osterath – Philippsburg (Ultranet),Osterath,,Rheinau,,6.625829004351699 51.26061129731316,8.547160873968359 49.44053972977923,Bestand,,,340,380,"Errichtung einer Leitung: Ersatzneu- bau, Änderung oder Erweiterung einer Leitung: Zu- oder Umbeseilung",Leitung,"NW,
HE, BW",NV,x,x,BBP Nr. 2,"2025,
2027",3: vor oder im PFV/ Genehmigung nach BImSchG,"AMP, TNG",,,Nur Leistungsanagbe 2 GW (Nennleistung),,
DC2,,,,,DC,,,,,2000,,,,1,2027,40,,340,,,,,,380,,,,BBP,2,line,Osterath – Philippsburg (Ultranet),Rheinau,,Philippsburg,,8.547160873968359 49.44053972977923,8.46578496756474 49.22151664004841,Bestand,,,*,380,"Errichtung einer Leitung: Ersatzneu- bau, Änderung oder Erweiterung einer Leitung: Zu- oder Umbeseilung",Leitung,"NW,
HE, BW",NV,x,x,BBP Nr. 2,"2025,
2027",3: vor oder im PFV/ Genehmigung nach BImSchG,"AMP, TNG",,,Nur Leistungsanagbe 2 GW (Nennleistung),,
DC3,,,,,DC,,,,,2000,,,,1,2024,40,,689,,,,,,,,,,BBP,3,line,Brunsbüttel – Großgartach (SuedLink),Brunsbüttel,,Großgartach,,9.201683603864101 53.89581463892435,9.15157490076255 49.14362211741481,Ausbau,,689,,,Errichtung einer Leitung: Neubau in neuer Trasse,Leitung,"SH,NI,HE,TH,BY, BW",,x,x,BBP Nr. 3,"2023/
2024,
2026",3: vor oder im PFV/ Genehmigung nach BImSchG,"TTG, TNG",,,Nur Leistungsanagbe 2 GW (Nennleistung),,
DC4,,,,,DC,,,,,2000,,,,1,2028,40,,538,,,,,,,,,,BBP,4,line,Wilster / West – Bergrheinfeld / West (SuedLink),Wilster,,Bergrheinfeld,,9.34434473552974 53.919205564871284,10.16030331266777 49.98915674945729,Ausbau,,538,,,Errichtung einer Leitung: Neubau in neuer Trasse,Leitung,"SH,
NI,
HE,
TH, BY",,x,x,BBP Nr. 4,"2026,
2028",3: vor oder im PFV/ Genehmigung nach BImSchG,"TTG, TNG",,,Nur Leistungsanagbe 2 GW (Nennleistung),,
DC5,,,,,DC,,,,,2000,,,,1,2028,40,,539,,,,,,,,,,BBP,5,line,Wolmirstedt – Isar,Wolmirstedt,,Isar,,11.6401668419024 52.26899390911886,12.296883821275578 48.60690994546696,Ausbau,,539,,,Errichtung einer Leitung: Neubau in neuer Trasse,Leitung,"ST,
TH,
SN, BY",,x,x,BBP Nr. 5,"2026,
2028",3: vor oder im PFV/ Genehmigung nach BImSchG,"50HzT, TTG",,,Nur Leistungsanagbe 2 GW (Nennleistung),,
DC1a,,,,,DC,,,,,2400,,,,1,2027,40,,300,,,,,,,,,,BBPIG,1,line,Emden / Ost – Osterath,Emden-Borssum,,Osterath,,7.224238437060019 53.34992715625334,6.625829004351699 51.26061129731316,Bestand,,,300,,Optimierung,Leitung,"NI, NW",NO,x,,,"2025,
2027",3: Vor oder im PFV/ Genehmigung nach BImSchG,AMP,DC1a,x,"HVDC 2.4 GW, Nutzung inhärenter Reserven",,
DC20,,,,,DC,,,,,2000,,,,1,2027,40,,759,,,,,,,,,,BBPIG,5a,line,Klein Rogahn – Isar,Görries,,Isar,,11.370591034721848 53.60071538776719,12.296883821275578 48.60690994546696,Ausbau/Bestand,,220,539,,"Errichtung einer Leitung: Neubau in neuer Trasse, Errichtung einer Leitung: Paral- lelneubau",Leitung,"MV,
NI,
ST,
SN,
TH, BY",NVA,,,,"2025,
2027",1: Vorbereitung Pla- nungs- und Geneh- migungsverfahren 3: Vor oder im PFV/ Genehmigung nach BImSchG,"50HzT, TTG",DC20,x,HVDC 2 GW,,
DC21,,,,,DC,,,,,2000,,,,1,2032,40,,267,,,,,,,,,,BBPIG,49,line,Wilhelmshaven 2 - Region Hamm,Wilhelmshaven,,Region Hamm,,8.147837119262812 53.56354694037817,7.9720047 51.68033464914993,Ausbau,,267,,,Errichtung einer Leitung: Neubau in neuer Trasse,Leitung,"NI, NW",,x,,,"2030,
2032",1: Vorbereitung Pla- nungs- und Geneh- migungsverfahren,"AMP, TTG",DC21b,x,HVDC 2 GW,,
DC25,,,,,DC,,,,,2000,,,,1,2031,40,,407,,,,,,,,,,BBPIG,48,line,Heide / West – Polsum,Heide-West,,Polsum,,9.051183241890591 54.16218742500788,7.023309809364244 51.625703743245474,Ausbau,,407,,,Errichtung einer Leitung: Neubau in neuer Trasse,Leitung,"SH,
NI, NW",,x,,,"2030,
2031",1: Vorbereitung Pla- nungs- und Geneh- migungsverfahren,"AMP, TTG",DC25,x,HVDC 2 GW,,
DC31,,,,,DC,,,,,2000,,,,1,2031,40,,212,,,,,,,,,,,,line,Heide / West – Klein Rogahn,Heide-West,,Görries,,9.051183241890591 54.16218742500788,11.370591034721848 53.60071538776719,Ausbau,,212,,,Errichtung einer Leitung: Neubau in neuer Trasse,Leitung,"SH, MV",,,,,"2030,
2031",,"50HzT, TTG",DC31,x,HVDC 2 GW,,
DC34,,,,,DC,,,,,2000,,,,1,2035,40,,528,,,,,,,,,,,,line,Suchraum Rastede – Bürstadt,Rastede,,Bürstadt,,8.183735321635314 53.259497432762444,8.419373160819056 49.63371907511068,Ausbau,,528,,,Errichtung einer Leitung: Neubau in neuer Trasse,Leitung,"NI, HE",,,,,2035,,"AMP, TTG",DC34,,,,
P20,,,,,AC,,,,,5400,,,,1,2035,40,,30,6,,2,,,380,,,,BBPIG,37,line,Emden / Ost – Halbemond,Emden-Borssum,,Halbemond,,7.224238437060019 53.34992715625334,7.264137656045865 53.561567947932154,Ausbau/Bestand,,30,,380,Errichtung einer Leitung: Neubau in neuer Trasse,Leitung,NI,,x,,,2035,1: Vorbereitung Pla- nungs- und Geneh- migungsverfahren,TTG,M69,x,each 4000A,,
P22,,,,,AC,,,,,5400,,,,1,2030,40,,36,6,,2,,,380,,,,BBPIG,55,line,Elsfleth / West – Ganderkesee (über Niedervieland),Elsfleth,,Niedervieland,,8.402976949446648 53.237146831320025,8.695160795744286 53.092536123574995,Bestand,,,36,380,Errichtung einer Leitung: Ersatz- neubau,Leitung,"NI, HB",NV,,,,2030,1: Vorbereitung Pla- nungs- und Geneh- migungsverfahren,TTG,M80,x,each 4000A,,
P22,,,,,AC,,,,,5400,,,,1,2031,40,,,6,,2,,,380,,,,BBPIG,55,line,,Niedervieland,,Ganderkesee,,8.695160795744286 53.092536123574995,8.563991876746766 53.03191782682749,Bestand,,,*,380,Errichtung einer Leitung: Ersatz- neubau,Leitung,"NI, HB",NV,,,,"2030,
2031",1: Vorbereitung Pla- nungs- und Geneh- migungsverfahren,TTG,M80,x,each 4000A,,
P22,,,,,AC,,,,,5400,,,,1,2031,40,,32,3,,1,,,380,,,,BBPIG,54,line,Conneforde – Unterweser,Conneforde,,Unterweser,,8.052813201940419 53.33191378148668,8.474707083954415 53.42865120619339,Bestand,,,32,380,Änderung oder Erweiterung einer Leitung: Spannungs- umstellung,Leitung,NI,NO,,,,"2030,
2031",3: Vor oder im PFV/ Genehmigung nach BImSchG,TTG,M92,x,,,
P23,,,,,AC,,,,,5400,,,,1,2025,40,,100,6,,2,,,380,,,,BBPIG,38,line,Dollern – Elsfleth / West,Dollern,,Alfstedt,,9.501790032393501 53.54281468005007,9.068813798412615 53.566635135292216,Bestand,,,100,380,Errichtung einer Leitung: Ersatz- neubau,Leitung,NI,NV,x,,,2025,1: Vorbereitung Pla- nungs- und Geneh- migungsverfahren,TTG,M20,x,each 4000A,,
P23,,,,,AC,,,,,5400,,,,1,2029,40,,,6,,2,,,380,,,,BBPIG,38,line,,Alfstedt,,Farge,,9.068813798412615 53.566635135292216,8.515550593140427 53.20389079501094,Bestand,,,*,380,Errichtung einer Leitung: Ersatz- neubau,Leitung,NI,NV,x,,,"2028,
2029",1: Vorbereitung Pla- nungs- und Geneh- migungsverfahren,TTG,M20,x,each 4000A,,
P23,,,,,AC,,,,,5400,,,,1,2029,40,,,6,,2,,,380,,,,BBPIG,38,line,,Farge,,Elsfleth,,8.515550593140427 53.20389079501094,8.402976949446648 53.237146831320025,Bestand,,,*,380,Errichtung einer Leitung: Ersatz- neubau,Leitung,NI,NV,x,,,"2028,
2029",1: Vorbereitung Pla- nungs- und Geneh- migungsverfahren,TTG,M20,x,each 4000A,,
P26,,,,,AC,,,,,5400,,,,1,2029,40,,3,6,,2,,,380,,,,BBPIG,50,line,Brunsbüttel – Büttel,Brunsbüttel,,Büttel,,9.201683603864101 53.89581463892435,9.201683603864101 53.89581463892435,Bestand,,,3,380,Errichtung einer Leitung: Ersatz- neubau,Leitung,SH,NV,,,,"2028,
2029",1: Vorbereitung Pla- nungs- und Geneh- migungsverfahren,TTG,M432,x,each 4000A,,
P26,,,,,AC,,,,,5400,,,,1,2030,40,,8,6,,2,,,380,,,,BBPIG,50,line,Büttel – Wilster/West,Büttel,,Wilster,,9.201683603864101 53.89581463892435,9.34434473552974 53.919205564871284,Bestand,,,8,380,Errichtung einer Leitung: Ersatz- neubau,Leitung,SH,NV,,,,"2029,
2030",1: Vorbereitung Planungs- und Genehmigungsver- fahren,TTG,M76,x,each 4000A,,
P26,,,,,AC,,,,,5400,,,,1,2030,40,,44,6,,2,,,380,,,,BBPIG,50,line,Wilster / West – Stade / West,Wilster,,Stade,,9.34434473552974 53.919205564871284,9.52961313277882 53.61897915999745,Bestand,,,44,380,Errichtung einer Leitung: Ersatz- neubau,Leitung,"SH, NI",NV,,,,"2029,
2030",1: Vorbereitung Pla- nungs- und Geneh- migungsverfahren,TTG,M89,x,each 4000A,,
P33,,,,,AC,,,,,2700,,,,1,2030,40,,146,6,,2,,,380,,,,BBPIG,10,line,Wolmirstedt – Helmstedt – Hallendorf/Gleidingen– Kreuzung M24b/TTG-006 – Mehrum/Nord,Wolmirstedt,,Helmstadt,,11.6401668419024 52.26899390911886,8.967786606394846 49.31782228406299,Bestand,,,146,380,Errichtung einer Leitung: Paral- lelneubau,Leitung,"ST, NI",NV,,,,"2029,
2030","1: Vorbereitung Pla- nungs- und Geneh- migungsverfahren, 3: Vor oder im PFV/ Genehmigung nach BImSchG","50HzT, TTG",M24b,x,Both 4000A,,
P33,,,,,AC,,,,,2700,,,,1,2032,40,,,6,,2,,,380,,,,BBPIG,10,line,*,Helmstadt,,Salzgitter-Hallendorf,,8.967786606394846 49.31782228406299,10.369230156474623 52.16709244924506,Bestand,,,*,380,Errichtung einer Leitung: Paral- lelneubau,Leitung,"ST, NI",NV,,,,"2032
","1: Vorbereitung Pla- nungs- und Geneh- migungsverfahren, 3: Vor oder im PFV/ Genehmigung nach BImSchG","50HzT, TTG",M24b,x,Both 4000A,,
P33,,,,,AC,,,,,2700,,,,1,2032,40,,,6,,2,,,380,,,,BBPIG,10,line,*,Salzgitter-Hallendorf,,Kreuzung M24b/ TTG-006,,10.369230156474623 52.16709244924506,10.258398000000001 52.169853,Bestand,,,*,380,Errichtung einer Leitung: Paral- lelneubau,Leitung,"ST, NI",NV,,,,"2027,
2028
(50HzT)
2031,
2032
(TTG)","1: Vorbereitung Pla- nungs- und Geneh- migungsverfahren, 3: Vor oder im PFV/ Genehmigung nach BImSchG","50HzT, TTG",M24b,x,Both 4000A,,
P33,,,,,AC,,,,,2700,,,,1,2032,40,,,6,,2,,,380,,,,BBPIG,10,line,*,Kreuzung M24b/ TTG-006,,Mehrum,,10.258398000000001 52.169853,10.087649794874086 52.315125665613714,Bestand,,,*,380,Errichtung einer Leitung: Paral- lelneubau,Leitung,"ST, NI",NV,,,,"2027,
2028
(50HzT)
2031,
2032
(TTG)","1: Vorbereitung Pla- nungs- und Geneh- migungsverfahren, 3: Vor oder im PFV/ Genehmigung nach BImSchG","50HzT, TTG",M24b,x,Both 4000A,,
P37,,,,,AC,,,,,2700,,,,1,2032,40,,87,,,,,,380,,,,BBPIG,12,line,Vieselbach – Landesgrenze Thüringen/Hessen,Vieselbach,,Eisenach,,11.12324628496046 50.99837545149305,10.386346317195237 51.00214547439807,Bestand,,,87,380,Errichtung einer Leitung: Ersatz- neubau,Leitung,TH,NV,,,,"2027,
2028
(50HzT)
2031,
2032
(TTG)",3: Vor oder im PFV/ Genehmigung nach BImSchG,50HzT,M25a,x,HTL Umbeseilung 4000A,,
P37,,,,,AC,,,,,2700,,,,1,2027,40,,43,,,,,,380,,,,BBPIG,12,line,Landesgrenze Thüringen/Hessen – Mecklar,Eisenach,,Mecklar,,10.386346317195237 51.00214547439807,9.746026530326525 50.9174270688464,Bestand,,,43,380,Änderung oder Erweiterung einer Leitung: Zu- oder Umbeseilung,Leitung,HE,NV,,,,"2026,
2027",3: Vor oder im PFV/ Genehmigung nach BImSchG,TTG,M25b,x,HTL Umbeseilung 4000A,,
P43,,,,,AC,,,,,5400,,,,1,2026,40,,50,6,,2,,,380,,,,BBPIG,17,line,Mecklar – Dipperz,Mecklar,,Dipperz,,9.746026530326525 50.9174270688464,9.774150580638903 50.52874938048326,Bestand,,,50,380,Errichtung einer Leitung: Paral- lelneubau,Leitung,HE,NV,x,,,"2024,
2026",1: Vorbereitung Pla- nungs- und Geneh- migungsverfahren,TTG,M74a,x,each 4000A,,
P43,,,,,AC,,,,,5400,,,,1,2031,40,,80,6,,2,,,380,,,,BBPIG,17,line,Dipperz – Bergrheinfeld / West,Dipperz,,Bergrheinfeld,,9.774150580638903 50.52874938048326,10.16030331266777 49.98915674945729,Ausbau,,80,,380,Errichtung einer Leitung: Neubau in neuer Trasse,Leitung,"HE, BY",,x,,,2031,1: Vorbereitung Pla- nungs- und Geneh- migungsverfahren,TTG,M74b,x,each 4000A,,
P51,,,,,AC,,,,,,,,,1,2031,40,,27,3,,1,,,380,,,,BBPIG,22,line,Großgartach – Endersbach,Großgartach,,Endersbach,,9.15157490076255 49.14362211741481,9.377588757620794 48.81260496555262,Bestand,,,27,380,"Errichtung einer Leitung: Ersatzneubau
Errichtung einer Leitung: Parallelneubau",Leitung,BW,NV,,,,2031,1: Vorbereitung Pla- nungs- und Geneh- migungsverfahren,TNG,M37,x,,,
P52,,,,,AC,,,,,,,,,1,2030,40,,7,,,,,,380,,,,BBPIG,40,line,Punkt Neuravensburg – Punkt Bundes- grenze (AT),Punkt Neuravensburg,,Punkt Sigmarszell/Bundes- grenze (AT),,9.7529041 47.648081100000006,9.8138546 47.1444672,Bestand,,,7,380,Errichtung einer Leitung: Ersatz- neubau,Leitung,"BW, BY",NV,x,,,2030,1: Vorbereitung Pla- nungs- und Geneh- migungsverfahren,"AMP, TNG",M94b,x,,,
P53,,,,,AC,,,,,,,,,1,2030,40,,45,6,,2,,,380,,,,BBPIG,41,line,Raitersaich/West– Ludersheim,Raitersaich,,Ludersheim,,10.843117833298242 49.37869267500462,11.327144234189406 49.394009068261695,Bestand,,,45,380,Errichtung einer Leitung: Ersatz- neubau,Leitung,BY,NV,,,,2030,2: Im ROV/BFP,TTG,M54,x,,,
P53,,,,,AC,,,,,5400,,,,1,2030,40,,114,6,,2,,,380,,,,BBPIG,41,line,Ludersheim - Sittling - Suchraum Stadt Rottenburg/Gemeinde Neufahrn - Altheim,Ludersheim,,Sittling,,11.327144234189406 49.394009068261695,11.79241389202698 48.83822405009197,Bestand,,,114,380,Errichtung einer Leitung: Ersatz- neubau,Leitung,BY,NV,,,,"2029,
2030",2: Im ROV/BFP,TTG,M350,x,Each 4000A,,
P53,,,,,AC,,,,,5400,,,,1,2029,40,,,6,,2,,,380,,,,BBPIG,41,line,,Sittling,,Suchraum Stadt Rottenburg/Gemeinde Neufahrn,,11.79241389202698 48.83822405009197,12.024631298548542 48.704875624685585,Bestand,,,*,380,Errichtung einer Leitung: Ersatz- neubau,Leitung,BY,NV,,,,"2028,
2029",2: Im ROV/BFP,TTG,M350,x,Each 4000A,,
P53,,,,,AC,,,,,5400,,,,1,2029,40,,,6,,2,,,380,,,,BBPIG,41,line,,Suchraum Stadt Rottenburg/Gemeinde Neufahrn,,Altheim,,12.024631298548542 48.704875624685585,12.220835400057918 48.58573299883071,Bestand,,,*,380,Errichtung einer Leitung: Ersatz- neubau,Leitung,BY,NV,,,,"2028,
2029",2: Im ROV/BFP,TTG,M350,x,Each 4000A,,
P72,,,,,AC,,,,,,,,,1,2029,40,,14,6,,2,,,380,,,,BBPIG,42,line,Lübeck / West – Siems,Lübeck,,Siems,,10.640952461335745 53.919444277182414,10.760835327266594 53.90974536464864,Bestand,,,14,380,Errichtung einer Leitung: Ersatz- neubau,Leitung,SH,NV,x,,,"2028,
2029",3: Vor oder im PFV/ Genehmigung nach BImSchG,TTG,M49,x,,,
P72,,,,,AC,,,,,,,,,1,2026,40,,40,6,,2,,,380,,,,BBPIG,42,line,Abzweig Göhl,Siems,,Göhl,,10.760835327266594 53.90974536464864,10.93852047842033 54.284353370877554,Ausbau,,40,,380,Errichtung einer Leitung: Neubau in neuer Trasse,Leitung,SH,,x,,,2026,3: Vor oder im PFV/ Genehmigung nach BImSchG,TTG,M351,x,,,
P74,,,,,AC,,,,,,,,,1,2027,40,,110,3,,1,,,380,,,,TYNDP,47,line,Vöhringen - Punkt Bundesgrenze (AT),Vöhringen,,Memmingen,,10.082157401960373 48.26609017280219,10.194933512903965 47.97093690901617,Bestand,,,110,380,Zubeseilung,Leitung,,,,,,2027,1: Vorbereitung Planungs- und Genehmigungsverfahren,AMP,M96,,between Bavarian Swabia and Austria,,
P74,,,,,AC,,,,,,,,,1,2030,40,,,3,,1,,,380,,,,TYNDP,47,line,,Memmingen,,Leupolz,,10.194933512903965 47.97093690901617,10.362499738474474 47.73865994398536,Bestand,,,*,380,Zubeseilung,Leitung,,,,,,2030,1: Vorbereitung Planungs- und Genehmigungsverfahren,,M96,,between Bavarian Swabia and Austria,,
P74,,,,,AC,,,,,,,,,1,2030,40,,,3,,1,,,380,,,,TYNDP,47,line,,Leupolz,,Punkt Bundesgrenze (AT),,10.362499738474474 47.73865994398536,9.8138546 47.1444672,Bestand,,,*,380,Umbeseilung,Leitung,,,,,,2030,1: Vorbereitung Planungs- und Genehmigungsverfahren,AMP,M96,,between Bavarian Swabia and Austria,,
P84,,,,,AC,,,,,,,,,1,2030,40,,31,,,,,,380,,,,BBPIG,51,line,Hamburg / Nord– Hamburg / Ost ,Hamburg Nord,,Hamburg/Ost,,9.984058791561045 53.74147911149971,10.15820424005784 53.555410330604104,Bestand,,,31,380,Umbeseilung,Leitung,HH,NV,,,,2030,1: Vorbereitung Pla- nungs- und Geneh- migungsverfahren,50HzT,M367,x,HTLS Umbeseilung,,
P84,,,,,AC,,,,,,,,,1,2032,40,,28,12,,4,,,380,,,,BBPIG,51,line,Hamburg / Ost – Krümmel,Hamburg/Ost,,Krümmel,,10.15820424005784 53.555410330604104,10.414682339890597 53.41259063501034,Bestand,,,28,380,Errichtung einer Leitung: Ersatz- neubau,Leitung,"HH, SH",NV,,,,"2030,
2032",,50HzT,M368,x,,,
P112,,,,,AC,,,,,5400,,,,1,2032,40,,43,6,,2,,,380,,,,BBPIG,32,line,Pleinting - St. Peter,Pleinting,,St. Peter,,13.079171500000001 48.256076500000006,8.651358527371933 54.30547484138931,Bestand,,,43,380,Errichtung einer Leitung: Ersatz- neubau,Leitung,BY,NV,x,,,"2030,
2032",1: Vorbereitung Pla- nungs- und Geneh- migungsverfahren,TTG,M201,x,Each 4000A,,
P112,,,,,AC,,,,,,,,,1,2030,40,,27,6,,2,,,380,,,,BBPIG,32,line,Abzweig Pirach,St.Peter,,Pirach,,13.079171500000001 48.256076500000006,12.747462532231154 48.1487453438436,Bestand,,,27,380,Errichtung einer Leitung: Ersatz- neubau,Leitung,BY,NV,x,,,"2028,
2030",1: Vorbereitung Pla- nungs- und Geneh- migungsverfahren,TTG,M212,x,,,
P113,,,,,AC,,,,,5400,,,,1,2030,40,,54,6,,2,,,380,,,,BBPIG,58,line,Krümmel – Lüneburg – Stadorf,Krümmel,,Lüneburg,,10.414682339890597 53.41259063501034,10.37889424775347 53.219418968974026,Bestand,,,54,380,Errichtung einer Leitung: Ersatz- neubau,Leitung,"SH, NI",NV,,,,"2028,
2030",1: Vorbereitung Pla- nungs- und Geneh- migungsverfahren,TTG,M202a,x,Each 4000 A,,
P113,,,,,AC,,,,,5400,,,,1,2031,40,,,6,,2,,,380,,,,BBPIG,58,line,,Lüneburg,,Stadorf,,10.37889424775347 53.219418968974026,10.38154437005121 52.993374103119166,Bestand,,,*,380,Errichtung einer Leitung: Ersatz- neubau,Leitung,"SH, NI",NV,,,,"2030,
2031",1: Vorbereitung Pla- nungs- und Geneh- migungsverfahren,TTG,M202a,x,Each 4000 A,,
P113,,,,,AC,,,,,5400,,,,1,2031,40,,86,6,,2,,,380,,,,BBPIG,58,line,Stadorf – Wahle,Stadorf,,Wahle,,10.38154437005121 52.993374103119166,10.365338662586142 52.28466156477866,Bestand,,,86,380,Errichtung einer Leitung: Ersatz- neubau,Leitung,NI,NV,,,,"2030,
2031",1: Vorbereitung Pla- nungs- und Geneh- migungsverfahren,TTG,M203,x,Each 4000 A,,
P116,,,,,AC,,,,,5400,,,,1,2031,40,,118,6,,2,,,380,,,,BBPIG,57,line,Dollern – Samtgemeinde Sottrum – Mehringen – Punkt Landesbergen (Steyerberg),Dollern,,Sottrum,,9.501790032393501 53.54281468005007,9.253243575298317 53.11482167195141,Bestand,,,118,380,Errichtung einer Leitung: Ersatz- neubau,Leitung,NI,NV,,,,"2030,
2031",,TTG,M206,x,Each 4000A,,
P116,,,,,AC,,,,,5400,,,,1,2033,40,,,6,,2,,,380,,,,BBPIG,57,line,,Sottrum,,Mehringen,,9.253243575298317 53.11482167195141,9.1377225 52.823469800000005,Bestand,,,*,380,Errichtung einer Leitung: Ersatz- neubau,Leitung,NI,NV,,,,"2032,
2033",,TTG,M206,x,Each 4000A,,
P116,,,,,AC,,,,,5400,,,,1,2033,40,,,6,,2,,,380,,,,BBPIG,57,line,,Mehringen,,Landesbergen,,9.1377225 52.823469800000005,9.125265746125436 52.53826407418714,Bestand,,,*,380,Errichtung einer Leitung: Ersatz- neubau,Leitung,NI,NV,,,,"2032,
2033",,TTG,M206,x,Each 4000A,,
P116,,,,,AC,,,,,2700,,,,1,2033,40,,20,6,,2,,,380,,,,BBPIG,57,line,Punkt Landesbergen (Steyerberg) – Ovenstädt,Landesbergen,,Ovenstädt,,9.125265746125436 52.53826407418714,8.939692565631868 52.40303328706645,Bestand,,,20,380,Errichtung einer Leitung: Ersatz- neubau,Leitung,"NI, NW",NV,,,,"2032,
2033",,TTG,M494,x,Both 4000A,,
P119,,,,,AC,,,,,5400,,,,1,2033,40,,26,6,,2,,,380,,,,BBPIG,56,line,Conneforde – Suchraum Rastede – Elsfleth /West mit Anschluss Huntorf,Conneforde,,Rastede,,8.052813201940419 53.33191378148668,8.183735321635314 53.259497432762444,Bestand,,,26,380,Errichtung einer Leitung: Ersatz- neubau,Leitung,NI,NV,,,,"2032,
2033",1: Vorbereitung Pla- nungs- und Geneh- migungsverfahren,TTG,M90,x,each 4000A,,
P119,,,,,AC,,,,,5400,,,,1,2031,40,,,6,,2,,,380,,,,BBPIG,56,line,,Rastede,,Elsfleth,,8.183735321635314 53.259497432762444,8.402976949446648 53.237146831320025,Bestand,,,*,380,Errichtung einer Leitung: Ersatz- neubau,Leitung,NI,NV,,,,"2030,
2031",1: Vorbereitung Pla- nungs- und Geneh- migungsverfahren,TTG,M90,x,each 4000A,,
P119,,,,,AC,,,,,5400,,,,1,2031,40,,,6,,2,,,380,,,,BBPIG,56,line,,Elsfleth,,Huntorf,,8.402976949446648 53.237146831320025,8.408969723192392 53.19024535355,Bestand,,,*,380,Errichtung einer Leitung: Ersatz- neubau,Leitung,NI,NV,,,,"2030,
2031",1: Vorbereitung Pla- nungs- und Geneh- migungsverfahren,TTG,M90,x,each 4000A,,
P119,,,,,AC,,,,,5400,,,,1,2031,40,,86,6,,2,,,380,,,,BBPIG,56,line,Elsfleth / West – Abzweig Blockland – Samtgemeinde Sottrum,Elsfleth,,Blockland,,8.402976949446648 53.237146831320025,8.820024908006184 53.10738832251962,Bestand,,,86,380,Errichtung einer Leitung: Ersatz- neubau,Leitung,NI,NV,,,,"2030,
2031",1: Vorbereitung Pla- nungs- und Geneh- migungsverfahren,TTG,M535,x,each 4000A,,
P119,,,,,AC,,,,,5400,,,,1,2031,40,,,6,,2,,,380,,,,BBPIG,56,line,,Blockland,,Sottrum,,8.820024908006184 53.10738832251962,9.253243575298317 53.11482167195141,Bestand,,,*,380,Errichtung einer Leitung: Ersatz- neubau,Leitung,NI,NV,,,,"2030,
2031",1: Vorbereitung Pla- nungs- und Geneh- migungsverfahren,TTG,M535,x,each 4000A,,
P124,,,,,AC,,,,,,,,,1,2031,40,,117,,,,,,380,,,,BBPIG,60,line,Wolmirstedt – Klostermansfeld,Wolmirstedt,,Klostermansfeld,,11.6401668419024 52.26899390911886,11.516324717607773 51.583985361014165,Bestand,,,117,380,Umbeseilung,Leitung,ST,NV,,,,"2030,
2031",1: Vorbereitung Pla- nungs- und Geneh- migungsverfahren,50HzT,M209a,x,,,
P124,,,,,AC,,,,,,,,,1,2029,40,,39,,,,,,380,,,,BBPIG,60,line,Klostermansfeld – Schraplau/Obhausen – Lauchstädt,Klostermansfeld,,Schraplau/Obhausen,,11.516324717607773 51.583985361014165,11.619488460972732 51.41930431992865,Bestand,,,39,380,Umbeseilung,Leitung,ST,NV,,,,"2028,
2029",1: Vorbereitung Pla- nungs- und Geneh- migungsverfahren,50HzT,M209b,x,,,
P124,,,,,AC,,,,,,,,,1,2028,40,,,,,,,,380,,,,BBPIG,60,line,,Schraplau/Obhausen,,Lauchstädt,,11.619488460972732 51.41930431992865,11.894609645338448 51.406527815825655,Bestand,,,*,380,Umbeseilung,Leitung,ST,NV,,,,"2027,
2028",1: Vorbereitung Pla- nungs- und Geneh- migungsverfahren,50HzT,M209b,x,,,
P133,,,,,AC,,,,,5400,,,,1,2028,40,,73,,,,,,380,,,,BBPIG,65,line,Borken – Gießen / Nord,Borken,,Gießen Nord,,9.259383867929541 51.060366832216744,8.656646230292331 50.605749021732436,Bestand,,,73,380,Umbeseilung,Leitung,HE,NV,,,,"2027,
2028",1: Vorbereitung Pla- nungs- und Geneh- migungsverfahren,TTG,M253,x,each 4000A,,
P135,,,,,AC,,,,,5400,,,,1,2031,40,,60,,,,,,380,,,,BBPIG,57,line,Ovenstädt – Eickum – Bechterdissen,Ovenstädt,,Eickum,,8.939692565631868 52.40303328706645,8.571446947612305 52.10524367125356,Bestand,,,60,380,Umbeseilung,Leitung,NW,NV,,,,"2030,
2031",1: Vorbereitung Pla- nungs- und Geneh- migungsverfahren,TTG,M255,x,"Each 4000A, HTL Umbeseilung",,
P135,,,,,AC,,,,,5400,,,,1,2031,40,,,,,,,,380,,,,BBPIG,57,line,,Eickum,,Bechterdissen,,8.571446947612305 52.10524367125356,8.659214623379542 51.9991169566767,Bestand,,,*,380,Umbeseilung,Leitung,NW,NV,,,,"2030,
2031",1: Vorbereitung Pla- nungs- und Geneh- migungsverfahren,TTG,M255,x,"Each 4000A, HTL Umbeseiolung",,
P150,,,,,AC,,,,,,,,,1,2031,40,,71,,,,,,380,,,,BBPIG,44,line,Schraplau / Obhausen – Wolkramshausen,Schraplau Obhausen,,Wolkramshausen,,11.619488460972732 51.41930431992865,10.734669450629001 51.44018679015725,Bestand,,,71,380,Errichtung einer Leitung: Ersatz- neubau,Leitung,"ST, TH",NV,,,,"2030,
2031",2: Im ROV/BFP,50HzT,M352a,x,,,
P150,,,,,AC,,,,,,,,,1,2029,40,,66,,,,,,380,,,,BBPIG,44,line,Wolkramshausen – Vieselbach,Wolkramshausen,,Vieselbach,,10.734669450629001 51.44018679015725,11.12324628496046 50.99837545149305,Bestand,,,66,380,Errichtung einer Leitung: Ersatz- neubau,Leitung,TH,NV,,,,"2028,
2029",2: Im ROV/BFP,50HzT,M463,x,,,
P159,,,,,AC,,,,,,,,,1,2029,40,,13,,,,,,380,,,,BBPIG,67,line,Bürstadt – BASF,Bürstadt,,Punkt Roxheim,,8.419373160819056 49.63371907511068,8.3924707 49.567742900000006,Bestand,,,13,380,Errichtung einer Leitung: Parallelneubau,Leitung,"HE, RP",NVA,,,,"2028,
2029",1: Vorbereitung Pla- nungs- und Geneh- migungsverfahren,AMP,M62,x,"BASF build in future, Connection to BASF direct",,
P159,,,,,AC,,,,,,,,,1,2029,40,,5,,,,,,380,,,,BBPIG,67,line,Bürstadt – BASF,Punkt Roxheim,,BASF,,8.3924707 49.567742900000006,8.40828877363479 49.528623522017185,Ausbau,,5,,380,Errichtung einer Leitung: Neubau in neuer Trasse,Leitung,"HE, RP",NVA,,,,2029,1: Vorbereitung Pla- nungs- und Geneh- migungsverfahren,AMP,M62,x,BASF build in future,,
P161,,,,,AC,,,,,,,,,1,2029,40,,24,,,,,,380,,,,BBPIG,66,line,Großkrotzenburg– Urberach,Großkrotzenburg,,Dettingen,,8.958708591309906 50.0826077912028,8.98950736865504 50.060279806392764,Bestand,,,24,380,Umbeseilung,Leitung,HE,NV,,,,2029,1: Vorbereitung Pla- nungs- und Geneh- migungsverfahren,"AMP, TTG",M91,x,,,
P161,,,,,AC,,,,,,,,,1,2028,40,,,,,,,,380,,,,BBPIG,66,line,,Dettingen,,Urberach,,8.98950736865504 50.060279806392764,8.772275034667414 49.974574340406285,Bestand,,,*,380,Umbeseilung,Leitung,HE,NV,,,,"2027,
2028",1: Vorbereitung Pla- nungs- und Geneh- migungsverfahren,"AMP, TTG",M91,x,,,
P170,,,,,AC,,,,,,,,,1,2028,40,,34,,,,,,380,,,,TYNDP,244,line,Uchtelfangen – Ensdorf – Bundesgrenze (FR),Uchtelfangen,,Ensdorf,,6.996454674906002 49.37541496021159,6.773207879811455 49.2910742139778,Bestand,,,34,380,Umbeseilung,Leitung,SL,NV,,,,"2027,
2028",1: Vorbereitung Planungs- und Genehmigungsverfahren,AMP,M380,,between Germany and France,,
P170,,,,,AC,,,,,,,,,1,2030,40,,,,,,,,380,,,,TYNDP,244,line,,Ensdorf,,Punkt Oranna (Bundesgrenze (FR)),,6.773207879811455 49.2910742139778,3.1555151587908 46.808684469407666,Bestand,,,*,380,Umbeseilung,Leitung,SL,NV,,,,2030,1: Vorbereitung Planungs- und Genehmigungsverfahren,AMP,M380,,between Germany and France,,
P175,,,,,AC,,,,,5400,,,,1,2030,40,,15,6,,2,,,380,,,,BBPIG,73,line,Wilhelmshaven 2 – Fedderwarden,Wilhelmshaven,,Fedderwarden,,8.147837119262812 53.56354694037817,8.063672455328268 53.55578092463257,Ausbau,,15,,380,Errichtung einer Leitung: Neubau in neuer Trasse,Leitung,NI,,,,,2030,1: Vorbereitung Pla- nungs- und Geneh- migungsverfahren,TTG,M385,x,each 4000A,,
P175,,,,,AC,,,,,5400,,,,1,2029,40,,36,6,,2,,,380,,,,BBPIG,73,line,"Wilhelmshaven 2
– Conneforde",Wilhelmshaven,,Conneforde,,8.147837119262812 53.56354694037817,8.052813201940419 53.33191378148668,Bestand,,,36,380,Errichtung einer Leitung: Ersatz- neubau,Leitung,NI,NV,,,,2029,1: Vorbereitung Pla- nungs- und Geneh- migungsverfahren,TTG,M466,x,each 4000A,,
P176,,,,,AC,,,,,,,,,1,2029,40,,18,,,,,,380,,,,BBPIG,72,line,Eichstetten – Bundesgrenze [FR],Eichstetten,,Bundesgrenze [FR],,7.753495510341039 48.09935573343809,3.1555151587908 46.808684469407666,Bestand,,,18,380,Errichtung einer Leitung: Ersatz- neubau,Leitung,BW,NV,x,,,2029,1: Vorbereitung Pla- nungs- und Geneh- migungsverfahren,TNG,M387,x,,,
P200,,,,,AC,,,,,,,,,1,2026,40,,16,6,,2,,,380,,,,BBPIG,74,line,Punkt Blatzheim– Oberzier,Oberzier,,Punkt Blatzheim,,6.457700440405455 50.87149029041084,6.6481563 50.8671638,Bestand,,,16,380,Errichtung einer Leitung: Ersatz- neubau,Leitung,NW,NV,,,,2026,3: Vor oder im PFV/ Genehmigung nach BImSchG,AMP,M425,x,two additional circuits?,,
P204,,,,,AC,,,,,,,,,1,2027,40,,4,,,,,,380,,,,TYNDP,231,line,Tiengen – Bundesgrenze (CH),Tiengen,,Bundesgrenze (CH),,8.258827663264396 47.6342088867097,8.207947631625533 46.82343065666129,Bestand,,,4,380,Errichtung einer Leitung: Ersatzneubau,Leitung,BW,NV,,,,"2025,
2027",,AMP,M430,,Germany and Swizerland,,
P206,,,,,AC,,,,,,,,,1,2030,40,,140,6,,2,,,380,,,,BBPIG,23,line,Herbertingen – Kreis Konstanz – Beuren – Gurtweil / Tiengen,Herbertingen,,Kreis Konstanz,,9.425344076806475 48.06443972503238,9.271842295811792 47.91448781138595,Bestand,,,140,380,Errichtung einer Leitung: Ersatz- neubau,Leitung,BW,NV,,,,2030,1: Vorbereitung Pla- nungs- und Geneh- migungsverfahren,"AMP, TNG",M417,x,,,
P206,,,,,AC,,,,,,,,,1,2032,40,,,6,,2,,,380,,,,BBPIG,23,line,,Kreis Konstanz,,Beuren,,9.271842295811792 47.91448781138595,8.861525797588994 47.80643535471784,Bestand,,,*,380,Errichtung einer Leitung: Ersatz- neubau,Leitung,BW,NV,,,,"2030,
2032",1: Vorbereitung Pla- nungs- und Geneh- migungsverfahren,"AMP, TNG",M417,x,,,
P206,,,,,AC,,,,,,,,,1,2032,40,,,6,,2,,,380,,,,BBPIG,23,line,,Beuren,,Tiengen,,8.861525797588994 47.80643535471784,8.258827663264396 47.6342088867097,Bestand,,,*,380,Errichtung einer Leitung: Ersatz- neubau,Leitung,BW,NV,,,,"2030,
2032",1: Vorbereitung Pla- nungs- und Geneh- migungsverfahren,"AMP, TNG",M417,x,,,
P211,,,,,AC,,,,,5400,,,,1,2032,40,,51,,,,,,380,,,,BBPIG,65,line,Gießen / Nord – Karben,Gießen Nord,,Karben,,8.656646230292331 50.605749021732436,8.809948917696808 50.203566664751136,Bestand,,,51,380,Umbeseilung,Leitung,HE,NV,,,,"2030,
2032",,TTG,M434,x,each 4000A,,
P212,,,,,AC,,,,,5400,,,,1,2031,40,,73,,,,,,380,,,,,,line,Landesbergen – Grohnde,Landesbergen,,Grohnde,,9.125265746125436 52.53826407418714,9.390175306207366 52.02668689009703,Bestand,,,73,380,Umbeseilung,Leitung,NI,NV,,,,"2030,
2031",,TTG,M797,,Each 4000A,,
P212,,,,,AC,,,,,5400,,,,1,2040,40,,57,,,,,,380,,,,,,line,Grohnde – Vörden – Würgassen,Grohnde,,Vörden,,9.390175306207366 52.02668689009703,9.228111325885946 51.81245400273137,Bestand,,,57,380,Umbeseilung,Leitung,"NI, NW",NV,,,,2040,,TTG,M435,,Each 4000A,,
P212,,,,,AC,,,,,5400,,,,1,2040,40,,,,,,,,380,,,,,,line,,Vörden,,Würgassen,,9.228111325885946 51.81245400273137,9.387640755119856 51.64073490643047,Bestand,,,*,380,Umbeseilung,Leitung,"NI, NW",NV,,,,2040,,TTG,M435,,Each 4000A,,
P212,,,,,AC,,,,,5400,,,,1,2040,40,,57,,,,,,380,,,,,,line,Würgassen – Sanders- hausen / Ost – Bergshausen,Würgassen,,Sandershausen/Ost,,9.387640755119856 51.64073490643047,9.585278415357719 51.33137523792403,Bestand,,,57,380,Umbeseilung,Leitung,"NW, HE",NV,,,,2040,,TTG,M472,,Each 4000A,,
P212,,,,,AC,,,,,5400,,,,1,2040,40,,,,,,,,380,,,,,,line,,Sandershausen/Ost,,Bergshausen,,9.585278415357719 51.33137523792403,9.513830681321172 51.25897936948762,Bestand,,,*,380,Umbeseilung,Leitung,"NW, HE",NV,,,,2040,,TTG,M472,,Each 4000A,,
P212,,,,,AC,,,,,5400,,,,1,2040,40,,30,,,,,,380,,,,,,line,Bergshausen – Borken,Bergshausen,, Borken,,9.513830681321172 51.25897936948762,6.879875750355082 51.83942507749201,Bestand,,,30,380,Umbeseilung,Leitung,HE,NV,,,,2040,,TTG,M473,,Each 4000A,,
P215,,,,,AC,,,,,,,,,1,2040,40,,68,,,,,,380,,,,BBPIG,52,line,Güstrow – Bentwisch– Suchraum Gemeinden Sanitz/ Dettmannsdorf,Güstrow,,Bentwisch,,12.18580202996256 53.81602837061954,12.213671694775991 54.09974494582503,Bestand,,,68,380,Errichtung einer Leitung: Ersatz- neubau,Leitung,MV,NV,,,,2040,1: Vorbereitung Pla- nungs- und Geneh- migungsverfahren,50HzT,M454,x,,,
P215,,,,,AC,,,,,,,,,1,2030,40,,,,,,,,380,,,,BBPIG,52,line,,Bentwisch,,Sanitz Dettmannsdorf,,12.213671694775991 54.09974494582503,12.37806324631345 54.06951836083477,Bestand,,,*,380,Errichtung einer Leitung: Ersatz- neubau,Leitung,MV,NV,,,,"2029,
2030",1: Vorbereitung Pla- nungs- und Geneh- migungsverfahren,50HzT,M454,x,,,
P216,,,,,AC,,,,,,,,,1,2030,40,,90,,,,,,380,,,,BBPIG,53,line,Güstrow – Siedenbrünzow – Iven/Krusenfelde/Krien/ Spantekow/Wer- der/Bartow,Güstrow,,Siedenbrünzow,,12.18580202996256 53.81602837061954,13.143068658999566 53.907546811967244,Bestand,,,90,380,Errichtung einer Leitung: Ersatz- neubau,Leitung,MV,NV,,,,"2029,
2030",1: Vorbereitung Pla- nungs- und Geneh- migungsverfahren,50HzT,M455,x,,,
P216,,,,,AC,,,,,,,,,1,2033,40,,,,,,,,380,,,,BBPIG,53,line,,Siedenbrünzow,,Iven,,13.143068658999566 53.907546811967244,13.399828865772797 53.79444782102496,Bestand,,,*,380,Errichtung einer Leitung: Ersatz- neubau,Leitung,MV,NV,,,,"2032,
2033",1: Vorbereitung Pla- nungs- und Geneh- migungsverfahren,50HzT,M455,x,,,
P216,,,,,AC,,,,,,,,,1,2033,40,,62,,,,,,380,,,,BBPIG,53,line,Iven/Krusenfelde/Krien/ Spantekow/ Werder/Bartow – Pasewalk / Nord– Pasewalk,Iven,,Pasewalk,,13.399828865772797 53.79444782102496,14.033684493013668 53.507523103743004,Bestand,,,62,380,Errichtung einer Leitung: Ersatz- neubau,Leitung,MV,NV,,,,"2032,
2033",1: Vorbereitung Pla- nungs- und Geneh- migungsverfahren,50HzT,M523,x,,,
P221,,,,,DC,,,,,700,,,,1,2030,40,,35,,,1,,,,,,,TYNDP,267,line,50Hz T-Regalzone - Südschweden,Umspannwerk Güstrow,,Südschweden,,12.18580202996256 53.81602837061954,16.277634034498558 61.35776074926747,Ausbau,,35,,,Errichtung einer Leitung: Neubau in neuer Trasse,Leitung,MV,,,,,"2029,
2030",,50HzT,M461a,,"HDVC, 700 MW( Ausbau von 700W auf 1,4GW)",,
P222,,,,,AC,,,,,5400,,,,1,2035,40,,47,6,,2,,,380,,,,BBPIG,47,line,Oberbachern – Ottenhofen,Oberbachern,,Ottenhofen,,11.37040879051204 48.29148987363752,11.868156362309199 48.20680293969778,Bestand,,,47,380,Errichtung einer Leitung: Ersatz- neubau,Leitung,BY,NV,,,,2035,2: Im ROV/BFP,TTG,M461,x,each 4000A,,
P223,,,,,AC,,,,,5400,,,,1,2029,40,,147,,,,,,380,,,,,,line,Güstrow – Wessin – Görries– Klein Rogahn– Krümmel,Güstrow,,Wessin,,12.18580202996256 53.81602837061954,11.698597650739616 53.571372820376936,Bestand,,,147,380,Umbeseilung,Leitung,"MV, SH",NV,,,,"2027,
2029",,50HzT,M462a,x,Each 4000A,,
P223,,,,,AC,,,,,5400,,,,1,2030,40,,,,,,,,380,,,,,,line,,Wessin,,Görries,,11.698597650739616 53.571372820376936,11.370591034721848 53.60071538776719,Bestand,,,*,380,Umbeseilung,Leitung,"MV, SH",NV,,,,2030,,50HzT,M462a,x,Each 4000A,,
P223,,,,,AC,,,,,5400,,,,1,2030,40,,,,,,,,380,,,,,,line,,Görries,,Krümmel,,11.370591034721848 53.60071538776719,10.414682339890597 53.41259063501034,Bestand,,,*,380,Umbeseilung,Leitung,"MV, SH",NV,,,,2030,,50HzT,M462a,x,Each 4000A,,
P225,,,,,AC,,,,,5400,,,,1,2030,40,,8,9,,3,,,380,,,,BBPIG,77,line,Altheim – Isar,Altheim,,Isar,,12.220835400057918 48.58573299883071,12.296883821275578 48.60690994546696,Ausbau,,8,,380,Errichtung einer Leitung: Neubau in neuer Trasse,Leitung,BY,,,,,2030,1: Vorbereitung Pla- nungs- und Geneh- migungsverfahren,TTG,M464a,x,4000A,,
P227,,,,,AC,,,,,,,,,1,2030,40,,80,6,,2,,,380,,,,,,line,Lübeck / West – Krümmel,Lübeck,,Krümmel,,10.640952461335745 53.919444277182414,10.414682339890597 53.41259063501034,Ausbau,,80,,380,Errichtung einer Leitung: Neubau in neuer Trasse,Leitung,SH,,,,,"2029,
2030",-,TTG,M468,,,,
P228,,,,,AC,,,,,,,,,1,2040,40,,98,6,,2,,,380,,,,BBPIG,59,line,Landesbergen – Lehrte / Lahe – Mehrum / Nord,Landesbergen,,Lehrte,,9.125265746125436 52.53826407418714,9.918175987940906 52.38000537566891,Bestand,,,98,380,Errichtung einer Leitung: Ersatzneubau,Leitung,NI,NV,,,,2040,1: Vorbereitung Planungs- und Genehmigungsverfahren,TTG,M469a,x,,,
P228,,,,,AC,,,,,,,,,1,2032,40,,,6,,2,,,380,,,,BBPIG,59,line,,Lehrte,,Mehrum,,9.918175987940906 52.38000537566891,10.087649794874086 52.315125665613714,Bestand,,,*,380,Errichtung einer Leitung: Ersatz- neubau,Leitung,NI,NV,,,,"2031,
2032",1: Vorbereitung Planungs- und Genehmigungsverfahren,TTG,M469a,x,,,
P252,,,,,AC,,,,,,,,,1,2032,40,,4,,,,,,380,,,,,,line,(Marzahn – Punkt Biesdorf/Süd) – Wuhlheide,Marzahn,,Punkt Biesdorf Süd,,13.524113150563279 52.53579367759632,13.540792300000001 52.4979439,Bestand,,,4,380,Errichtung einer Leitung: Ersatzneubau,Leitung,BE,NV,,,,"2031,
2032",-,50HzT,M534a,x,,,
P252,,,,,AC,,,,,,,,,1,2032,40,,4,,,,,,380,,,,,,line,(Marzahn – Punkt Biesdorf/Süd) – Wuhlheide,Punkt Biesdorf Süd,,Wuhlheide,,13.540792300000001 52.4979439,13.5061273352059 52.473825606560844,Bestand,,,4,380,Errichtung einer Leitung: Ersatzneubau,Leitung,BE,NV,,,,"2031,
2032",-,50HzT,M534a,x,,,
P302,,,,,AC,,,,,,,,,1,2035,40,,46,,,,,,380,,,,BBPIG,68,line,Höpfingen – Hüffenhardt,Höpfingen,,Hüffenhardt,,9.446918747930244 49.59026295269401,9.091835332635775 49.29461883142266,Bestand,,,46,380,Änderung oder Erweiterung einer Leitung: Zu- oder Umbeseilung,Leitung,BW,NV,,,,"2030-
2035",1: Vorbereitung Planungs- und Genehmigungsverfahren,TNG,M511,x,,,
P306,,,,,AC,,,,,,,,,1,2030,40,,39,,,,,,380,,,,,,line,Großgartach – Pulverdingen,Großgartach,,Pulverdingen,,9.15157490076255 49.14362211741481,9.04543545075604 48.90296099677025,Bestand,,,39,380,"Errichtung einer Leitung: Ersatzneubau, Parallelneubau, Änderung oder Erweiterung einer Leitung: Zu- oder Umbeseilung",Leitung,BW,NV,,,,2030,,TNG,M518,x,TransnetBW,,
P313,,,,,AC,,,,,,,,,1,2035,40,,15,,,,,,,,,,TYNDP,225,line,Deutschland - Belgien,Dahlem,,Punkt Gramme (Belgien),,6.531696645299863 50.39004697200127,4.798653786209867 50.74318840599844,Bestand,,,15,,"Errichtung einer
Leitung: Neubau in
neuer Trasse",Leitung,NW,,,,,2035,,AMP,M488,,HVDC,,
P315,,,,,AC,,,,,,,,,1,2035,40,,94,6,,2,,,380,,,,BBPIG,63,line,Hanekenfähr – Gronau,Hanekenfähr,,Gronau,,7.308241662698386 52.47679112025016,7.034688605267841 52.20157372575072,Bestand,,,94,380,"Errichtung einer Leitung: Ersatzneubau,
Errichtung einer Leitung: Paral- lelneubau",Leitung,"NI, NW",NV,,,,2035,1: Vorbereitung Pla- nungs- und Geneh- migungsverfahren,AMP,M491,x,,,
P328,,,,,DC,,,,,1400,,,,1,2034,40,,200,,,,,,380,,,,BBPIG,70,line,Fedderwarden – Großbritannien,Fedderwarden,,Punkt Großbritannien,,8.063672455328268 53.55578092463257,-1.9756813895020315 53.282087722259334,Ausbau,,200,,380,Errichtung einer Leitung: Neubau in neuer Trasse,Leitung,NI,,x,,,"2033,
2034",3: Vor oder im PFV/ Genehmigung nach BImSchG,(TTG),M534,x,,,
P330,,,,,AC,,,,,,,,,1,2025,40,,42.3,,,,,,,,,,,,line,Punkt Rittershausen – Höpfingen,Punkt Rittershausen,,Höpfingen,,9.984653100000001 49.6042379 ,9.446918747930244 49.59026295269401,Bestand,,,42.3,,Änderung oder Erweiterung einer Leitung: Zu- oder Umbe- seilung,Leitung,"BY, BW",NV,,,,2025,,TNG,M550,x,,,
P355,,,,,AC,,,,,,,,,1,2035,40,,125,6,,2,,,380,,,,,,line,Netzverstärkung Neuenhagen – Heinersdorf – Eisenhüttenstadt – Preilack,Neuenhagen,,Heinersdorf,,13.710158941385528 52.53912561098884,14.132945161411003 52.44306446003311,Bestand,,,125,380,Errichtung einer Leitung: Ersatz- neubau,Leitung,BB,NV,,,,2035,,50HzT,M599,,,,
P355,,,,,AC,,,,,,,,,1,2035,40,,,6,,2,,,380,,,,,,line,,Heinersdorf,,Eisenhüttenstadt,,14.132945161411003 52.44306446003311,14.603938187245118 52.174864548479,Bestand,,,*,380,Errichtung einer Leitung: Ersatz- neubau,Leitung,BB,NV,,,,2035,,50HzT,M599,,,,
P355,,,,,AC,,,,,,,,,1,2035,40,,,6,,2,,,380,,,,,,line,,Eisenhüttenstadt,,Preilack,,14.603938187245118 52.174864548479,14.427719548278391 51.88920446787685,Bestand,,,*,380,Errichtung einer Leitung: Ersatz- neubau,Leitung,BB,NV,,,,2035,,50HzT,M599,,,,
P359,,,,,AC,,,,,,,,,1,2035,40,,37,,,,,,380,,,,BBPIG,60,line,Stendal / West – Wolmirstedt,Stendal West,,Wolmirstedt,,11.727508020040295 52.568641773335166,11.6401668419024 52.26899390911886,Bestand,,,37,380,Änderung oder Erweiterung einer Leitung: Zu- oder Umbe- seilung,Leitung,ST,NV,,,,2035,1: Vorbereitung Pla- nungs- und Geneh- migungsverfahren,50HzT,M571,x,,,
P367,,,,,AC,,,,,,,,,1,2030,40,,26,3,,1,,,380,,,,TYNDP,1047,line,Emden / Ost – Eemshaven (Grenze DE / NL),Emden-Borssum,,Punkt Eemshaven (Grenze DE / NL),,7.224238437060019 53.34992715625334,5.55144817647059 52.374286058823536,Ausbau,,26,,380,Errichtung einer Leitung: Neubau in neuer Trasse,Leitung,NI,,x,,,"2029,
2030",,,,,,,
P402,,,,,AC,,,,,,,,,1,2035,40,,126,,,,,,380,,,,,,line,Westerkappeln – Gersteinwerk,Westerkappeln,,Gersteinwerk,,7.890386064217827 52.277940414268855,7.709038739055074 51.676466718364246,Ausbau,,126,,380,Errichtung einer Leitung: Neubau in neuer Trasse,Leitung,NW,,,,,2035,,AMP,M602,x,,,
P403,,,,,AC,,,,,,,,,1,2033,40,,25,,,,,,380,,,,BBPIG,64,line,Hattingen – Linde,Hattingen,,Linderhausen,,7.167956726297289 51.38931989073198,7.296832527811758 51.29789776578129,Bestand,,,25,380,Errichtung einer Leitung: Ersatz- neubau,Leitung,NW,NV,,,,2033,1: Vorbereitung Pla- nungs- und Geneh- migungsverfahren,AMP,M603,x,,,
P403,,,,,AC,,,,,,,,,1,2033,40,,,,,,,,380,,,,BBPIG,64,line,,Linderhausen,,Linde,,7.296832527811758 51.29789776578129,7.233199543289641 51.23251323182934,Bestand,,,*,380,Errichtung einer Leitung: Ersatz- neubau,Leitung,NW,NV,,,,"2032,
2033",1: Vorbereitung Pla- nungs- und Geneh- migungsverfahren,AMP,M603,x,,,
P406,,,,,AC,,,,,,,,,1,2033,40,,10,,,,,,380,,,,BBPIG,71,line,Aach – Bofferdange,Aach,,Punkt Bofferdange,,6.5771198 49.770576600000005,6.498837300000001 49.734815000000005,Bestand,,,10,380,Errichtung einer Leitung: Ersatz- neubau,Leitung,RP,NV,x,,,"2032,
2033",1: Vorbereitung Pla- nungs- und Geneh- migungsverfahren,AMP,M606,x,,,
P408,,,,,AC,,,,,,,,,1,2027,40,,13,,,,,,380,,,,,,line,Eiberg – Bochum,Station Eiberg,,Bochum,,7.1257288028618015 51.44906598952049,7.1793735100712075 51.47220069047802,Bestand,,,13,380,Errichtung einer Leitung: Ersatz- neubau,Leitung,NW,NV,,,,"2026,
2027",,AMP,M621,x,,,
P408,,,,,AC,,,,,,,,,1,2035,40,,11,,,,,,380,,,,,,line,Bochum – Hattingen,Bochum,,Hattingen,,7.1793735100712075 51.47220069047802,7.167956726297289 51.38931989073198,Bestand,,,11,380,Errichtung einer Leitung: Ersatz- neubau,Leitung,NW,NV,,,,2035,,AMP,M622,x,,,
P408,,,,,AC,,,,,,,,,1,2035,40,,33,,,,,,380,,,,,,line,Emscherbruch – Bochum / Eiberg,Emscherbruch,,Station Eiberg,,7.194670500000001 51.55744970000001,7.1257288028618015 51.44906598952049,Bestand,,,33,380,Änderung oder Erweiterung einer Leitung: Zu- oder Umbe- seilung,Leitung,NW,NV,,,,2035,,AMP,M744,x,,,
P450,,,,,AC,,,,,,,,,1,2035,40,,98,,,,,,380,,,,BBPIG,60,line,Putlitz / Süd – Putlitz – Perleberg – Stendal / West,Putlitz Süd,,Putlitz,,12.109095205063745 53.2508228581121,12.087770145624637 53.25096102751974,Bestand,,,98,380,Änderung oder Erweiterung einer Leitung: Zu- oder Umbe- seilung,Leitung,"BB, ST",NV,,,,2035,1: Vorbereitung Pla- nungs- und Geneh- migungsverfahren,50HzT,M678,x,"HTLS, strengthened existing 380",,
P450,,,,,AC,,,,,,,,,1,2030,40,,,,,,,,380,,,,BBPIG,60,line,,Putlitz,,Perleberg,,12.087770145624637 53.25096102751974,11.852340511063945 53.08685484855226,Bestand,,,*,380,Änderung oder Erweiterung einer Leitung: Zu- oder Umbe- seilung,Leitung,"BB, ST",NV,,,,"2029,
2030",1: Vorbereitung Pla- nungs- und Geneh- migungsverfahren,50HzT,M678,x,"HTLS, strengthened existing 380",,
P450,,,,,AC,,,,,,,,,1,2030,40,,,,,,,,380,,,,BBPIG,60,line,,Perleberg,,Stendal West,,11.852340511063945 53.08685484855226,11.727508020040295 52.568641773335166,Bestand,,,*,380,Änderung oder Erweiterung einer Leitung: Zu- oder Umbe- seilung,Leitung,"BB, ST",NV,,,,"2029,
2030",1: Vorbereitung Pla- nungs- und Geneh- migungsverfahren,50HzT,M678,x,"HTLS, strengthened existing 380",,
P450,,,,,AC,,,,,,,,,1,2030,40,,152,,,,,,380,,,,BBPIG,60,line,Güstrow – Siedenbrünzow – Putlitz / Süd,Güstrow,,Siedenbrünzow,,12.18580202996256 53.81602837061954,13.143068658999566 53.907546811967244,Bestand,,,152,380,Änderung oder Erweiterung einer Leitung: Zu- oder Umbe- seilung,Leitung,"MV, BB",NV,,,,"2029,
2030",,50HzT,M786,x,"HTLS, strengthened existing 380",,
P450,,,,,AC,,,,,,,,,1,2035,40,,,,,,,,380,,,,BBPIG,60,line,,Siedenbrünzow,,Putlitz Süd,,13.143068658999566 53.907546811967244,12.109095205063745 53.2508228581121,Bestand,,,*,380,Änderung oder Erweiterung einer Leitung: Zu- oder Umbe- seilung,Leitung,"MV, BB",NV,,,,2035,,50HzT,M786,x,"HTLS, strengthened existing 380",,
P451,,,,,AC,,,,,,,,,1,2035,40,,22,,,,,,380,,,,BBPIG,62,line,Graustein – Bärwalde,Graustein,,Bärwalde,,14.471920575633378 51.55412023622933,14.508109226522716 51.41371040664038,Bestand,,,22,380,Änderung oder Erweiterung einer Leitung: Zu- oder Umbe- seilung,Leitung,"BB, SN",NV,,,,2035,3: Vor oder im PFV/ Genehmigung nach BImSchG,50HzT,M681,x,"HTLS, strengthened existing 380",,
P462,,,,,AC,,,,,,,,,1,2030,40,,24,,,,,,380,,,,BBPIG,75,line,Aachen – Netzerweiterung,Verlautenheide,,Zukunft,,6.167365723785745 50.802064506580734,6.300916694699705 50.82893923288616,Bestand,,,24,380,"Errichtung einer Leitung: Ersatzneubau, Änderung oder Erweiterung einer Leitung: Zu- oder Umbe- seilung",Leitung,NW,NV,,,,2030,1: Vorbereitung Pla- nungs- und Geneh- migungsverfahren,AMP,M689,x,600MW into 110kV grid,,
P462,,,,,AC,,,,,,,,,1,2028,40,,,,,,,,380,,,,BBPIG,75,line,,Zukunft,,Siersdorf,,6.300916694699705 50.82893923288616,6.216193010895051 50.91236183411619,Bestand,,,*,380,"Errichtung einer Leitung: Ersatzneubau, Änderung oder Erweiterung einer Leitung: Zu- oder Umbe- seilung",Leitung,NW,NV,,,,"2027,
2028",1: Vorbereitung Pla- nungs- und Geneh- migungsverfahren,AMP,M689,x,600MW into 110kV grid,,
P464,,,,,AC,,,,,,,,,1,2028,40,,3.7,6,,2,,,80,,,,,,line,Neubau Punkt Fraulautern – Saarwellingen,Punkt Fraulautern,,Saarwellingen,,6.797040300000001 49.335446100000006,6.76597464448081 49.360090798837405,Bestand,,,3.7,80,"Errichtung einer Leitung: Ersatzneubau, Änderung oder Erweiterung einer Leitung: Zu- oder Umbeseilung",Leitung,SL,NV,,,,"2027,
2028",,AMP,M691,x,two circute,,
P464,,,,,AC,,,,,,,,,1,2028,40,,0.9,9,,3,,,380,,,,,,line,Neubau Diefflen – Saarwellingen,Saarwellingen,,Dieffeln,,6.76597464448081 49.360090798837405,6.755523437374502 49.36486962412682,Bestand,,,0.9,380,"Errichtung einer Leitung: Ersatzneubau, Änderung oder Erweiterung einer Leitung: Zu- oder Umbe- seilung",Leitung,SL,NV,,,,2028,,AMP,M691,x,three circute,,
P500,,,,,AC,,,,,,,,,1,2028,40,,29.5,,,,,,380,,,,,,line,Aschaffenburg – Urberach,Aschaffenburg,,Urberach,,9.089693390602573 49.968496880547754,8.772275034667414 49.974574340406285,Ausbau,,29.5,,380,Errichtung einer Leitung: Neubau in neuer Trasse,Leitung,"BY, HE",NVA,,,,2028,,"AMP, TTG",M737,x,Nur zwischen Aschaffenburg und Urberach,,
P501,,,,,AC,,,,,,,,,1,2035,40,,34,,,,,,380,,,,,,line,Gersteinwerk – Lippe – Mengede,Gersteinwerk,,Lippe,,7.709038739055074 51.676466718364246,7.403376981173483 51.644462035314646,Bestand,,,34,380,Errichtung einer Leitung: Ersatz- neubau,Leitung,NW,NV,,,,2035,,AMP,M740,x,,,
P501,,,,,AC,,,,,,,,,1,2035,40,,,,,,,,380,,,,,,line,Gersteinwerk – Lippe – Mengede,Lippe,,Mengede,,7.403376981173483 51.644462035314646,7.353019672408016 51.57582114158172,Bestand,,,*,380,Errichtung einer Leitung: Ersatz- neubau,Leitung,NW,NV,,,,2035,,AMP,M740,x,,,
P502,,,,,AC,,,,,,,,,1,2035,40,,8.5,,,,,,380,,,,,,line,Walsum – Beeck,Walsum,,Beeck,,6.715197472199204 51.52680805256347,6.72256984428959 51.47978770959548,Bestand,,,8.5,380,Errichtung einer Leitung: Ersatz- neubau,Leitung,NW,NV,,,,2035,,AMP,M741,x,,,
P503,,,,,AC,,,,,,,,,1,2028,40,,26.6,,,,,,380,,,,,,line,Niederrhein – Walsum,Niederrhein,,Wehofen,,6.6807962637334715 51.646328801088394,6.787943879814032 51.53346599550683,Bestand,,,26.6,380,Änderung oder Erweiterung einer Leitung: Zu- oder Umbe- seilung,Leitung,NW,NV,,,,"2027 /
2028",,AMP,M742,x,Umstellung von 220 kV,,
P503,,,,,AC,,,,,,,,,1,2035,40,,,,,,,,380,,,,,,line,,Wehofen,,Walsum,,6.787943879814032 51.53346599550683,6.715197472199204 51.52680805256347,Bestand,,,*,380,Änderung oder Erweiterung einer Leitung: Zu- oder Umbe- seilung,Leitung,NW,NV,,,,2035,,AMP,M742,x,Umstellung von 220 kV,,
P504,,,,,AC,,,,,,,,,1,2035,40,,77,,,,,,380,,,,,,line,Sechtem – Weissenthurm,Sechtem,,Liessem,,6.972459875900362 50.79563726078529,7.136855967198004 50.642920980208515,Bestand,,,77,380,Änderung oder Erweiterung einer Leitung: Zu- oder Umbe- seilung,Leitung,"NW, RP",NV,,,,2035,,AMP,M743,x,Umbeseilung,,
P504,,,,,AC,,,,,,,,,1,2030,40,,,,,,,,380,,,,,,line,,Liessem,,Weissenthurm,,7.136855967198004 50.642920980208515,7.449489147076835 50.402530325728065,Bestand,,,*,380,Änderung oder Erweiterung einer Leitung: Zu- oder Umbe- seilung,Leitung,"NW, RP",NV,,,,2030,,AMP,M743,x,Umbeseilung,,
P505,,,,,AC,,,,,,,,,1,2030,40,,22,,,,,,,,,,,,line,Netzverstärkung Niederstedem – Bauler – Bundesgrenze,Niederstedem,,Bauler (Border),,6.475062982714686 49.92260878493446,6.2110203499824195 49.9586257800285,Bestand,,,22,,Änderung oder Erweiterung einer Leitung: Zu- oder Umbe- seilung,Leitung,RP,NV,,,,2030,,AMP,M754,x,"HTLS, existing is 220kV",,
P505,,,,,AC,,,,,,,,,1,2030,40,,,,,,,,,,,,,,line,,Bauler (Border),,Deutsch - luxemburgischen (border),,6.2110203499824195 49.9586257800285,6.130510690868267 49.6773404049915,Bestand,,,*,,Änderung oder Erweiterung einer Leitung: Zu- oder Umbe- seilung,Leitung,RP,NV,,,,2030,,AMP,M754,x,"HTLS, existing is 220kV",,
P509,,,,,AC,,,,,,,,,1,2030,40,,60,,,,,,380,,,,,,line,Limburg – Eschborn – Kriftel,Limburg,,Westerbach,,8.06579435011156 50.40646889728762,8.575816200500954 50.13572873528029,Ausbau,,60,,380,"Errichtung einer Leitung: Neubau in neuer Trasse, Änderung oder Erweiterung einer Leitung: Zu- oder Umbe- seilung",Leitung,HE,NVA,,,,2030,,AMP,M784,,,,
P509,,,,,AC,,,,,,,,,1,2040,40,,10,,,,,,380,,,,,,line,,Westerbach,,Kriftel,,8.575816200500954 50.13572873528029,8.471763441204741 50.097320201311256,Bestand,,,10,380,"Errichtung einer Leitung: Neubau in neuer Trasse, Änderung oder Erweiterung einer Leitung: Zu- oder Umbe- seilung",Leitung,HE,NVA,,,,2040,,AMP,M784,,,,
P528,,,,,AC,,,,,,,,,1,2040,40,,59,,,,,,380,,,,,,line,Netzverstärkung Lauchstädt – Leuna / Merse- burg / Weißenfels– Pulgar,Lauchstädt,,Pulgar,,11.894609645338448 51.406527815825655,12.337422954113398 51.19696836334348,Bestand,,,59,380,Errichtung einer Leitung: Ersatz- neubau,Leitung,"ST, SN",NV,,,,2040,,50HzT,M750,,,,
P531,,,,,AC,,,,,,,,,1,2040,40,,25,6,,2,,,380,,,,,,line,Thyrow – Mahlow – Berlin / Südost - Lichterfelde – Mitte,Thyrow,,Mahlow,,13.306340695859848 52.23082066002767,13.432194200000001 52.348807400000005,Bestand,,,25,380,"Errichtung einer Leitung: Neubau in neuer Trasse, Errichtung einer Leitung: Ersatz- neubau",Leitung,"BB, BE",NVA,,,,2040,,50HzT,M531a,x,,,
P531,,,,,AC,,,,,,,,,1,2035,40,,,6,,2,,,380,,,,,,line,,Mahlow,,Umspannwerk Schönefeld Nord,,13.432194200000001 52.348807400000005,13.488867025274294 52.394095314472025,Bestand,,,*,380,"Errichtung einer Leitung: Neubau in neuer Trasse, Errichtung einer Leitung: Ersatz- neubau",Leitung,"BB, BE",NVA,,,,"2030-
2035",,50HzT,M531a,x,,,
P531,,,,,AC,,,,,,,,,1,2035,40,,20,6,,2,,,380,,,,,,line,,Mahlow,,Lichterfelde,,13.432194200000001 52.348807400000005,13.310056664355569 52.423869696601386,Ausbau,,20,,380,"Errichtung einer Leitung: Neubau in neuer Trasse, Errichtung einer Leitung: Ersatz- neubau",Leitung,"BB, BE",NVA,,,,"2030-
2035",,50HzT,M531a,x,,,
P531,,,,,AC,,,,,,,,,1,2035,40,,,6,,2,,,380,,,,,,line,,Lichterfelde,,Mitte,,13.310056664355569 52.423869696601386,13.368653475247406 52.503147509807846,Ausbau,,*,,380,"Errichtung einer Leitung: Neubau in neuer Trasse, Errichtung einer Leitung: Ersatz- neubau",Leitung,"BB, BE",NVA,,,,"2030-
2035",,50HzT,M531a,x,,,
P531,,,,,AC,,,,,,,,,1,2035,40,,18,,,,,,380,,,,,,line,Malchow – Moabit – Reuter,Malchow,,Moabit,,13.495562984152079 52.58992665896176,13.35030748262825 52.53775635445269,Ausbau,,18,,380,Errichtung einer Leitung: Neubau in neuer Trasse,Leitung,BE,,,,,"2030-
2035",,50HzT,M531b,x,,,
P531,,,,,AC,,,,,,,,,1,2035,40,,,,,,,,380,,,,,,line,Malchow – Moabit – Reuter,Moabit,, Reuter,,13.35030748262825 52.53775635445269,13.249030342808782 52.53162510010523,Ausbau,,*,,380,Errichtung einer Leitung: Neubau in neuer Trasse,Leitung,BE,,,,,"2030-
2035",,50HzT,M531b,x,,,
,,,,,,,,,,,,,,1,2035,40,,,,,,,,,,,,,,,,,,,,6.804590290688168 50.9662510998506,6.804590290688168 50.9662510998506,,,,,,,,,,,,,"2030-
2035",,,,,,,
