scn_name,line_id,bus0,bus1,type,carrier,x,r,g,b,s_nom,s_nom_extendable,s_nom_min,s_nom_max,s_max_pu,build_year,lifetime,capital_cost,length,cables,terrain_factor,num_parallel,v_ang_min,v_ang_max,v_nom,geom,topo,Projekt,Projekt_id,Maßnahme,Startpunkt,subst_name0,Endpunkt,subst_name1,Coordinate0,Coordinate1,Length type,Length,Trassenlänge in km,Trassenlänge in km.1,Spannung,NOVA-Typ,Art,s_nom.1,cables.1,Bundesländer,NOVA-Kategorie,TYNDP,PCI,EnLAG / BBP,anvisierte Inbetriebnahme,Umsetzungsstand,ÜNB,M-Nr.,Szenario,Anmerkung
50HzT-003,29301,,,,AC,,,,,,,,,,2023,40,,120,6,,2,,,,,,EnLAG,3,Neuenhagen – Vierraden – Bertikow,Neuenhagen,,Vierraden,,,,Ausbau&Betand,,56,64,380,"Errichtung einer Leitung: Neubau in neuer Trasse,
Errichtung einer Lei-
tung: Ersatzneubau",Leitung,,6,BB,NVA,,,EnLAG Nr. 3,2023,4: Genehmigt oder im Bau,,,,Zusätzliche 380kV Freileitung
50HzT-003,29302,,,,AC,,,,,,,,,,2023,40,,,3,,1,,,,,,EnLAG,3,,Vierraden,,Bertikow,,,,Ausbau,,*,*,380,"Errichtung einer Leitung: Neubau in neuer Trasse,
Errichtung einer Lei-
tung: Ersatzneubau",Leitung,,3,BB,NVA,,,EnLAG Nr. 3,2023,4: Genehmigt oder im Bau,,,,Zusätzliche 380kV Freileitung
50HzT-007,29304,,,,AC,,,,,,,,,,2022,40,,75,,,,,,,,,EnLAG,11,Neuenhagen – Wustermark,Umspannwerk Neuenhagen,,Wustermark,,,,Ausbau&Betand,,14,61,380,"Errichtung einer Leitung: Neubau in neuer Trasse,
Errichtung einer Lei-
tung: Ersatzneubau",Leitung,,,BB,NVA,,,EnLAG Nr. 11,2022,4: Genehmigt oder im Bau,,,,
50HzT-P34,29306,,,,AC,,,,,,,,,,2028,40,,64,,,,,,,,,BBPIG,39,Perleberg – Stendal / West – Wolmirstedt,Perleberg,,Stendal West,,,,Bestand,,,64,380,Errichtung einer Lei- tung: Ersatzneubau,Leitung,,,"BB, ST",NV,,,BBP Nr. 39,2028,"3: vor oder im PFV/ Genehmigung nach BImSchG,
5: Realisiert",,,,
50HzT-P34,29307,,,,AC,,,,,,,,,,2023,40,,37,,,,,,,,,BBPIG,39,,Stendal West,, Wolmirstedt,,,,Bestand,,,37,380,Errichtung einer Lei- tung: Ersatzneubau,Leitung,,,"BB, ST",NV,,,BBP Nr. 39,"2022,
2023","3: vor oder im PFV/ Genehmigung nach BImSchG,
5: Realisiert",,,,
50HzT-P34,29308,,,,AC,,,,,,,,,,2023,40,,37,,,,,,,,,BBPIG,39,Parchim / Süd – Perleberg,Parchim ,,Perleberg,,,,Bestand,,,37,380,Errichtung einer Lei- tung: Ersatzneubau,Leitung,,,"MV, BB",NV,,,BBP Nr. 39,"2022,
2023",3: vor oder im PFV/ Genehmigung nach BImSchG,,,,
50HzT-P34,29309,,,,AC,,,,,,,,,,2026,40,,53,,,,,,,,,BBPIG,39,x,Güstrow,,Parchim ,,,,Bestand,,,53,380,Errichtung einer Lei- tung: Ersatzneubau,Leitung,,,MV,NV,,,BBP Nr. 39,"2025,
2026",3: vor oder im PFV/ Genehmigung nach BImSchG,,,,
50HzT-P36,29310,,,,AC,,,,,,,,,,2026,40,,32,,,,,,,,,BBPIG,11,Bertikow – Pasewalk,Bertikow,,Pasewalk,,,,Bestand,,,32,380,Errichtung einer Lei- tung: Ersatzneubau,Leitung,,,"BB, MV",NV,,,BBP Nr. 11,"2025,
2026",3: vor oder im PFV/ Genehmigung nach BImSchG,,,,
50HzT-P38,29311,,,,AC,,,,,,,,,,2025,40,,105,,,,,,,,,BBPIG,13,Pulgar – Geußnitz (Abschnitt Ost),Pulgar,,Vieselbach,,,,Bestand,,,105,380,Änderung oder Erweiterung einer Leitung: Zu- oder Umbeseilung,Leitung,,,SN,NV,,,BBP Nr. 13,"2024,
2025",4: Genehmigt oder im Bau,,,,
50HzT-P39,29314,,,,AC,,,,,,,,,,2025,40,,66,,,,,,,,,BBPIG,14,Röhrsdorf – Weida (Abschnitt Ost),Röhrsdorf,,Weida,,,,Bestand,,,66,380,Errichtung einer Lei- tung: Ersatzneubau,Leitung,,,"SN, TH",NV,,,BBP Nr. 14,"2024,
2025",3: vor oder im PFV/ Genehmigung nach BImSchG,,,,
50HzT-P39,29315,,,,AC,,,,,,,,,,2026,40,,43,,,,,,,,,BBPIG,14,Weida – Remptendorf (Abschnitt West),Weida,,Remptendorf,,,,Bestand,,,43,380,Errichtung einer Lei- tung: Ersatzneubau,Leitung,,,TH,NV,,,BBP Nr. 14,"2025,
2026",3: vor oder im PFV/ Genehmigung nach BImSchG,,,,
50HzT-P180,29316,,,,AC,,,,,,,,,,2026,40,,28,,,,,,,,,,,Marzahn – Friedrichshain – Mitte – Charlottenburg – Reuter – Teufelsbruch (cabel),Marzahn,,Friedrichshain,,,,Bestand,,,28,380,Errichtung einer Lei- tung: Ersatzneubau,Leitung,,,BE,NV,,,,"2025,
2026","1: Vorbereitung Planungs- und Ge- nehmigungsverfahren, 3: vor oder im PFV/ Genehmigung nach BImSchG,
4: Genehmigt oder im Bau",,,,M406
50HzT-P180,29317,,,,AC,,,,,,,,,,2030,40,,,,,,,,,,,,,,Friedrichshain,,Mitte,,,,Bestand,,,*,380,Errichtung einer Lei- tung: Ersatzneubau,Leitung,,,BE,NV,,,,2030,"1: Vorbereitung Planungs- und Ge- nehmigungsverfahren, 3: vor oder im PFV/ Genehmigung nach BImSchG,
4: Genehmigt oder im Bau",,,,
50HzT-P180,29318,,,,AC,,,,,,,,,,2030,40,,,,,,,,,,,,,,Mitte,,Charlottenburg,,,,Bestand,,,*,380,Errichtung einer Lei- tung: Ersatzneubau,Leitung,,,BE,NV,,,,2030,"1: Vorbereitung Planungs- und Ge- nehmigungsverfahren, 3: vor oder im PFV/ Genehmigung nach BImSchG,
4: Genehmigt oder im Bau",,,,
50HzT-P180,29319,,,,AC,,,,,,,,,,2030,40,,,,,,,,,,,,,,Charlottenburg,,Reuter,,,,Bestand,,,*,380,Errichtung einer Lei- tung: Ersatzneubau,Leitung,,,BE,NV,,,,2030,"1: Vorbereitung Planungs- und Ge- nehmigungsverfahren, 3: vor oder im PFV/ Genehmigung nach BImSchG,
4: Genehmigt oder im Bau",,,,
50HzT-P180,29320,,,,AC,,,,,,,,,,2030,40,,,,,,,,,,,,,,Reuter,,Teufelsbruch,,,,Bestand,,,*,,,,,,,,,,,2030,,,,,
50HzT-P213,29321,,43773,,AC,,,,,,,,,,,40,,8,6,,2,,,,,,EnLAG,12,Interkonnektor DE – PL,Eisenhüttenstadt,,punkt Deutsch-Polnischen,,,18.902232738057837 51.57212911875295,Ausbau,,8,,380,Errichtung einer Leitung: Neubau in neuer Trasse,Leitung,,6,BB,,x,,EnLAG Nr. 12,,2: Im ROV/BFP,,,,double line
50HzT-P213,29322,,,,AC,,,,,,,,,,2035,40,,7,,,,,,,,,EnLAG,12,Einschleifung Eisenhüttenstadt,Eisenhüttenstadt,,Leitung Preilack – Neuenhagen,,,,Ausbau,,7,,380,Errichtung einer Leitung: Neubau in neuer Trasse,Leitung,,,BB,,,,EnLAG Nr. 12,2035,3: vor oder im PFV/ Genehmigung nach BImSchG,,,,
50HzT-P221,29323,,43774,,DC,,,,,700,,,,,2035,40,,60,2,,1,,,,,,BBP,69,DC-Kabel Hansa PowerBridge (HPB,Umspannwerk Güstrow,,Punkt Bridge (HPB),,,16.277634034498558 61.35776074926747,Ausbau,,60,,,Errichtung einer Leitung: Neubau in neuer Trasse,Leitung,700,,MV,,x,,BBP Nr. 69,2035,3: vor oder im PFV/ Genehmigung nach BImSchG,,,,"HVDC, startpoint from Hansabridge I: Umspannwerk güstrow"
50HzT-P450,29325,,,,AC,,,,,,,,,,2024,40,,89,,,,,,,,,BBP,61,Ragow – Streumen,Ragow,,Streumen,,,,Bestand,,,89,,horizontal,Leitung,,,"BB, SN",NO,,,BBP Nr. 61,2024,4: Genehmigt oder im Bau,,,,
AMP-001,29326,,,,AC,,,,,2700,,,,,2022,40,,33,,,,,,,,,EnLAG,2,Wehrendorf – St. Hülfe,Wehrendorf,,Punkt Lemförde,,,,Bestand,,,33,380,Errichtung einer Lei- tung: Ersatzneubau,Leitung,2700,,NI,NV,,,EnLAG Nr. 2,2022,4: Genehmigt oder im Bau,,,,4000A
AMP-001,29327,,,,AC,,,,,2700,,,,,2023,40,,,,,,,,,,,EnLAG,2,,Punkt Lemförde,,Station Sankt Hülfe,,,,Bestand,,,*,380,Errichtung einer Lei- tung: Ersatzneubau,Leitung,2700,,NI,NV,,,EnLAG Nr. 2,2023,4: Genehmigt oder im Bau,,,,4000A
AMP-009,29328,,,,AC,,,,,,,,,,2023,40,,73,,,,,,,,,EnLAG,5,Niederrhein – Punkt Wettringen,Niederrhein,,Punkt Wettringen,,,,Bestand,,,73,380,Errichtung einer Lei- tung: Ersatzneubau,Leitung,,,NW,NV,x,,EnLAG Nr. 5,2023,"3: vor oder im PFV/ Genehmigung nach BImSchG,
4: Genehmigt oder im Bau",,,,
AMP-009,29329,,,,AC,,,,,,,,,,2023,40,,12,,,,,,,,,EnLAG,5,Niederrhein – Punkt Wettringen (Kabel),Niederrhein,,Punkt Wettringen (Kabel),,,,Bestand,,,12,380,Errichtung einer Lei- tung: Ersatzneubau,Leitung,,,NW,NV,x,,EnLAG Nr. 5,2023,4: Genehmigt oder im Bau,,,,
AMP-009,29330,,,,AC,,,,,,,,,,2023,40,,65,,,,,,,,,EnLAG,5,Punkt Wettringen – Punkt Meppen,Punkt Wettringen,,Meppen,,,,Ausbau,,65,,380,Errichtung einer Leitung: Neubau in neuer Trasse,Leitung,,,"NI, NW",,x,,EnLAG Nr. 5,2023,"3: vor oder im PFV/ Genehmigung nach BImSchG
4: Genehmigt oder im Bau",,,,
AMP-010,29331,,,,AC,,,,,,,,,,2027,40,,14,,,,,,,,,EnLAG,"16,18",Punkt Gaste – Lüstringen,Punkt Gaste,,Lüstringen,,,,Bestand,,,14,380,Änderung oder Erweiterung einer Leitung: Zu- oder Umbeseilung,Leitung,,,NI,NV,,,"EnLAG Nr. 16,
18","2025,
2027",4: Genehmigt oder im Bau,,,,
AMP-010,29332,,,,AC,,,,,,,,,,2028,40,,21,,,,,,,,,EnLAG,"16,18",Lüstringen – Wehrendorf,Lüstringen,,Wehrendorf,,,,Bestand,,,21,380,Errichtung einer Lei- tung: Ersatzneubau,Leitung,,,NI,NV,,,"EnLAG Nr. 16,
18","2026,
2028",3: vor oder im PFV/ Genehmigung nach BImSchG,,,,
AMP-010,29333,,,,AC,,,,,,,,,,2028,40,,29,,,,,,,,,EnLAG,"16,18",Lüstringen – Hesseln,Lüstringen,,Hesseln,,,,Bestand,,,29,380,Errichtung einer Lei- tung: Ersatzneubau,Leitung,,,"NI, NW",NV,,,"EnLAG Nr. 16,
18","2027,
2028",3: vor oder im PFV/ Genehmigung nach BImSchG,,,,
AMP-010,29334,,,,AC,,,,,,,,,,2027,40,,29,,,,,,,,,EnLAG,"16,18",Hesseln – Gütersloh,Hesseln,,Gütersloh,,,,Bestand,,,29,380,Errichtung einer Lei- tung: Ersatzneubau,Leitung,,,NW,NV,,,"EnLAG Nr. 16,
18","2026,
2027",4: Genehmigt oder im Bau,,,,
AMP-014,29335,,,,AC,,,,,,,,,,2021,40,,7,,,,,,,,,EnLAG,"14,15",Punkt Fellerhöfe – Punkt St. Tönis,Punkt Fellerhöfe,,Station St. Tönis,,,,Bestand,,,7,380,Errichtung einer Leitung: Ersatzneubau,Leitung,,,NW,NV,,,"EnLAG Nr. 14,
15",2021,4: Genehmigt oder im Bau,,,,
AMP-014,29336,,,,AC,,,,,,,,,,2021,40,,6.5,,,,,,,,,EnLAG,"14,15",Punkt St. Tönis – Punkt Hüls-West,Station St. Tönis,,Punkt Hüls-West,,,,Bestand,,,6.5,380,Änderung oder Erweiterung einer Leitung: Zuoder Umbeseilung,Leitung,,,NW,NV,,,"EnLAG Nr. 14,
15",2021,4: Genehmigt oder im Bau,,,,
AMP-014,29337,,,,AC,,,,,,,,,,2021,40,,14,,,,,,,,,EnLAG,"14,15",Utfort – Pkt. Hüls-West,Utfort,,Punkt Hüls-West,,,,Bestand,,,14,380,Errichtung einer Leitung: Ersatzneubau,Leitung,,,NW,NV,,,"EnLAG Nr. 14,
15",2021,4: Genehmigt oder im Bau,,,,
AMP-014,29338,,,,AC,,,,,,,,,,2021,40,,20,,,,,,,,,EnLAG,"14,15",Osterath – Gohrpunkt,Osterath,,Gohrpunkt,,,,Bestand,,,20,380,Errichtung einer Leitung: Ersatzneubau,Leitung,,,NW,NV,,,"EnLAG Nr. 14,
15",2021,4: Genehmigt oder im Bau,,,,
AMP-014,29339,,,,AC,,,,,,,,,,2021,40,,10,,,,,,,,,EnLAG,"14,15",Gohrpunkt – Rommerskirchen,Gohrpunkt,,Rommerskirchen,,,,Bestand,,,10,380,Errichtung einer Leitung: Ersatzneubau,Leitung,,,NW,NV,,,"EnLAG Nr. 14,
15",2021,4: Genehmigt oder im Bau,,,,
AMP-014,29340,,,,AC,,,,,,,,,,2021,40,,50,,,,,,,,,EnLAG,"14,15",Utfort – Osterath,Utfort,,Osterath,,,,Bestand,,,50,380,Änderung oder Erweiterung einer Leitung: Zuoder Umbeseilung,Leitung,,,NW,NV,,,"EnLAG Nr. 14,
15",2021,4: Genehmigt oder im Bau,,,,
AMP-014,29341,,,,AC,,,,,,,,,,2021,40,,2,,,,,,,,,EnLAG,"14,15",Punkt Birkenhof – Gellep,Punkt Birkenhof,,Gellep,,,,Bestand,,,2,380,Errichtung einer Leitung: Ersatzneubau,Leitung,,,NW,NV,,,"EnLAG Nr. 14,
15",2021,4: Genehmigt oder im Bau,,,,
AMP-018,29342,,,,AC,,,,,,,,,,2021,40,,38,6,,2,,,,,,15,15,Rommerskirchen – Sechtem,Rommerskirchen,,Sechtem,,,,Bestand,,,38,380,Errichtung einer Lei- tung: Ersatzneubau,Leitung,,6,NW,NV,,,15,2021,4: Genehmigt oder im Bau,,,,"one existing, two new circuit"
AMP-022,29343,,,,AC,,,,,,,,,,2024,40,,21,,,,,,,,,EnLAG,19,Kruckel – Punkt Ochsenkopf,Kruckel,,Punkt Ochsenkopf,,,,Bestand,,,21,380,Errichtung einer Lei- tung: Ersatzneubau,Leitung,,,NW,NV,,,EnLAG Nr. 19,"2022,
2024",3: vor oder im PFV/ Genehmigung nach BImSchG,,,,new constructuion
AMP-022,29344,,,,AC,,,,,,,,,,2025,40,,105,,,,,,,,,EnLAG,19,Punkt Ochsenkopf – Dauersberg,Punkt Ochsenkopf,,Dauersberg,,,,Bestand,,,105,380,Errichtung einer Lei- tung: Ersatzneubau,Leitung,,,"NW, RP",NV,x,,EnLAG Nr. 19,"2021/
2025,
2022/
2026","3: vor oder im PFV/ Genehmigung nach BImSchG,
4: Genehmigt oder im Bau",,,,new constructuion
AMP-028,29345,,,,AC,,,,,,,,,,2025,40,,5,,,,,,,,,,,Punkt Wanne – Punkt Günnigfeld,Station Wanne,,Punkt Günnigfeld,,,,Bestand,,,5,380,Änderung oder Erweiterung einer Leitung: Zu- oder Umbeseilung,Leitung,,,NW,NV,,,,"2024/
2025,
2025/
2026",1: Vorbereitung Planungs- und Geneh- migungsverfahren,,,,
AMP-032,29346,,,,AC,,,,,,,,,,2026,40,,21,,,,,,,,,EnLAG,14,Niederrhein – Utfort,Niederrhein ,,Utfort,,,,Bestand,,,21,380,Errichtung einer Lei- tung: Ersatzneubau,Leitung,,,NW,NV,,,EnLAG Nr. 14,"2024,
2026",3: vor oder im PFV/ Genehmigung nach BImSchG,,,,
AMP-P21,29347,,,,AC,,,,,,,,,,2030,40,,31,,,,,,,,,BBPIG,6,Regelzonengrenze TTG / AMP – Merzen,Regelzonengrenze TTG/AMP,,Merzen,,,,Ausbau,,31,,380,Errichtung einer Leitung: Neubau in neuer Trasse,Leitung,,,"NI, NW",,x,,BBP Nr. 6,"2025 (Provisorium) /2030, 2026 (Provisorium) /2031",3: vor oder im Planfeststellungsverfahren/Genehmigung nach Bundes-Immissionsschutzgesetz,,,,
AMP-P41,29348,,,,AC,,,,,,,,,,2027,40,,105,,,,,,,,,BBPIG,15,Punkt Metternich – Niederstedem,Punkt Metternich,,Niederstedem,,,,Bestand,,,105,380,Errichtung einer Lei- tung: Ersatzneubau,Leitung,,,RP,NV,,,BBP Nr. 15,"2026,
2027",3: vor oder im Planfeststellungsverfahren/Genehmigung nach Bundes-Immissionsschutzgesetz,,,,
AMP-P47,29349,,,,AC,,,,,,,,,,2024,40,,66,,,,,,,,,BBPIG,19,Urberach – Pfungstadt – Weinheim,Urberach,,Pfungstadt,,,,Ausbau,,6,60,380,"Errichtung einer Leitung: Neubau in neuer Trasse, Errichtung einer
Leitung: Ersatzneu- bau, Änderung oder Erweiterung einer Leitung: Zu- oder Umbeseilung",Leitung,,,"HE, BW",NVA,x,,BBP Nr. 19,2024,3: vor oder im PFV/ Genehmigung nach BImSchG,,,,
AMP-P47,29350,,,,AC,,,,,,,,,,2025,40,,,,,,,,,,,BBPIG,19,,Pfungstadt,,Weinheim,,,,Bestand,,,*,380,"Errichtung einer Leitung: Neubau in neuer Trasse, Errichtung einer
Leitung: Ersatzneu- bau, Änderung oder Erweiterung einer Leitung: Zu- oder Umbeseilung",Leitung,,,"HE, BW",NVA,x,,BBP Nr. 19,"2024,
2025",3: vor oder im PFV/ Genehmigung nach BImSchG,,,,
AMP-P47a,29351,,,,AC,,,,,,,,,,2025,40,,11,,,,,,,,,BBPIG,76,Punkt Kriftel – Farbwerke Höchst-Süd,Kriftel,,Farbwerke Höchst-Süd,,,,Bestand,,,11,380,"Errichtung einer Leitung: Ersatzneubau, Änderung oder Erweiterung einer Leitung: Zu- oder Umbeseilung",Leitung,,,HE,NV,,,BBP Nr. 76,"2024,
2025",3: vor oder im PFV/ Genehmigung nach BImSchG,,,,
AMP-P52,29352,,,,AC,,,,,,,,,,2024,40,,61,,,,,,,,,BBPIG,24,Punkt Rommelsbach – Herbertingen,Punkt Rommelsbach,,Herbertingen,,,,Bestand,,,61,380,Errichtung einer Lei- tung: Ersatzneubau,Leitung,,,BW,NV,,,BBP Nr. 24,"2022,
2024",4: Genehmigt oder im Bau,,,,
AMP-P52,29353,,,,AC,,,,,,,,,,2021,40,,88,,,,,,,,,BBPIG,25,Punkt Wullenstetten – Punkt Niederwangen,Punkt Wullenstetten,,Punkt Niederwangen,,,,Bestand,,,88,380,Änderung oder Erweiterung einer Leitung: Zu- oder Umbeseilung,Leitung,,,"BY, BW",NV,x,,BBP Nr. 25,2021,3: vor oder im PFV/ Genehmigung nach BImSchG,,,,
AMP-P310,29354,,,,AC,,,,,,,,,,2023,40,,285,,,,,,,,,,,Bürstadt – Kühmoos (Kühmoos-Maximiliansau-Weingarten-Mutterstadt-Lambsheim-Bürstadt),Bürstadt,,Lambsheim,,,,Bestand,,,285,380,"Errichtung einer Leitung: Ersatzneubau, Änderung oder Erweiterung einer Leitung: Zu- oder Umbeseilung",Leitung,,,"HE,
RP, BW",NV,,,,2023,3: vor oder im PFV/ Genehmigung nach BImSchG,,,,"M485, HTLS"
AMP-P310,29355,,,,AC,,,,,,,,,,2023,40,,,,,,,,,,,,,,Lambsheim,,Mutterstadt,,,,Bestand,,,*,380,"Errichtung einer Leitung: Ersatzneubau, Änderung oder Erweiterung einer Leitung: Zu- oder Umbeseilung",Leitung,,,"HE,
RP, BW",NV,,,,2023,3: vor oder im PFV/ Genehmigung nach BImSchG,,,,"M485, HTLS"
AMP-P310,29356,,,,AC,,,,,,,,,,2023,40,,,,,,,,,,,,,,Mutterstadt,,Weingarten,,,,Bestand,,,*,380,"Errichtung einer Leitung: Ersatzneubau, Änderung oder Erweiterung einer Leitung: Zu- oder Umbeseilung",Leitung,,,"HE,
RP, BW",NV,,,,2023,3: vor oder im PFV/ Genehmigung nach BImSchG,,,,"M485, HTLS"
AMP-P310,29357,,,,AC,,,,,,,,,,2023,40,,,,,,,,,,,,,,Weingarten,,Maximiliansau,,,,Bestand,,,*,380,"Errichtung einer Leitung: Ersatzneubau, Änderung oder Erweiterung einer Leitung: Zu- oder Umbeseilung",Leitung,,,"HE,
RP, BW",NV,,,,2023,3: vor oder im PFV/ Genehmigung nach BImSchG,,,,"M485, HTLS"
AMP-P310,29358,,,,AC,,,,,,,,,,2023,40,,,,,,,,,,,,,,Maximiliansau,,Kühmoos,,,,Bestand,,,*,380,"Errichtung einer Leitung: Ersatzneubau, Änderung oder Erweiterung einer Leitung: Zu- oder Umbeseilung",Leitung,,,"HE,
RP, BW",NV,,,,2023,3: vor oder im PFV/ Genehmigung nach BImSchG,,,,"M485, HTLS"
AMP-P460,29359,,,,AC,,,,,400,,,,,2025,40,,3.4,,,,,,,,,,,Büscherhof – Umbeseilung und Schaltfelderweiterung,Büscherhof,,zu neue 380-kV-Anlage,,,6.967172 51.490748,Bestand,,,3.4,380,"Änderung oder Erweiterung einer Leitung: Zu- oder
Umbeseilung",Leitung,400,,NW,NV,,,,"2023,
2025",3: vor oder im PFV/ Genehmigung nach BImSchG,,,,M687
TTG-006,29360,,,,AC,,,,,,,,,,2024,40,,221,3,,1,,,,,,EnLAG,6,Wahle – Mecklar,Wahle,,Lamspringe,,,,Ausbau,,221,,380,Errichtung einer Leitung: Neubau in neuer Trasse,Leitung,,3,"NI, HE",,x,,EnLAG Nr. 6,"2023,
2024",4: Genehmigt oder im Bau,,,,
TTG-006,29361,,,,AC,,,,,,,,,,2024,40,,,3,,1,,,,,,EnLAG,6,,Lamspringe,,Erzhausen,,,,Ausbau,,*,,380,Errichtung einer Leitung: Neubau in neuer Trasse,Leitung,,3,"NI, HE",,x,,EnLAG Nr. 6,2024,4: Genehmigt oder im Bau,,,,Erdkabel
TTG-006,29362,,,,AC,,,,,,,,,,2024,40,,,3,,1,,,,,,EnLAG,6,,Erzhausen,,Hardegsen,,,,Ausbau,,*,,380,Errichtung einer Leitung: Neubau in neuer Trasse,Leitung,,3,"NI, HE",,x,,EnLAG Nr. 6,2024,4: Genehmigt oder im Bau,,,,Erdkabel
TTG-006,29363,,,,AC,,,,,,,,,,2024,40,,,3,,1,,,,,,EnLAG,6,,Hardegsen,,Mecklar,,,,Ausbau,,*,,380,Errichtung einer Leitung: Neubau in neuer Trasse,Leitung,,3,"NI, HE",,x,,EnLAG Nr. 6,2024,4: Genehmigt oder im Bau,,,,Erdkabel
TTG-007,29364,,,,AC,,,,,2400,,,,,2024,40,,31,6,,2,,,,,,EnLAG,5,Dörpen / West – Niederrhein (Punkt Meppen),Dörpen West,,Niederrhein (Punkt Meppen),,, 7.211702 52.730448,Ausbau,,31,,380,Errichtung einer Leitung: Neubau in neuer Trasse,Leitung,2400,6,NI,,x,,EnLAG Nr. 5,2024,"4: Genehmigt oder im Bau,
5: Realisiert",,,,3600A
TTG-009,29365,,,,AC,,,,,,,,,,2024,40,,61,6,,2,,,,,,EnLAG,2,Ganderkesee – St. Hülfe,Ganderkesee,,Station Sankt Hülfe,,,,Ausbau,,61,,380,Errichtung einer Leitung: Neubau in neuer Trasse,Leitung,,6,NI,,x,,EnLAG Nr. 2,"2023,
2024",4: Genehmigt oder im Bau,,,,
TTG-P21,29366,,,,AC,,,,,5400,,,,,2023,40,,77,6,,2,,,,,,,,Conneforde – Garrel/ Ost – Cappeln/West,Conneforde,,Garrel,,,,Bestand,,,77,380,Errichtung einer Lei- tung: Ersatzneubau,Leitung,5400,6,NI,NV,x,,6,"2022,
2023",3: vor oder im PFV/ Genehmigung nach BImSchG,,,,4000A each circuit
TTG-P21,29367,,,,AC,,,,,,,,,,2026,40,,,6,,2,,,,,,,,,Garrel,,Punkt Cappeln West,,,8.017258 52.791597,Bestand,,,*,380,Errichtung einer Lei- tung: Ersatzneubau,Leitung,,6,NI,NV,x,,6,"2025,
2026",3: vor oder im PFV/ Genehmigung nach BImSchG,,,,
TTG-P21,29368,,,,AC,,,,,,,,,,2026,40,,21,6,,2,,,,,,,,Cappeln/West – Regelzonengrenze TTG/AMP,Punkt Cappeln West,,Punkt Regel- zonengrenze TTG/AMP,,8.017258 52.791597,7.911058 52.693343,Ausbau,,21,,380,Errichtung einer Leitung: Neubau in neuer Trasse,Leitung,,6,NI,,x,,6,"2025,
2026",3: vor oder im PFV/ Genehmigung nach BImSchG,,,,
TTG-P24,29369,,,,AC,,,,,5400,,,,,2026,40,,10,6,,2,,,,,,BBP,7,Stade/West – Dollern,Stade-West,,Dollern,,,,Bestand,,,10,380,Errichtung einer Lei- tung: Ersatzneubau,Leitung,5400,6,NI,NV,x,,BBP Nr. 7,"2025,
2026",4: Genehmigt oder im Bau,,,,4000A each circuit
TTG-P24,29370,,,,AC,,,,,5400,,,,,2021,40,,60,6,,2,,,,,,BBP,7,Dollern – Sottrum,Dollern,,Sottrum,,,,Bestand,,,60,380,Errichtung einer Lei- tung: Ersatzneubau,Leitung,5400,6,NI,NV,x,,BBP Nr. 7,2021,"3: vor oder im PFV/ Genehmigung nach BImSchG,
4: Genehmigt oder im Bau",,,,4000A each circuit
TTG-P24,29371,,,,AC,,,,,5400,,,,,2026,40,,42,6,,2,,,,,,BBP,7,Sottrum – Mehringen (Grafschaft Hoya),Sottrum,,"""UW"" Mehringen (Grafschaft Hoya)",,,9.145970 52.832135,Bestand,,,42,380,Errichtung einer Lei- tung: Ersatzneubau,Leitung,5400,6,NI,NV,x,,BBP Nr. 7,2026,3: vor oder im PFV/ Genehmigung nach BImSchG,,,,4000A each circuit
TTG-P24,29372,,,,AC,,,,,5400,,,,,2026,40,,45,6,,2,,,,,,BBP,7,Mehringen (Grafschaft Hoya) – Landesbergen,"""UW"" Mehringen (Grafschaft Hoya)",,Landesbergen,,9.145970 52.832135,,Bestand,,,45,380,Errichtung einer Lei- tung: Ersatzneubau,Leitung,5400,6,NI,NV,x,,BBP Nr. 7,2026,3: vor oder im PFV/ Genehmigung nach BImSchG,,,,4000A each circuit
TTG-P25,29373,,,,AC,,,,,,,,,,2026,40,,46,6,,2,,,,,,BBP,8,Heide/West – Husum/Nord,"""UW"" Heide West",,Husum Nord,,9.052015 54.161528,,Ausbau,,46,,380,Errichtung einer Leitung: Neubau in neuer Trasse,Leitung,,6,SH,,x,,BBP Nr. 8,2026,4: Genehmigt oder im Bau,,,,
TTG-P25,29374,,,,AC,,,,,,,,,,2021,40,,38,6,,2,,,,,,BBP,8,Husum/Nord – Klixbüll/Süd,Husum Nord,,Klixbüll Süd,,,8.869150 54.795167,Ausbau,,38,,380,Errichtung einer Leitung: Neubau in neuer Trasse,Leitung,,6,SH,,x,,BBP Nr. 8,2021,4: Genehmigt oder im Bau,,,,
TTG-P25,29375,,,,AC,,,,,,,,,,2022,40,,16,6,,2,,,,,,BBP,8,Klixbüll/Süd – Bundesgrenze DK,Klixbüll/Süd,,Punkt Bundesgrenze DK,,8.869150 54.795167,8.910507 54.903755,Ausbau,,16,,380,Errichtung einer Leitung: Neubau in neuer Trasse,Leitung,,6,SH,,x,x,BBP Nr. 8,2022,3: vor oder im PFV/ Genehmigung nach BImSchG,,,,
TTG-P33,29376,,,,AC,,,,,,,,,,2023,40,,65,6,,2,,,,,,BBP,10,Wahle – Hattorf – Helmstedt – Landes- grenze NI/ST (Mast 6) – Wolmirstedt,Wahle,,Hattorf,,,,Bestand,,,65,380,Umbeseilung,Leitung,,6,NI,NV,,,BBP Nr. 10,2023,3: vor oder im PFV/ Genehmigung nach BImSchG,,,,
TTG-P33,29377,,,,AC,,,,,,,,,,2025,40,,,6,,2,,,,,,BBP,10,Wahle – Hattorf – Helmstedt – Landes- grenze NI/ST (Mast 6) – Wolmirstedt,Hattorf,,Helmstedt,,,,Bestand,,,*,380,Umbeseilung,Leitung,,6,NI,NV,,,BBP Nr. 10,2025,3: vor oder im PFV/ Genehmigung nach BImSchG,,,,
TTG-P33,29378,,,,AC,,,,,3600,,,,,2025,40,,65,6,,2,,,,,,BBP,10,Wahle – Hattorf – Helmstedt – Landes- grenze NI/ST (Mast 6) – Wolmirstedt,Helmstedt,,Wolmirstedt,,,,Bestand,,,*,380,Umbeseilung,Leitung,3600,6,NI,NV,,,BBP Nr. 10,2025,3: vor oder im PFV/ Genehmigung nach BImSchG,,,,
TTG-P46,29379,,,,AC,,,,,2700,,,,,2022,40,,182,6,,2,,,,,,BBP,18,Redwitz – Mechlenreuth – Etzenricht – Schwandorf (Ostbayernring),Redwitz,,Mechlenreuth,,,,Bestand,,,182,380,Errichtung einer Lei- tung: Ersatzneubau,Leitung,2700,6,BY,NV,,,BBP Nr. 18,2022,3: vor oder im PFV/ Genehmigung nach BImSchG,,,,4000A For both circuits?
TTG-P46,29380,,,,AC,,,,,2700,,,,,2025,40,,,6,,2,,,,,,BBP,18,,Mechlenreuth,,Etzenricht,,,,Bestand,,,*,380,Errichtung einer Lei- tung: Ersatzneubau,Leitung,2700,6,BY,NV,,,BBP Nr. 18,"2024 /
2025",3: vor oder im PFV/ Genehmigung nach BImSchG,,,,4000A For both circuits?
TTG-P46,29381,,,,AC,,,,,2700,,,,,2025,40,,,6,,2,,,,,,BBP,18,,Etzenricht,, Schwandorf (Ostbayernring),,,12.081967 49.297147,Bestand,,,*,380,Errichtung einer Lei- tung: Ersatzneubau,Leitung,2700,6,BY,NV,,,BBP Nr. 18,"2024 /
2025",3: vor oder im PFV/ Genehmigung nach BImSchG,,,,4000A For both circuits?
TTG-P48,29382,,,,AC,,,,,2700,,,,,2025,40,,50,3,,1,,,,,,BBP,20,Grafenrheinfeld – Punkt Rittershausen,Grafenrheinfeld,,Punkt Rittershausen,,,10.013017 49.611797,Bestand,,,50,380,Zubeseilung,Leitung,2700,3,BY,NV,,,BBP Nr. 20,"2024 /
2025",3: vor oder im PFV/ Genehmigung nach BImSchG,,,,
TTG-P67,29383,,,,AC,,,,,2700,,,,,2024,40,,13,6,,2,,,,,,BBP,32,Simbach – Matzenhof - Bundesgrenze AT,Simbach,,Punkt Matzenhof,,,13.013943 48.290369,Bestand,,,13,380,Errichtung einer Lei- tung: Ersatzneubau,Leitung,2700,6,BY,NV,x,x,BBP Nr. 32,2024,3: vor oder im PFV/ Genehmigung nach BImSchG,,,,4000A For both circuits?
TTG-P67,29384,,43761,,AC,,,,,2700,,,,,2026,40,,,6,,2,,,,,,BBP,32,,Punkt Matzenhof,,Bundesgrenze AT,,13.013943 48.290369,13.060147 48.272481,Bestand,,,*,380,Errichtung einer Lei- tung: Ersatzneubau,Leitung,2700,6,BY,NV,x,x,BBP Nr. 32,"2024,
2026",3: vor oder im PFV/ Genehmigung nach BImSchG,,,,4000A For both circuits?
TTG-P67,29385,,,,AC,,,,,2700,,,,,2026,40,,7,6,,2,,,,,,BBP,32,Altheim – Adlkofen,Altheim,,Punkt Adlkofen,,,12.260740 48.546736,Bestand,,,7,380,Errichtung einer Lei- tung: Ersatzneubau,Leitung,2700,6,BY,NV,x,x,BBP Nr. 32,"2024,
2026",3: vor oder im PFV/ Genehmigung nach BImSchG,,,,4000A For both circuits?
TTG-P67,29386,,,,AC,,,,,2700,,,,,2026,40,,66,6,,2,,,,,,BBP,32,Adlkofen – Matzenhof,Punkt Adlkofen,,Matzenhof,,12.260740 48.546736,,Bestand,,,66,380,Errichtung einer Lei- tung: Ersatzneubau,Leitung,2700,6,BY,NV,x,x,BBP Nr. 32,"2024,
2026",3: vor oder im PFV/ Genehmigung nach BImSchG,,,,4000A For both circuits?
TTG-P69,29387,,,,AC,,,,,2400,,,,,2026,40,,61,6,,2,,,,,,BBP,34,Emden / Ost – Conneforde,Emden Ost,,Conneforde,,,,Bestand,,,61,380,Errichtung einer Lei- tung: Ersatzneubau,Leitung,2400,6,NI,NV,x,,BBP Nr. 34,"2024,
2026",4: Genehmigt oder im Bau,,,,3600A for both circuits?
TTG-P72,29388,,,,AC,,,,,,,,,,2022,40,,50,6,,2,,,,,,BBP,42,Kreis Segeberg – Lübeck / West,Kreis Segeberg,,Lübeck West,,9.985091 53.742518,,Bestand,,,50,380,Errichtung einer Lei- tung: Ersatzneubau,Leitung,,6,SH,NV,x,,BBP Nr. 42,"2021,
2022",3: vor oder im PFV/ Genehmigung nach BImSchG,,,,
TTG-P118,29389,,,,AC,,,,,2700,,,,,2025,40,,41,6,,2,,,,,,BBP,43,Borken – Mecklar,Borken,,Mecklar,,,,Bestand,,,41,380,Umbeseilung,Leitung,2700,6,HE,NV,,,BBP Nr. 43,2025,3: vor oder im PFV/ Genehmigung nach BImSchG,,,,"HTL Umbeseilung, 4000A for both circuits"
TTG-P151,29390,,,,AC,,,,,2700,,,,,2024,40,,43,6,,2,,,,,,BBP,45,Borken – Twistetal,Borken,,Twistetal,,,,Bestand,,,43,380,Umbeseilung,Leitung,2700,6,HE,NV,,,BBP Nr. 45,"2023,
2024","3: vor oder im PFV/ Genehmigung nach BImSchG,
4: Genehmigt oder im Bau",,,,"HTL Umbeseilung, 4000A for both circuits"
TTG-P185,29391,,,,AC,,,,,2400,,,,,2023,40,,38,,,,,,,,,BBP,46,Redwitz – Landes- grenze BY / TH (Punkt Tschirn),Redwitz,,Punkt Tschirn (Landes- grenze BY / TH),,,11.478551 50.432455,Bestand,,,38,380,Änderung oder Erweiterung einer Leitung: Zu- oder Umbeseilung,Leitung,2400,6,BY,NV,,,BBP Nr. 46,"2022,
2023",4: Genehmigt oder im Bau,,,,3600A
TNG-P47,29392,,,,AC,,,,,,,,,,2021,40,,76,,,,,,,,,BBP,19,Weinheim – Daxlanden,Weinheim,,Daxlanden,,,,Bestand,,,76,380,Errichtung einer Lei- tung: Ersatzneubau,Leitung,,,BW,NV,,,BBP Nr. 19,2021,2: Im ROV/BFP,,,,
TNG-P47,29393,,,,AC,,,,,,,,,,2031,40,,17,,,,,,,,,BBP,19,Weinheim – Mannheim (G380),Weinheim,,Mannheim (G380),,,8.545514 49.439807,Bestand,,,17,380,Errichtung einer Lei- tung: Ersatzneubau,Leitung,,,BW,NV,,,BBP Nr. 19,"2028,
2031",2: Im ROV/BFP,,,,
TNG-P47,29394,,,,AC,,,,,,,,,,2031,40,,22.5,,,,,,,,,BBP,19,Mannheim (G380) – Altlußheim,Mannheim (G380),,Altlußheim,,,,Bestand,,,22.5,380,Errichtung einer Lei- tung: Ersatzneubau,Leitung,,,BW,NV,,,BBP Nr. 19,"2028,
2031",2: Im ROV/BFP,,,,
TNG-P47,29395,,,,AC,,,,,,,,,,2031,40,,42,,,,,,,,,BBP,19,Altlußheim – Daxlanden,Altlußheim,,Daxlanden,,,,Bestand,,,42,380,Errichtung einer Lei- tung: Ersatzneubau,Leitung,,,BW,NV,,,BBP Nr. 19,"2028,
2031",2: Im ROV/BFP,,,,Bestehende Leitung erneuert
TNG-P48,29396,,,,AC,,,,,,,,,,2031,40,,51,3,,1,,,,,,BBP,20,Punkt Rittershausen – Kupferzell,Punkt Rittershausen,,Kupferzell,,,,Bestand,,,51,380,Zubeseilung,Leitung,,3,"BY, BW",NV,,,BBP Nr. 20,"2028,
2031",3: vor oder im PFV/ Genehmigung nach BImSchG,,,,
TNG-P48,29397,,,,AC,,,,,,,,,,2025,40,,48,3,,1,,,,,,BBP,20,Kupferzell – Großgartach,Kupferzell,,Großgartach,,,,Bestand,,,48,380,Errichtung einer Lei- tung: Ersatzneubau,Leitung,,3,BW,NV,,,BBP Nr. 20,2025,3: vor oder im PFV/ Genehmigung nach BImSchG,,,,Ersatzneubau
TNG-P49,29398,,,,AC,,,,,,,,,,2025,40,,119,,,,,,,,,BBP,21,Daxlanden – Bühl/ Kuppenheim – Weier – Eichstetten,Daxlanden,,Bühl Kuppenheim,,,,Bestand,,,119,380,Errichtung einer Lei- tung: Ersatzneubau,Leitung,,,BW,NV,,,BBP Nr. 21,2025,3: vor oder im PFV/ Genehmigung nach BImSchG,,,,Teilweise HTLS_Beseilung
TNG-P49,29399,,,,AC,,,,,,,,,,2029,40,,,,,,,,,,,BBP,21,,Bühl Kuppenheim,,Weier,,,,Bestand,,,*,380,Errichtung einer Lei- tung: Ersatzneubau,Leitung,,,BW,NV,,,BBP Nr. 21,"2028,
2029",3: vor oder im PFV/ Genehmigung nach BImSchG,,,,
TNG-P49,29400,,,,AC,,,,,,,,,,2029,40,,,,,,,,,,,BBP,21,,Weier,,Eichstetten,,,,Bestand,,,*,380,Errichtung einer Lei- tung: Ersatzneubau,Leitung,,,BW,NV,,,BBP Nr. 21,"2028,
2029",3: vor oder im PFV/ Genehmigung nach BImSchG,,,,
TNG-P70,29401,,,,AC,,,,,,,,,,2029,40,,25.7,,,,,,,,,BBP,35,Birkenfeld – Mast 115A,Birkenfeld,,Mast 115A,,,,Ausbau,,11.5,14.2,380,"Errichtung einer Leitung: Neubau in neuer Trasse, Zubeseilung",Leitung,,,BW,NVA,,,BBP Nr. 35,"2028,
2029",3: vor oder im PFV/ Genehmigung nach BImSchG,,,,Einbindung in Leitung: Pulverdingen – Philippsburg
DC1,29402,,,,DC,,,,,2000,,,,,2022,40,,300,,,,,,,,,BBP,1,Emden / Ost – Osterath,Emden Ost,,Osterath,,,,Ausbau,,300,,,Errichtung einer Leitung: Neubau in neuer Trasse,Leitung,2000,,"NI, NW",,x,,BBP Nr. 1,"2021,
2022",3: vor oder im PFV/ Genehmigung nach BImSchG,AMP,,,Nur Leistungsanagbe 2 GW (Nennleistung)
DC2,29403,,,,DC,,,,,2000,,,,,2027,40,,340,,,,,,,,,BBP,2,Osterath – Philippsburg (Ultranet),Osterath,,Philippsburg (Ultranet),,,,Bestand,,,340,380,"Errichtung einer Leitung: Ersatzneu- bau, Änderung oder Erweiterung einer Leitung: Zu- oder Umbeseilung",Leitung,2000,,"NW,
HE, BW",NV,x,x,BBP Nr. 2,"2025,
2027",3: vor oder im PFV/ Genehmigung nach BImSchG,"AMP, TNG",,,Nur Leistungsanagbe 2 GW (Nennleistung)
DC3,29404,,,,DC,,,,,2000,,,,,2024,40,,689,,,,,,,,,BBP,3,Brunsbüttel – Großgartach (SuedLink),Brunsbüttel,,Großgartach (SuedLink),,,,Ausbau,,689,,,Errichtung einer Leitung: Neubau in neuer Trasse,Leitung,2000,,"SH,NI,HE,TH,BY, BW",,x,x,BBP Nr. 3,"2023/
2024,
2026",3: vor oder im PFV/ Genehmigung nach BImSchG,"TTG, TNG",,,Nur Leistungsanagbe 2 GW (Nennleistung)
DC4,29405,,,,DC,,,,,2000,,,,,2028,40,,538,,,,,,,,,BBP,4,Wilster / West – Bergrheinfeld / West (SuedLink),Wilster West,,Bergrheinfeld West (SuedLink),,,,Ausbau,,538,,,Errichtung einer Leitung: Neubau in neuer Trasse,Leitung,2000,,"SH,
NI,
HE,
TH, BY",,x,x,BBP Nr. 4,"2026,
2028",3: vor oder im PFV/ Genehmigung nach BImSchG,"TTG, TNG",,,Nur Leistungsanagbe 2 GW (Nennleistung)
DC5,29406,,,,DC,,,,,2000,,,,,2028,40,,539,,,,,,,,,BBP,5,Wolmirstedt – Isar,Wolmirstedt,,Isar,,,,Ausbau,,539,,,Errichtung einer Leitung: Neubau in neuer Trasse,Leitung,2000,,"ST,
TH,
SN, BY",,x,x,BBP Nr. 5,"2026,
2028",3: vor oder im PFV/ Genehmigung nach BImSchG,"50HzT, TTG",,,Nur Leistungsanagbe 2 GW (Nennleistung)
DC1a,29407,,,,DC,,,,,2400,,,,,2027,40,,300,,,,,,,,,BBPIG,1,Emden / Ost – Osterath,Emden Ost,,Osterath (A-Nord),,,,Bestand,,,300,,Optimierung,Leitung,2400,,"NI, NW",NO,x,,,"2025,
2027",3: Vor oder im PFV/ Genehmigung nach BImSchG,AMP,DC1a,x,"HVDC 2.4 GW, Nutzung inhärenter Reserven"
DC20,29408,,,,DC,,,,,2000,,,,,2027,40,,759,,,,,,,,,BBPIG,5a,Klein Rogahn – Isar,Klein Rogahn,,Isar,,,,Ausbau/Bestand,,220,539,,"Errichtung einer Leitung: Neubau in neuer Trasse, Errichtung einer Leitung: Paral- lelneubau",Leitung,2000,,"MV,
NI,
ST,
SN,
TH, BY",NVA,,,,"2025,
2027",1: Vorbereitung Pla- nungs- und Geneh- migungsverfahren 3: Vor oder im PFV/ Genehmigung nach BImSchG,"50HzT, TTG",DC20,x,HVDC 2 GW
DC21,29409,,,,DC,,,,,2000,,,,,2032,40,,267,,,,,,,,,BBPIG,49,Wilhelmshaven 2 - Region Hamm,Wilhelmshaven 2,,Region Hamm,,,,Ausbau,,267,,,Errichtung einer Leitung: Neubau in neuer Trasse,Leitung,2000,,"NI, NW",,x,,,"2030,
2032",1: Vorbereitung Pla- nungs- und Geneh- migungsverfahren,"AMP, TTG",DC21b,x,HVDC 2 GW
DC25,29410,,,,DC,,,,,2000,,,,,2031,40,,407,,,,,,,,,BBPIG,48,Heide / West – Polsum,Heide West,,Polsum,,,,Ausbau,,407,,,Errichtung einer Leitung: Neubau in neuer Trasse,Leitung,2000,,"SH,
NI, NW",,x,,,"2030,
2031",1: Vorbereitung Pla- nungs- und Geneh- migungsverfahren,"AMP, TTG",DC25,x,HVDC 2 GW
DC31,29411,,,,DC,,,,,2000,,,,,2031,40,,212,,,,,,,,,,,Heide / West – Klein Rogahn,Heide West,,Klein Rogahn,,,,Ausbau,,212,,,Errichtung einer Leitung: Neubau in neuer Trasse,Leitung,2000,,"SH, MV",,,,,"2030,
2031",,"50HzT, TTG",DC31,x,HVDC 2 GW
DC34,29412,,,,DC,,,,,2000,,,,,2035,40,,528,,,,,,,,,,,Suchraum Rastede – Bürstadt,Suchraum Rastede,,Bürstadt,,,,Ausbau,,528,,,Errichtung einer Leitung: Neubau in neuer Trasse,Leitung,,,"NI, HE",,,,,2035,,"AMP, TTG",DC34,,
P20,29413,,,,AC,,,,,5400,,,,,2035,40,,30,6,,2,,,,,,BBPIG,37,Emden / Ost – Halbemond,Emden Ost,,Halbemond,,,,Ausbau/Bestand,,30,,380,Errichtung einer Leitung: Neubau in neuer Trasse,Leitung,5400,6,NI,,x,,,2035,1: Vorbereitung Pla- nungs- und Geneh- migungsverfahren,TTG,M69,x,each 4000A
P22,29414,,,,AC,,,,,5400,,,,,2030,40,,36,6,,2,,,,,,BBPIG,55,Elsfleth / West – Ganderkesee (über Niedervieland),Elsfleth West,,Niedervieland,,,,Bestand,,,36,380,Errichtung einer Leitung: Ersatz- neubau,Leitung,5400,6,"NI, HB",NV,,,,2030,1: Vorbereitung Pla- nungs- und Geneh- migungsverfahren,TTG,M80,x,each 4000A
P22,29415,,,,AC,,,,,5400,,,,,2031,40,,,6,,2,,,,,,BBPIG,55,,Niedervieland,,Ganderkesee ,,,,Bestand,,,*,380,Errichtung einer Leitung: Ersatz- neubau,Leitung,5400,6,"NI, HB",NV,,,,"2030,
2031",1: Vorbereitung Pla- nungs- und Geneh- migungsverfahren,TTG,M80,x,each 4000A
P22,29416,,,,AC,,,,,5400,,,,,2031,40,,32,3,,1,,,,,,BBPIG,54,Conneforde – Unterweser,Conneforde,,Unterweser,,,,Bestand,,,32,380,Änderung oder Erweiterung einer Leitung: Spannungs- umstellung,Leitung,5400,3,NI,NO,,,,"2030,
2031",3: Vor oder im PFV/ Genehmigung nach BImSchG,TTG,M92,x,
P23,29417,,,,AC,,,,,5400,,,,,2025,40,,100,6,,2,,,,,,BBPIG,38,Dollern – Elsfleth / West,Dollern,,Alfstedt,,,,Bestand,,,100,380,Errichtung einer Leitung: Ersatz- neubau,Leitung,5400,6,NI,NV,x,,,2025,1: Vorbereitung Pla- nungs- und Geneh- migungsverfahren,TTG,M20,x,each 4000A
P23,29418,,,,AC,,,,,5400,,,,,2029,40,,,6,,2,,,,,,BBPIG,38,,Alfstedt,,Farge,,,,Bestand,,,*,380,Errichtung einer Leitung: Ersatz- neubau,Leitung,5400,6,NI,NV,x,,,"2028,
2029",1: Vorbereitung Pla- nungs- und Geneh- migungsverfahren,TTG,M20,x,each 4000A
P23,29419,,,,AC,,,,,5400,,,,,2029,40,,,6,,2,,,,,,BBPIG,38,,Farge,,Elsfleth West,,,,Bestand,,,*,380,Errichtung einer Leitung: Ersatz- neubau,Leitung,5400,6,NI,NV,x,,,"2028,
2029",1: Vorbereitung Pla- nungs- und Geneh- migungsverfahren,TTG,M20,x,each 4000A
P26,29420,,,,AC,,,,,5400,,,,,2029,40,,3,6,,2,,,,,,BBPIG,50,Brunsbüttel – Büttel,Brunsbüttel,,Büttel,,,,Bestand,,,3,380,Errichtung einer Leitung: Ersatz- neubau,Leitung,5400,6,SH,NV,,,,"2028,
2029",1: Vorbereitung Pla- nungs- und Geneh- migungsverfahren,TTG,M432,x,each 4000A
P26,29421,,,,AC,,,,,5400,,,,,2030,40,,8,6,,2,,,,,,BBPIG,50,Büttel – Wilster/West,Büttel,,Wilster West,,,,Bestand,,,8,380,Errichtung einer Leitung: Ersatz- neubau,Leitung,5400,6,SH,NV,,,,"2029,
2030",1: Vorbereitung Planungs- und Genehmigungsver- fahren,TTG,M76,x,each 4000A
P26,29422,,,,AC,,,,,5400,,,,,2030,40,,44,6,,2,,,,,,BBPIG,50,Wilster / West – Stade / West,Wilster West,,Stade West,,,,Bestand,,,44,380,Errichtung einer Leitung: Ersatz- neubau,Leitung,5400,6,"SH, NI",NV,,,,"2029,
2030",1: Vorbereitung Pla- nungs- und Geneh- migungsverfahren,TTG,M89,x,each 4000A
P33,29423,,,,AC,,,,,2700,,,,,2030,40,,146,6,,2,,,,,,BBPIG,10,Wolmirstedt – Helmstedt – Hallendorf/Gleidingen– Kreuzung M24b/TTG-006 – Mehrum/Nord,Wolmirstedt,,Helmstadt,,,,Bestand,,,146,380,Errichtung einer Leitung: Paral- lelneubau,Leitung,2700,6,"ST, NI",NV,,,,"2029,
2030","1: Vorbereitung Pla- nungs- und Geneh- migungsverfahren, 3: Vor oder im PFV/ Genehmigung nach BImSchG","50HzT, TTG",M24b,x,Both 4000A
P33,29424,,,,AC,,,,,2700,,,,,2032,40,,,6,,2,,,,,,BBPIG,10,*,Helmstadt,,Hallendorf/Gleidingen,,,,Bestand,,,*,380,Errichtung einer Leitung: Paral- lelneubau,Leitung,2700,6,"ST, NI",NV,,,,"2032
","1: Vorbereitung Pla- nungs- und Geneh- migungsverfahren, 3: Vor oder im PFV/ Genehmigung nach BImSchG","50HzT, TTG",M24b,x,Both 4000A
P33,29425,,,,AC,,,,,2700,,,,,2032,40,,,6,,2,,,,,,BBPIG,10,*,Gleidingen Hallendorf,,Kreuzung M24b/ TTG-006,,,,Bestand,,,*,380,Errichtung einer Leitung: Paral- lelneubau,Leitung,2700,6,"ST, NI",NV,,,,"2027,
2028
(50HzT)
2031,
2032
(TTG)","1: Vorbereitung Pla- nungs- und Geneh- migungsverfahren, 3: Vor oder im PFV/ Genehmigung nach BImSchG","50HzT, TTG",M24b,x,Both 4000A
P33,29426,,,,AC,,,,,2700,,,,,2032,40,,,6,,2,,,,,,BBPIG,10,*,Kreuzung M24b/ TTG-006,,Mehrum Nord,,,,Bestand,,,*,380,Errichtung einer Leitung: Paral- lelneubau,Leitung,2700,6,"ST, NI",NV,,,,"2027,
2028
(50HzT)
2031,
2032
(TTG)","1: Vorbereitung Pla- nungs- und Geneh- migungsverfahren, 3: Vor oder im PFV/ Genehmigung nach BImSchG","50HzT, TTG",M24b,x,Both 4000A
P37,29427,,,,AC,,,,,2700,,,,,2032,40,,87,,,,,,,,,BBPIG,12,Vieselbach – Landesgrenze Thüringen/Hessen,Vieselbach,,Eisenach,,,,Bestand,,,87,380,Errichtung einer Leitung: Ersatz- neubau,Leitung,2700,,TH,NV,,,,"2027,
2028
(50HzT)
2031,
2032
(TTG)",3: Vor oder im PFV/ Genehmigung nach BImSchG,50HzT,M25a,x,HTL Umbeseilung 4000A
P37,29428,,,,AC,,,,,2700,,,,,2027,40,,43,,,,,,,,,BBPIG,12,Landesgrenze Thüringen/Hessen – Mecklar,Eisenach,,Mecklar,,,,Bestand,,,43,380,Änderung oder Erweiterung einer Leitung: Zu- oder Umbeseilung,Leitung,2700,,HE,NV,,,,"2026,
2027",3: Vor oder im PFV/ Genehmigung nach BImSchG,TTG,M25b,x,HTL Umbeseilung 4000A
P43,29429,,,,AC,,,,,5400,,,,,2026,40,,50,6,,2,,,,,,BBPIG,17,Mecklar – Dipperz,Mecklar,,Dipperz,,,,Bestand,,,50,380,Errichtung einer Leitung: Paral- lelneubau,Leitung,5400,6,HE,NV,x,,,"2024,
2026",1: Vorbereitung Pla- nungs- und Geneh- migungsverfahren,TTG,M74a,x,each 4000A
P43,29430,,,,AC,,,,,5400,,,,,2031,40,,80,6,,2,,,,,,BBPIG,17,Dipperz – Bergrheinfeld / West,Dipperz,,Bergrheinfeld West,,,,Ausbau,,80,,380,Errichtung einer Leitung: Neubau in neuer Trasse,Leitung,5400,6,"HE, BY",,x,,,2031,1: Vorbereitung Pla- nungs- und Geneh- migungsverfahren,TTG,M74b,x,each 4000A
P51,29431,,,,AC,,,,,,,,,,2031,40,,27,3,,1,,,,,,BBPIG,22,Großgartach – Endersbach,Großgartach,,Endersbach,,,,Bestand,,,27,380,"Errichtung einer Leitung: Ersatzneubau
Errichtung einer Leitung: Parallelneubau",Leitung,,3,BW,NV,,,,2031,1: Vorbereitung Pla- nungs- und Geneh- migungsverfahren,TNG,M37,x,
P52,29432,,10362,,AC,,,,,,,,,,2030,40,,7,,,,,,,,,BBPIG,40,Punkt Neuravensburg – Punkt Bundes- grenze (AT),Punkt Neuravensburg,,Punkt Sigmarszell/Bundes- grenze (AT),,,9.8138546 47.1444672,Bestand,,,7,380,Errichtung einer Leitung: Ersatz- neubau,Leitung,,,"BW, BY",NV,x,,,2030,1: Vorbereitung Pla- nungs- und Geneh- migungsverfahren,"AMP, TNG",M94b,x,
P53,29433,,,,AC,,,,,,,,,,2030,40,,45,6,,2,,,,,,BBPIG,41,Raitersaich/West– Ludersheim,Raitersaich/West,,Ludersheim,,,,Bestand,,,45,380,Errichtung einer Leitung: Ersatz- neubau,Leitung,,6,BY,NV,,,,2030,2: Im ROV/BFP,TTG,M54,x,
P53,29434,,,,AC,,,,,5400,,,,,2030,40,,114,6,,2,,,,,,BBPIG,41,Ludersheim - Sittling - Suchraum Stadt Rottenburg/Gemeinde Neufahrn - Altheim,Ludersheim,,Sittling,,,,Bestand,,,114,380,Errichtung einer Leitung: Ersatz- neubau,Leitung,5400,6,BY,NV,,,,"2029,
2030",2: Im ROV/BFP,TTG,M350,x,Each 4000A
P53,29435,,,,AC,,,,,5400,,,,,2029,40,,,6,,2,,,,,,BBPIG,41,,Sittling,,Suchraum Stadt Rottenburg/Gemeinde Neufahrn,,,,Bestand,,,*,380,Errichtung einer Leitung: Ersatz- neubau,Leitung,5400,6,BY,NV,,,,"2028,
2029",2: Im ROV/BFP,TTG,M350,x,Each 4000A
P53,29436,,,,AC,,,,,5400,,,,,2029,40,,,6,,2,,,,,,BBPIG,41,,Suchraum Stadt Rottenburg/Gemeinde Neufahrn,,Altheim,,,,Bestand,,,*,380,Errichtung einer Leitung: Ersatz- neubau,Leitung,5400,6,BY,NV,,,,"2028,
2029",2: Im ROV/BFP,TTG,M350,x,Each 4000A
P72,29437,,,,AC,,,,,,,,,,2029,40,,14,6,,2,,,,,,BBPIG,42,Lübeck / West – Siems,Lübeck West,,Siems,,,,Bestand,,,14,380,Errichtung einer Leitung: Ersatz- neubau,Leitung,,6,SH,NV,x,,,"2028,
2029",3: Vor oder im PFV/ Genehmigung nach BImSchG,TTG,M49,x,
P72,29438,,,,AC,,,,,,,,,,2026,40,,40,6,,2,,,,,,BBPIG,42,Abzweig Göhl,Siems,,Göhl,,,,Ausbau,,40,,380,Errichtung einer Leitung: Neubau in neuer Trasse,Leitung,,6,SH,,x,,,2026,3: Vor oder im PFV/ Genehmigung nach BImSchG,TTG,M351,x,
P74,29439,,,,AC,,,,,,,,,,2027,40,,110,3,,1,,,,,,TYNDP,47,Vöhringen - Punkt Bundesgrenze (AT),Vöhringen,,Memmingen,,,,Bestand,,,110,380,Zubeseilung,Leitung,,3,,,,,,2027,1: Vorbereitung Planungs- und Genehmigungsverfahren,AMP,M96,,between Bavarian Swabia and Austria
P74,29440,,,,AC,,,,,,,,,,2030,40,,,3,,1,,,,,,TYNDP,47,,Memmingen,,Leupolz,,,,Bestand,,,*,380,Zubeseilung,Leitung,,3,,,,,,2030,1: Vorbereitung Planungs- und Genehmigungsverfahren,,M96,,between Bavarian Swabia and Austria
P74,29441,,10362,,AC,,,,,,,,,,2030,40,,,3,,1,,,,,,TYNDP,47,,Leupolz,,Punkt Bundesgrenze (AT),,,9.8138546 47.1444672,Bestand,,,*,380,Umbeseilung,Leitung,,3,,,,,,2030,1: Vorbereitung Planungs- und Genehmigungsverfahren,AMP,M96,,between Bavarian Swabia and Austria
P84,29442,,,,AC,,,,,,,,,,2030,40,,31,,,,,,,,,BBPIG,51,Hamburg / Nord– Hamburg / Ost,Hamburg Nord,,Hamburg Ost,,,,Bestand,,,31,380,Umbeseilung,Leitung,,,HH,NV,,,,2030,1: Vorbereitung Pla- nungs- und Geneh- migungsverfahren,50HzT,M367,x,HTLS Umbeseilung
P84,29443,,,,AC,,,,,,,,,,2032,40,,28,12,,4,,,,,,BBPIG,51,Hamburg / Ost – Krümmel,Hamburg Ost,,Krümmel,,,,Bestand,,,28,380,Errichtung einer Leitung: Ersatz- neubau,Leitung,,12,"HH, SH",NV,,,,"2030,
2032",,50HzT,M368,x,
P112,29444,,,,AC,,,,,5400,,,,,2032,40,,43,6,,2,,,,,,BBPIG,32,Pleinting - St. Peter,Pleinting,,St.Peter,,,,Bestand,,,43,380,Errichtung einer Leitung: Ersatz- neubau,Leitung,5400,6,BY,NV,x,,,"2030,
2032",1: Vorbereitung Pla- nungs- und Geneh- migungsverfahren,TTG,M201,x,Each 4000A
P112,29445,,,,AC,,,,,,,,,,2030,40,,27,6,,2,,,,,,BBPIG,32,Abzweig Pirach,St.Peter,,Pirach,,,,Bestand,,,27,380,Errichtung einer Leitung: Ersatz- neubau,Leitung,,6,BY,NV,x,,,"2028,
2030",1: Vorbereitung Pla- nungs- und Geneh- migungsverfahren,TTG,M212,x,
P113,29446,,,,AC,,,,,5400,,,,,2030,40,,54,6,,2,,,,,,BBPIG,58,Krümmel – Lüneburg – Stadorf,Krümmel,,Lüneburg,,,,Bestand,,,54,380,Errichtung einer Leitung: Ersatz- neubau,Leitung,5400,6,"SH, NI",NV,,,,"2028,
2030",1: Vorbereitung Pla- nungs- und Geneh- migungsverfahren,TTG,M202a,x,Each 4000 A
P113,29447,,,,AC,,,,,5400,,,,,2031,40,,,6,,2,,,,,,BBPIG,58,,Lüneburg,,Stadorf,,,,Bestand,,,*,380,Errichtung einer Leitung: Ersatz- neubau,Leitung,5400,6,"SH, NI",NV,,,,"2030,
2031",1: Vorbereitung Pla- nungs- und Geneh- migungsverfahren,TTG,M202a,x,Each 4000 A
P113,29448,,,,AC,,,,,5400,,,,,2031,40,,86,6,,2,,,,,,BBPIG,58,Stadorf – Wahle,Stadorf,,Wahle,,,,Bestand,,,86,380,Errichtung einer Leitung: Ersatz- neubau,Leitung,5400,6,NI,NV,,,,"2030,
2031",1: Vorbereitung Pla- nungs- und Geneh- migungsverfahren,TTG,M203,x,Each 4000 A
P116,29449,,,,AC,,,,,5400,,,,,2031,40,,118,6,,2,,,,,,BBPIG,57,Dollern – Samtgemeinde Sottrum – Mehringen – Punkt Landesbergen (Steyerberg),Dollern,,Samtgemeinde Sottrum,,,,Bestand,,,118,380,Errichtung einer Leitung: Ersatz- neubau,Leitung,5400,6,NI,NV,,,,"2030,
2031",,TTG,M206,x,Each 4000A
P116,29450,,,,AC,,,,,5400,,,,,2033,40,,,6,,2,,,,,,BBPIG,57,,Samtgemeinde Sottrum,,Mehringen,,,,Bestand,,,*,380,Errichtung einer Leitung: Ersatz- neubau,Leitung,5400,6,NI,NV,,,,"2032,
2033",,TTG,M206,x,Each 4000A
P116,29451,,,,AC,,,,,5400,,,,,2033,40,,,6,,2,,,,,,BBPIG,57,,Mehringen,,Punkt Landesbergen,,,,Bestand,,,*,380,Errichtung einer Leitung: Ersatz- neubau,Leitung,5400,6,NI,NV,,,,"2032,
2033",,TTG,M206,x,Each 4000A
P116,29452,,,,AC,,,,,2700,,,,,2033,40,,20,6,,2,,,,,,BBPIG,57,Punkt Landesbergen (Steyerberg) – Ovenstädt,Punkt Landesbergen (Steyerberg),,Ovenstädt,,,,Bestand,,,20,380,Errichtung einer Leitung: Ersatz- neubau,Leitung,2700,6,"NI, NW",NV,,,,"2032,
2033",,TTG,M494,x,Both 4000A
P119,29453,,,,AC,,,,,5400,,,,,2033,40,,26,6,,2,,,,,,BBPIG,56,Conneforde – Suchraum Rastede – Elsfleth /West mit Anschluss Huntorf,Conneforde,,Suchraum Rastede,,,,Bestand,,,26,380,Errichtung einer Leitung: Ersatz- neubau,Leitung,5400,6,NI,NV,,,,"2032,
2033",1: Vorbereitung Pla- nungs- und Geneh- migungsverfahren,TTG,M90,x,each 4000A
P119,29454,,,,AC,,,,,5400,,,,,2031,40,,,6,,2,,,,,,BBPIG,56,,Suchraum Rastede,,Elsfleth West,,,,Bestand,,,*,380,Errichtung einer Leitung: Ersatz- neubau,Leitung,5400,6,NI,NV,,,,"2030,
2031",1: Vorbereitung Pla- nungs- und Geneh- migungsverfahren,TTG,M90,x,each 4000A
P119,29455,,,,AC,,,,,5400,,,,,2031,40,,,6,,2,,,,,,BBPIG,56,,Elsfleth West,, Huntorf,,,,Bestand,,,*,380,Errichtung einer Leitung: Ersatz- neubau,Leitung,5400,6,NI,NV,,,,"2030,
2031",1: Vorbereitung Pla- nungs- und Geneh- migungsverfahren,TTG,M90,x,each 4000A
P119,29456,,,,AC,,,,,5400,,,,,2031,40,,86,6,,2,,,,,,BBPIG,56,Elsfleth / West – Abzweig Blockland – Samtgemeinde Sottrum,Elsfleth West,,Abzweig Blockland,,,,Bestand,,,86,380,Errichtung einer Leitung: Ersatz- neubau,Leitung,5400,6,NI,NV,,,,"2030,
2031",1: Vorbereitung Pla- nungs- und Geneh- migungsverfahren,TTG,M535,x,each 4000A
P119,29457,,,,AC,,,,,5400,,,,,2031,40,,,6,,2,,,,,,BBPIG,56,,Abzweig Blockland,,Samtgemeinde Sottrum,,,,Bestand,,,*,380,Errichtung einer Leitung: Ersatz- neubau,Leitung,5400,6,NI,NV,,,,"2030,
2031",1: Vorbereitung Pla- nungs- und Geneh- migungsverfahren,TTG,M535,x,each 4000A
P124,29458,,,,AC,,,,,,,,,,2031,40,,117,,,,,,,,,BBPIG,60,Wolmirstedt – Klostermansfeld,Wolmirstedt,,Klostermansfeld,,,,Bestand,,,117,380,Umbeseilung,Leitung,,,ST,NV,,,,"2030,
2031",1: Vorbereitung Pla- nungs- und Geneh- migungsverfahren,50HzT,M209a,x,
P124,29459,,,,AC,,,,,,,,,,2029,40,,39,,,,,,,,,BBPIG,60,Klostermansfeld – Schraplau/Obhausen – Lauchstädt,Klostermansfeld,,Schraplau/Obhausen,,,,Bestand,,,39,380,Umbeseilung,Leitung,,,ST,NV,,,,"2028,
2029",1: Vorbereitung Pla- nungs- und Geneh- migungsverfahren,50HzT,M209b,x,
P124,29460,,,,AC,,,,,,,,,,2028,40,,,,,,,,,,,BBPIG,60,,Schraplau/Obhausen,,Lauchstädt,,,,Bestand,,,*,380,Umbeseilung,Leitung,,,ST,NV,,,,"2027,
2028",1: Vorbereitung Pla- nungs- und Geneh- migungsverfahren,50HzT,M209b,x,
P133,29461,,,,AC,,,,,5400,,,,,2028,40,,73,,,,,,,,,BBPIG,65,Borken – Gießen / Nord,Borken,,Gießen Nord,,,,Bestand,,,73,380,Umbeseilung,Leitung,5400,,HE,NV,,,,"2027,
2028",1: Vorbereitung Pla- nungs- und Geneh- migungsverfahren,TTG,M253,x,each 4000A
P135,29462,,,,AC,,,,,5400,,,,,2031,40,,60,,,,,,,,,BBPIG,57,Ovenstädt – Eickum – Bechterdissen,Ovenstädt,,Eickum,,,,Bestand,,,60,380,Umbeseilung,Leitung,5400,,NW,NV,,,,"2030,
2031",1: Vorbereitung Pla- nungs- und Geneh- migungsverfahren,TTG,M255,x,"Each 4000A, HTL Umbeseilung"
P135,29463,,,,AC,,,,,5400,,,,,2031,40,,,,,,,,,,,BBPIG,57,,Eickum,, Bechterdissen,,,,Bestand,,,*,380,Umbeseilung,Leitung,5400,,NW,NV,,,,"2030,
2031",1: Vorbereitung Pla- nungs- und Geneh- migungsverfahren,TTG,M255,x,"Each 4000A, HTL Umbeseiolung"
P150,29464,,,,AC,,,,,,,,,,2031,40,,71,,,,,,,,,BBPIG,44,Schraplau / Obhausen – Wolkramshausen,Schraplau Obhausen,,Wolkramshausen,,,,Bestand,,,71,380,Errichtung einer Leitung: Ersatz- neubau,Leitung,,,"ST, TH",NV,,,,"2030,
2031",2: Im ROV/BFP,50HzT,M352a,x,
P150,29465,,,,AC,,,,,,,,,,2029,40,,66,,,,,,,,,BBPIG,44,Wolkramshausen – Vieselbach,Wolkramshausen,,Vieselbach,,,,Bestand,,,66,380,Errichtung einer Leitung: Ersatz- neubau,Leitung,,,TH,NV,,,,"2028,
2029",2: Im ROV/BFP,50HzT,M463,x,
P159,29466,,,,AC,,,,,,,,,,2029,40,,13,,,,,,,,,BBPIG,67,Bürstadt – BASF,Bürstadt,,Punkt Roxheim,,,,Bestand,,,13,380,Errichtung einer Leitung: Parallelneubau,Leitung,,,"HE, RP",NVA,,,,"2028,
2029",1: Vorbereitung Pla- nungs- und Geneh- migungsverfahren,AMP,M62,x,"BASF build in future, Connection to BASF direct"
P159,29467,,,,AC,,,,,,,,,,2029,40,,5,,,,,,,,,BBPIG,67,Bürstadt – BASF,Punkt Roxheim,,BASF,,,,Ausbau,,5,,380,Errichtung einer Leitung: Neubau in neuer Trasse,Leitung,,,"HE, RP",NVA,,,,2029,1: Vorbereitung Pla- nungs- und Geneh- migungsverfahren,AMP,M62,x,BASF build in future
P161,29468,,,,AC,,,,,,,,,,2029,40,,24,,,,,,,,,BBPIG,66,Großkrotzenburg– Urberach,Großkrotzenburg,,Dettingen,,,,Bestand,,,24,380,Umbeseilung,Leitung,,,HE,NV,,,,2029,1: Vorbereitung Pla- nungs- und Geneh- migungsverfahren,"AMP, TTG",M91,x,
P161,29469,,,,AC,,,,,,,,,,2028,40,,,,,,,,,,,BBPIG,66,,Dettingen,,Urberach,,,,Bestand,,,*,380,Umbeseilung,Leitung,,,HE,NV,,,,"2027,
2028",1: Vorbereitung Pla- nungs- und Geneh- migungsverfahren,"AMP, TTG",M91,x,
P170,29470,,,,AC,,,,,,,,,,2028,40,,34,,,,,,,,,TYNDP,244,Uchtelfangen – Ensdorf – Bundesgrenze (FR),Uchtelfangen,,Ensdorf,,,,Bestand,,,34,380,Umbeseilung,Leitung,,,SL,NV,,,,"2027,
2028",1: Vorbereitung Planungs- und Genehmigungsverfahren,AMP,M380,,between Germany and France
P170,29471,,43767,,AC,,,,,,,,,,2030,40,,,,,,,,,,,TYNDP,244,,Ensdorf,,Punkt Oranna (Bundesgrenze (FR)),,,3.1555151587908 46.808684469407666,Bestand,,,*,380,Umbeseilung,Leitung,,,SL,NV,,,,2030,1: Vorbereitung Planungs- und Genehmigungsverfahren,AMP,M380,,between Germany and France
P175,29472,,,,AC,,,,,5400,,,,,2030,40,,15,6,,2,,,,,,BBPIG,73,Wilhelmshaven 2 – Fedderwarden,Wilhelmshaven 2,,Fedderwarden,,,,Ausbau,,15,,380,Errichtung einer Leitung: Neubau in neuer Trasse,Leitung,5400,6,NI,,,,,2030,1: Vorbereitung Pla- nungs- und Geneh- migungsverfahren,TTG,M385,x,each 4000A
P175,29473,,,,AC,,,,,5400,,,,,2029,40,,36,6,,2,,,,,,BBPIG,73,"Wilhelmshaven 2
– Conneforde",Wilhelmshaven 2,,Conneforde,,,,Bestand,,,36,380,Errichtung einer Leitung: Ersatz- neubau,Leitung,5400,6,NI,NV,,,,2029,1: Vorbereitung Pla- nungs- und Geneh- migungsverfahren,TTG,M466,x,each 4000A
P176,29474,,43767,,AC,,,,,,,,,,2029,40,,18,,,,,,,,,BBPIG,72,Eichstetten – Bundesgrenze [FR],Eichstetten,,Bundesgrenze [FR],,,3.1555151587908 46.808684469407666,Bestand,,,18,380,Errichtung einer Leitung: Ersatz- neubau,Leitung,,,BW,NV,x,,,2029,1: Vorbereitung Pla- nungs- und Geneh- migungsverfahren,TNG,M387,x,
P200,29475,,,,AC,,,,,,,,,,2026,40,,16,6,,2,,,,,,BBPIG,74,Punkt Blatzheim– Oberzier,Oberzier,,Punkt Blatzheim,,,,Bestand,,,16,380,Errichtung einer Leitung: Ersatz- neubau,Leitung,,6,NW,NV,,,,2026,3: Vor oder im PFV/ Genehmigung nach BImSchG,AMP,M425,x,two additional circuits?
P204,29476,,43763,,AC,,,,,,,,,,2027,40,,4,,,,,,,,,TYNDP,231,Tiengen – Bundesgrenze (CH),Tiengen,,Bundesgrenze (CH),,,8.207947631625533 46.82343065666129,Bestand,,,4,380,Errichtung einer Leitung: Ersatzneubau,Leitung,,,BW,NV,,,,"2025,
2027",,AMP,M430,,Germany and Swizerland
P206,29477,,,,AC,,,,,,,,,,2030,40,,140,6,,2,,,,,,BBPIG,23,Herbertingen – Kreis Konstanz – Beuren – Gurtweil / Tiengen,Herbertingen,,Kreis Konstanz,,,,Bestand,,,140,380,Errichtung einer Leitung: Ersatz- neubau,Leitung,,6,BW,NV,,,,2030,1: Vorbereitung Pla- nungs- und Geneh- migungsverfahren,"AMP, TNG",M417,x,
P206,29478,,,,AC,,,,,,,,,,2032,40,,,6,,2,,,,,,BBPIG,23,,Kreis Konstanz,,Beuren,,,,Bestand,,,*,380,Errichtung einer Leitung: Ersatz- neubau,Leitung,,6,BW,NV,,,,"2030,
2032",1: Vorbereitung Pla- nungs- und Geneh- migungsverfahren,"AMP, TNG",M417,x,
P206,29479,,,,AC,,,,,,,,,,2032,40,,,6,,2,,,,,,BBPIG,23,,Beuren,,Gurtweil Tiengen,,,,Bestand,,,*,380,Errichtung einer Leitung: Ersatz- neubau,Leitung,,6,BW,NV,,,,"2030,
2032",1: Vorbereitung Pla- nungs- und Geneh- migungsverfahren,"AMP, TNG",M417,x,
P211,29480,,,,AC,,,,,5400,,,,,2032,40,,51,,,,,,,,,BBPIG,65,Gießen / Nord – Karben,Gießen Nord,,Karben,,,,Bestand,,,51,380,Umbeseilung,Leitung,5400,,HE,NV,,,,"2030,
2032",,TTG,M434,x,each 4000A
P212,29481,,,,AC,,,,,5400,,,,,2031,40,,73,,,,,,,,,,,Landesbergen – Grohnde,Landesbergen,,Grohnde,,,,Bestand,,,73,380,Umbeseilung,Leitung,5400,,NI,NV,,,,"2030,
2031",,TTG,M797,,Each 4000A
P212,29482,,,,AC,,,,,5400,,,,,2040,40,,57,,,,,,,,,,,Grohnde – Vörden – Würgassen,Grohnde,,Vörden,,,,Bestand,,,57,380,Umbeseilung,Leitung,5400,,"NI, NW",NV,,,,2040,,TTG,M435,,Each 4000A
P212,29483,,,,AC,,,,,5400,,,,,2040,40,,,,,,,,,,,,,,Vörden,,Würgassen,,,,Bestand,,,*,380,Umbeseilung,Leitung,5400,,"NI, NW",NV,,,,2040,,TTG,M435,,Each 4000A
P212,29484,,,,AC,,,,,5400,,,,,2040,40,,57,,,,,,,,,,,Würgassen – Sanders- hausen / Ost – Bergshausen,Würgassen,,Sandershausen Ost,,,,Bestand,,,57,380,Umbeseilung,Leitung,5400,,"NW, HE",NV,,,,2040,,TTG,M472,,Each 4000A
P212,29485,,,,AC,,,,,5400,,,,,2040,40,,,,,,,,,,,,,,Sandershausen Ost,,Bergshausen,,,,Bestand,,,*,380,Umbeseilung,Leitung,5400,,"NW, HE",NV,,,,2040,,TTG,M472,,Each 4000A
P212,29486,,,,AC,,,,,5400,,,,,2040,40,,30,,,,,,,,,,,Bergshausen – Borken,Bergshausen,, Borken,,,,Bestand,,,30,380,Umbeseilung,Leitung,5400,,HE,NV,,,,2040,,TTG,M473,,Each 4000A
P215,29487,,,,AC,,,,,,,,,,2040,40,,68,,,,,,,,,BBPIG,52,Güstrow – Bentwisch– Suchraum Gemeinden Sanitz/ Dettmannsdorf,Güstrow,,Bentwisch,,,,Bestand,,,68,380,Errichtung einer Leitung: Ersatz- neubau,Leitung,,,MV,NV,,,,2040,1: Vorbereitung Pla- nungs- und Geneh- migungsverfahren,50HzT,M454,x,
P215,29488,,,,AC,,,,,,,,,,2030,40,,,,,,,,,,,BBPIG,52,,Bentwisch,,Sanitz Dettmannsdorf,,,,Bestand,,,*,380,Errichtung einer Leitung: Ersatz- neubau,Leitung,,,MV,NV,,,,"2029,
2030",1: Vorbereitung Pla- nungs- und Geneh- migungsverfahren,50HzT,M454,x,
P216,29489,,,,AC,,,,,,,,,,2030,40,,90,,,,,,,,,BBPIG,53,Güstrow – Siedenbrünzow – Iven/Krusenfelde/Krien/ Spantekow/Wer- der/Bartow,Güstrow,,Siedenbrünzow,,,,Bestand,,,90,380,Errichtung einer Leitung: Ersatz- neubau,Leitung,,,MV,NV,,,,"2029,
2030",1: Vorbereitung Pla- nungs- und Geneh- migungsverfahren,50HzT,M455,x,
P216,29490,,,,AC,,,,,,,,,,2033,40,,,,,,,,,,,BBPIG,53,,Siedenbrünzow,,Iven/Krusenfelde/Krien/ Spantekow/Werder/Bartow,,,,Bestand,,,*,380,Errichtung einer Leitung: Ersatz- neubau,Leitung,,,MV,NV,,,,"2032,
2033",1: Vorbereitung Pla- nungs- und Geneh- migungsverfahren,50HzT,M455,x,
P216,29491,,,,AC,,,,,,,,,,2033,40,,62,,,,,,,,,BBPIG,53,Iven/Krusenfelde/Krien/ Spantekow/ Werder/Bartow – Pasewalk / Nord– Pasewalk,Iven/Krusenfelde/Krien/ Spantekow/ Werder/Bartow,,Pasewalk Nord,,,,Bestand,,,62,380,Errichtung einer Leitung: Ersatz- neubau,Leitung,,,MV,NV,,,,"2032,
2033",1: Vorbereitung Pla- nungs- und Geneh- migungsverfahren,50HzT,M523,x,
P216,29492,,,,AC,,,,,,,,,,2030,40,,,,,,,,,,,BBPIG,53,,Pasewalk Nord,,Pasewalk,,,,Bestand,,,*,380,Errichtung einer Leitung: Ersatz- neubau,Leitung,,,MV,NV,,,,"2029,
2030",1: Vorbereitung Pla- nungs- und Geneh- migungsverfahren,50HzT,M523,x,
P221,29493,,43774,,DC,,,,,700,,,,,2030,40,,35,2,,1,,,,,,TYNDP,267,50Hz T-Regalzone - Südschweden,Umspannwerk Güstrow,,Südschweden,,,16.277634034498558 61.35776074926747,Ausbau,,35,,,Errichtung einer Leitung: Neubau in neuer Trasse,Leitung,1400,,MV,,,,,"2029,
2030",,50HzT,M461a,,"HDVC, 700 MW( Ausbau von 700W auf 1,4GW)"
P222,29494,,,,AC,,,,,5400,,,,,2035,40,,47,6,,2,,,,,,BBPIG,47,Oberbachern – Ottenhofen,Oberbachern,, Ottenhofen,,,,Bestand,,,47,380,Errichtung einer Leitung: Ersatz- neubau,Leitung,5400,6,BY,NV,,,,2035,2: Im ROV/BFP,TTG,M461,x,each 4000A
P223,29495,,,,AC,,,,,5400,,,,,2029,40,,147,,,,,,,,,,,Güstrow – Wessin – Görries– Klein Rogahn– Krümmel,Güstrow,,Wessin,,,,Bestand,,,147,380,Umbeseilung,Leitung,5400,,"MV, SH",NV,,,,"2027,
2029",,50HzT,M462a,x,Each 4000A
P223,29496,,,,AC,,,,,5400,,,,,2030,40,,,,,,,,,,,,,,Wessin,,Görries,,,,Bestand,,,*,380,Umbeseilung,Leitung,5400,,"MV, SH",NV,,,,2030,,50HzT,M462a,x,Each 4000A
P223,29497,,,,AC,,,,,5400,,,,,2030,40,,,,,,,,,,,,,,Görries,,Klein Rogahn,,,,Bestand,,,*,380,Umbeseilung,Leitung,5400,,"MV, SH",NV,,,,2030,,50HzT,M462a,x,Each 4000A
P223,29498,,,,AC,,,,,5400,,,,,2030,40,,,,,,,,,,,,,,Klein Rogahn,,Krümmel,,,,Bestand,,,*,380,Umbeseilung,Leitung,5400,,"MV, SH",NV,,,,2030,,50HzT,M462a,x,Each 4000A
P225,29499,,,,AC,,,,,5400,,,,,2030,40,,8,9,,3,,,,,,BBPIG,77,Altheim – Isar,Altheim,,Isar,,,,Ausbau,,8,,380,Errichtung einer Leitung: Neubau in neuer Trasse,Leitung,5400,9,BY,,,,,2030,1: Vorbereitung Pla- nungs- und Geneh- migungsverfahren,TTG,M464a,x,4000A
P227,29500,,,,AC,,,,,,,,,,2030,40,,80,6,,2,,,,,,,,Lübeck / West – Krümmel,Lübeck West,,Krümmel,,,,Ausbau,,80,,380,Errichtung einer Leitung: Neubau in neuer Trasse,Leitung,,6,SH,,,,,"2029,
2030",-,TTG,M468,,
P228,29501,,,,AC,,,,,,,,,,2040,40,,98,6,,2,,,,,,BBPIG,59,Landesbergen – Lehrte / Lahe – Mehrum / Nord,Landesbergen,,Lehrte Lahe,,,,Bestand,,,98,380,Errichtung einer Leitung: Ersatzneubau,Leitung,,6,NI,NV,,,,2040,1: Vorbereitung Planungs- und Genehmigungsverfahren,TTG,M469a,x,
P228,29502,,,,AC,,,,,,,,,,2032,40,,,6,,2,,,,,,BBPIG,59,,Lehrte Lahe,,Mehrum Nord,,,,Bestand,,,*,380,Errichtung einer Leitung: Ersatz- neubau,Leitung,,6,NI,NV,,,,"2031,
2032",1: Vorbereitung Planungs- und Genehmigungsverfahren,TTG,M469a,x,
P252,29503,,,,AC,,,,,,,,,,2032,40,,4,,,,,,,,,,,(Marzahn – Punkt Biesdorf/Süd) – Wuhlheide,(Marzahn – Punkt Biesdorf/Süd) ,,Wuhlheide,,,,Bestand,,,4,380,Errichtung einer Leitung: Ersatzneubau,Leitung,,,BE,NV,,,,"2031,
2032",-,50HzT,M534a,x,
P302,29504,,,,AC,,,,,,,,,,2035,40,,46,,,,,,,,,BBPIG,68,Höpfingen – Hüffenhardt,Höpfingen,,Hüffenhardt,,,,Bestand,,,46,380,Änderung oder Erweiterung einer Leitung: Zu- oder Umbeseilung,Leitung,,,BW,NV,,,,"2030-
2035",1: Vorbereitung Planungs- und Genehmigungsverfahren,TNG,M511,x,
P306,29505,,,,AC,,,,,,,,,,2030,40,,39,,,,,,,,,,,Großgartach – Pulverdingen,Großgartach,,Pulverdingen,,,,Bestand,,,39,380,"Errichtung einer Leitung: Ersatzneubau, Parallelneubau, Änderung oder Erweiterung einer Leitung: Zu- oder Umbeseilung",Leitung,,,BW,NV,,,,2030,,TNG,M518,x,TransnetBW
P313,29506,,43762,,AC,,,,,,,,,,2035,40,,15,,,,,,,,,TYNDP,225,Deutschland - Belgien,Punkt Dahlem (Deutschland),,Punkt Gramme (Belgien),,,4.798653786209867 50.74318840599844,Bestand,,,15,,"Errichtung einer
Leitung: Neubau in
neuer Trasse",Leitung,,,NW,,,,,2035,,AMP,M488,,HVDC
P315,29507,,,,AC,,,,,,,,,,2035,40,,94,6,,2,,,,,,BBPIG,63,Hanekenfähr – Gronau,Hanekenfähr,,Gronau,,,,Bestand,,,94,380,"Errichtung einer Leitung: Ersatzneubau,
Errichtung einer Leitung: Paral- lelneubau",Leitung,,6,"NI, NW",NV,,,,2035,1: Vorbereitung Pla- nungs- und Geneh- migungsverfahren,AMP,M491,x,
P328,29508,,43769,,DC,,,,,1400,,,,,2034,40,,200,,,,,,,,,BBPIG,70,Fedderwarden – Großbritannien,Fedderwarden,,Punkt Großbritannien,,,-1.9756813895020315 53.282087722259334,Ausbau,,200,,380,Errichtung einer Leitung: Neubau in neuer Trasse,Leitung,,,NI,,x,,,"2033,
2034",3: Vor oder im PFV/ Genehmigung nach BImSchG,(TTG),M534,x,
P330,29509,,,,AC,,,,,,,,,,2025,40,,42.3,,,,,,,,,,,Punkt Rittershausen – Höpfingen,Punkt Rittershausen,,Höpfingen,,,,Bestand,,,42.3,,Änderung oder Erweiterung einer Leitung: Zu- oder Umbe- seilung,Leitung,,,"BY, BW",NV,,,,2025,,TNG,M550,x,
P355,29510,,,,AC,,,,,,,,,,2035,40,,125,6,,2,,,,,,,,Netzverstärkung Neuenhagen – Heinersdorf – Eisenhüttenstadt – Preilack,Neuenhagen,,Heinersdorf,,,,Bestand,,,125,380,Errichtung einer Leitung: Ersatz- neubau,Leitung,,6,BB,NV,,,,2035,,50HzT,M599,,
P355,29511,,,,AC,,,,,,,,,,2035,40,,,6,,2,,,,,,,,,Heinersdorf,,Eisenhüttenstadt,,,,Bestand,,,*,380,Errichtung einer Leitung: Ersatz- neubau,Leitung,,6,BB,NV,,,,2035,,50HzT,M599,,
P355,29512,,,,AC,,,,,,,,,,2035,40,,,6,,2,,,,,,,,,Eisenhüttenstadt,,Preilack,,,,Bestand,,,*,380,Errichtung einer Leitung: Ersatz- neubau,Leitung,,6,BB,NV,,,,2035,,50HzT,M599,,
P359,29513,,,,AC,,,,,,,,,,2035,40,,37,,,,,,,,,BBPIG,60,Stendal / West – Wolmirstedt,Stendal West,,Wolmirstedt,,,,Bestand,,,37,380,Änderung oder Erweiterung einer Leitung: Zu- oder Umbe- seilung,Leitung,,,ST,NV,,,,2035,1: Vorbereitung Pla- nungs- und Geneh- migungsverfahren,50HzT,M571,x,
P367,29514,,43771,,AC,,,,,,,,,,2030,40,,26,3,,1,,,,,,TYNDP,1047,Emden / Ost – Eemshaven (Grenze DE / NL),Emden Ost,,Punkt Eemshaven (Grenze DE / NL),,,5.55144817647059 52.374286058823536,Ausbau,,26,,380,Errichtung einer Leitung: Neubau in neuer Trasse,Leitung,,3,NI,,x,,,"2029,
2030",,,,,
P402,29515,,,,AC,,,,,,,,,,2035,40,,126,,,,,,,,,,,Westerkappeln – Gersteinwerk,Westerkappeln,,Gersteinwerk,,,,Ausbau,,126,,380,Errichtung einer Leitung: Neubau in neuer Trasse,Leitung,,,NW,,,,,2035,,AMP,M602,x,
P403,29516,,,,AC,,,,,,,,,,2033,40,,25,,,,,,,,,BBPIG,64,Hattingen – Linde,Hattingen,,Linderhausen,,,,Bestand,,,25,380,Errichtung einer Leitung: Ersatz- neubau,Leitung,,,NW,NV,,,,2033,1: Vorbereitung Pla- nungs- und Geneh- migungsverfahren,AMP,M603,x,
P403,29517,,,,AC,,,,,,,,,,2033,40,,,,,,,,,,,BBPIG,64,,Linderhausen,,Linde,,,,Bestand,,,*,380,Errichtung einer Leitung: Ersatz- neubau,Leitung,,,NW,NV,,,,"2032,
2033",1: Vorbereitung Pla- nungs- und Geneh- migungsverfahren,AMP,M603,x,
P406,29518,,,,AC,,,,,,,,,,2033,40,,10,,,,,,,,,BBPIG,71,Aach – Bofferdange,Aach,,Punkt Bofferdange,,,,Bestand,,,10,380,Errichtung einer Leitung: Ersatz- neubau,Leitung,,,RP,NV,x,,,"2032,
2033",1: Vorbereitung Pla- nungs- und Geneh- migungsverfahren,AMP,M606,x,
P408,29519,,,,AC,,,,,,,,,,2027,40,,13,,,,,,,,,,,Eiberg – Bochum,Eiberg,,Bochum,,,,Bestand,,,13,380,Errichtung einer Leitung: Ersatz- neubau,Leitung,,,NW,NV,,,,"2026,
2027",,AMP,M621,x,
P408,29520,,,,AC,,,,,,,,,,2035,40,,11,,,,,,,,,,,Bochum – Hattingen,Bochum,,Hattingen,,,,Bestand,,,11,380,Errichtung einer Leitung: Ersatz- neubau,Leitung,,,NW,NV,,,,2035,,AMP,M622,x,
P408,29521,,,,AC,,,,,,,,,,2035,40,,33,,,,,,,,,,,Emscherbruch – Bochum / Eiberg,Emscherbruch,,Bochum Eiberg,,,,Bestand,,,33,380,Änderung oder Erweiterung einer Leitung: Zu- oder Umbe- seilung,Leitung,,,NW,NV,,,,2035,,AMP,M744,x,
P450,29522,,,,AC,,,,,,,,,,2035,40,,98,,,,,,,,,BBPIG,60,Putlitz / Süd – Putlitz – Perleberg – Stendal / West,Putlitz Süd,,Putlitz,,,,Bestand,,,98,380,Änderung oder Erweiterung einer Leitung: Zu- oder Umbe- seilung,Leitung,,,"BB, ST",NV,,,,2035,1: Vorbereitung Pla- nungs- und Geneh- migungsverfahren,50HzT,M678,x,"HTLS, strengthened existing 380"
P450,29523,,,,AC,,,,,,,,,,2030,40,,,,,,,,,,,BBPIG,60,,Putlitz,,Perleberg,,,,Bestand,,,*,380,Änderung oder Erweiterung einer Leitung: Zu- oder Umbe- seilung,Leitung,,,"BB, ST",NV,,,,"2029,
2030",1: Vorbereitung Pla- nungs- und Geneh- migungsverfahren,50HzT,M678,x,"HTLS, strengthened existing 380"
P450,29524,,,,AC,,,,,,,,,,2030,40,,,,,,,,,,,BBPIG,60,,Perleberg,,Stendal West,,,,Bestand,,,*,380,Änderung oder Erweiterung einer Leitung: Zu- oder Umbe- seilung,Leitung,,,"BB, ST",NV,,,,"2029,
2030",1: Vorbereitung Pla- nungs- und Geneh- migungsverfahren,50HzT,M678,x,"HTLS, strengthened existing 380"
P450,29525,,,,AC,,,,,,,,,,2030,40,,152,,,,,,,,,BBPIG,60,Güstrow – Siedenbrünzow – Putlitz / Süd,Güstrow,,Siedenbrünzow,,,,Bestand,,,152,380,Änderung oder Erweiterung einer Leitung: Zu- oder Umbe- seilung,Leitung,,,"MV, BB",NV,,,,"2029,
2030",,50HzT,M786,x,"HTLS, strengthened existing 380"
P450,29526,,,,AC,,,,,,,,,,2035,40,,,,,,,,,,,BBPIG,60,,Siedenbrünzow,,Putlitz Süd,,,,Bestand,,,*,380,Änderung oder Erweiterung einer Leitung: Zu- oder Umbe- seilung,Leitung,,,"MV, BB",NV,,,,2035,,50HzT,M786,x,"HTLS, strengthened existing 380"
P451,29527,,,,AC,,,,,,,,,,2035,40,,22,,,,,,,,,BBPIG,62,Graustein – Bärwalde,Graustein,,Bärwalde,,,,Bestand,,,22,380,Änderung oder Erweiterung einer Leitung: Zu- oder Umbe- seilung,Leitung,,,"BB, SN",NV,,,,2035,3: Vor oder im PFV/ Genehmigung nach BImSchG,50HzT,M681,x,"HTLS, strengthened existing 380"
P462,29528,,,,AC,,,,,,,,,,2030,40,,24,,,,,,,,,BBPIG,75,Aachen – Netzerweiterung,Verlautenheide,,Zukunft (near to weisweiler),,,,Bestand,,,24,380,"Errichtung einer Leitung: Ersatzneubau, Änderung oder Erweiterung einer Leitung: Zu- oder Umbe- seilung",Leitung,,,NW,NV,,,,2030,1: Vorbereitung Pla- nungs- und Geneh- migungsverfahren,AMP,M689,x,600MW into 110kV grid
P462,29529,,,,AC,,,,,,,,,,2028,40,,,,,,,,,,,BBPIG,75,,Zukunft,,Siersdorf,,,,Bestand,,,*,380,"Errichtung einer Leitung: Ersatzneubau, Änderung oder Erweiterung einer Leitung: Zu- oder Umbe- seilung",Leitung,,,NW,NV,,,,"2027,
2028",1: Vorbereitung Pla- nungs- und Geneh- migungsverfahren,AMP,M689,x,600MW into 110kV grid
P464,29530,,,,AC,,,,,,,,,,2028,40,,3.7,6,,2,,,,,,,,Neubau Punkt Fraulautern – Saarwellingen,Punkt Fraulautern,, Suchraum Saarwellingen,,,,Bestand,,,3.7,80,"Errichtung einer Leitung: Ersatzneubau, Änderung oder Erweiterung einer Leitung: Zu- oder Umbeseilung",Leitung,,6,SL,NV,,,,"2027,
2028",,AMP,M691,x,two circute
P464,29531,,,,AC,,,,,,,,,,2028,40,,0.9,9,,3,,,,,,,,Neubau Diefflen – Saarwellingen, Suchraum Saarwellingen,,Diefflen,,,,Bestand,,,0.9,380,"Errichtung einer Leitung: Ersatzneubau, Änderung oder Erweiterung einer Leitung: Zu- oder Umbe- seilung",Leitung,,9,SL,NV,,,,2028,,AMP,M691,x,three circute
P464,29532,,,,AC,,,,,,,,,,2028,40,,3.7,6,,2,,,,,,,,Punkt Fraulautern – Saarwellingen,Punkt Fraulautern,, Suchraum Saarwellingen,,,,Bestand,,,3.7,380,"Errichtung einer Leitung: Ersatzneubau, Änderung oder Erweiterung einer Leitung: Zu- oder Umbe- seilung",Leitung,,6,SL,NV,,,,2028,,AMP,M691,x,two circute
P500,29533,,,,AC,,,,,,,,,,2028,40,,29.5,,,,,,,,,,,Aschaffenburg – Urberach,Aschaffenburg (neu),,Urberach,,,,Ausbau,,29.5,,380,Errichtung einer Leitung: Neubau in neuer Trasse,Leitung,,,"BY, HE",NVA,,,,2028,,"AMP, TTG",M737,x,Nur zwischen Aschaffenburg und Urberach
P501,29534,,,,AC,,,,,,,,,,2035,40,,34,,,,,,,,,,,Gersteinwerk – Lippe – Mengede,Gersteinwerk,,Lippe,,,,Bestand,,,34,380,Errichtung einer Leitung: Ersatz- neubau,Leitung,,,NW,NV,,,,2035,,AMP,M740,x,
P501,29535,,,,AC,,,,,,,,,,2035,40,,,,,,,,,,,,,Gersteinwerk – Lippe – Mengede,Lippe,,Mengede,,,,Bestand,,,*,380,Errichtung einer Leitung: Ersatz- neubau,Leitung,,,NW,NV,,,,2035,,AMP,M740,x,
P502,29536,,,,AC,,,,,,,,,,2035,40,,8.5,,,,,,,,,,,Walsum – Beeck,Walsum,,Beeck,,,,Bestand,,,8.5,380,Errichtung einer Leitung: Ersatz- neubau,Leitung,,,NW,NV,,,,2035,,AMP,M741,x,
P503,29537,,,,AC,,,,,,,,,,2028,40,,26.6,,,,,,,,,,,Niederrhein – Walsum,Niederrhein,,Suchraum Wehofen/Aldenrade/Hamborn,,,,Bestand,,,26.6,380,Änderung oder Erweiterung einer Leitung: Zu- oder Umbe- seilung,Leitung,,,NW,NV,,,,"2027 /
2028",,AMP,M742,x,Umstellung von 220 kV
P503,29538,,,,AC,,,,,,,,,,2035,40,,,,,,,,,,,,,,Suchraum Wehofen/Aldenrade/Hamborn,,Walsum,,,,Bestand,,,*,380,Änderung oder Erweiterung einer Leitung: Zu- oder Umbe- seilung,Leitung,,,NW,NV,,,,2035,,AMP,M742,x,Umstellung von 220 kV
P504,29539,,,,AC,,,,,,,,,,2035,40,,77,,,,,,,,,,,Sechtem – Weissenthurm,Sechtem,,Liessem,,,,Bestand,,,77,380,Änderung oder Erweiterung einer Leitung: Zu- oder Umbe- seilung,Leitung,,,"NW, RP",NV,,,,2035,,AMP,M743,x,Umbeseilung
P504,29540,,,,AC,,,,,,,,,,2030,40,,,,,,,,,,,,,,Liessem,,Weissenthurm,,,,Bestand,,,*,380,Änderung oder Erweiterung einer Leitung: Zu- oder Umbe- seilung,Leitung,,,"NW, RP",NV,,,,2030,,AMP,M743,x,Umbeseilung
P505,29541,,,,AC,,,,,,,,,,2030,40,,22,,,,,,,,,,,Netzverstärkung Niederstedem – Bauler – Bundesgrenze,Niederstedem,,Bauler (Border),,,,Bestand,,,22,,Änderung oder Erweiterung einer Leitung: Zu- oder Umbe- seilung,Leitung,,,RP,NV,,,,2030,,AMP,M754,x,"HTLS, existing is 220kV"
P505,29542,,43952,,AC,,,,,,,,,,2030,40,,,,,,,,,,,,,,Bauler (Border),,Deutsch - luxemburgischen (border),,,6.130510690868267 49.6773404049915,Bestand,,,*,,Änderung oder Erweiterung einer Leitung: Zu- oder Umbe- seilung,Leitung,,,RP,NV,,,,2030,,AMP,M754,x,"HTLS, existing is 220kV"
P509,29543,,,,AC,,,,,,,,,,2030,40,,60,,,,,,,,,,,Limburg – Eschborn – Kriftel,Limburg,,Eschborn,,,,Ausbau,,60,,380,"Errichtung einer Leitung: Neubau in neuer Trasse, Änderung oder Erweiterung einer Leitung: Zu- oder Umbe- seilung",Leitung,,,HE,NVA,,,,2030,,AMP,M784,,
P509,29544,,,,AC,,,,,,,,,,2040,40,,10,,,,,,,,,,,,Eschborn,,Kriftel,,,,Bestand,,,10,380,"Errichtung einer Leitung: Neubau in neuer Trasse, Änderung oder Erweiterung einer Leitung: Zu- oder Umbe- seilung",Leitung,,,HE,NVA,,,,2040,,AMP,M784,,
P528,29545,,,,AC,,,,,,,,,,2040,40,,59,,,,,,,,,,,Netzverstärkung Lauchstädt – Leuna / Merse- burg / Weißenfels– Pulgar,Lauchstädt,,Pulgar,,,,Bestand,,,59,380,Errichtung einer Leitung: Ersatz- neubau,Leitung,,,"ST, SN",NV,,,,2040,,50HzT,M750,,
P531,29546,,,,AC,,,,,,,,,,2040,40,,25,6,,2,,,,,,,,Thyrow – Mahlow – Berlin / Südost - Lichterfelde – Mitte,Thyrow,,Mahlow,,,,Bestand,,,25,380,"Errichtung einer Leitung: Neubau in neuer Trasse, Errichtung einer Leitung: Ersatz- neubau",Leitung,,6,"BB, BE",NVA,,,,2040,,50HzT,M531a,x,
P531,29547,,,,AC,,,,,,,,,,2035,40,,,6,,2,,,,,,,,,Mahlow,, Berlin Südost Lichterfelde,,,,Bestand,,,*,380,"Errichtung einer Leitung: Neubau in neuer Trasse, Errichtung einer Leitung: Ersatz- neubau",Leitung,,6,"BB, BE",NVA,,,,"2030-
2035",,50HzT,M531a,x,
P531,29548,,,,AC,,,,,,,,,,2035,40,,20,6,,2,,,,,,,,,Mahlow,,Lichterfelde,,,,Ausbau,,20,,380,"Errichtung einer Leitung: Neubau in neuer Trasse, Errichtung einer Leitung: Ersatz- neubau",Leitung,,6,"BB, BE",NVA,,,,"2030-
2035",,50HzT,M531a,x,
P531,29549,,,,AC,,,,,,,,,,2035,40,,,6,,2,,,,,,,,,Lichterfelde,,Mitte,,,,Ausbau,,*,,380,"Errichtung einer Leitung: Neubau in neuer Trasse, Errichtung einer Leitung: Ersatz- neubau",Leitung,,6,"BB, BE",NVA,,,,"2030-
2035",,50HzT,M531a,x,
P531,29550,,,,AC,,,,,,,,,,2035,40,,18,,,,,,,,,,,Malchow – Moabit – Reuter,Malchow,,Moabit,,,,Ausbau,,18,,380,Errichtung einer Leitung: Neubau in neuer Trasse,Leitung,,,BE,,,,,"2030-
2035",,50HzT,M531b,x,
P531,29551,,,,AC,,,,,,,,,,2035,40,,,,,,,,,,,,,Malchow – Moabit – Reuter,Moabit,, Reuter,,,,Ausbau,,*,,380,Errichtung einer Leitung: Neubau in neuer Trasse,Leitung,,,BE,,,,,"2030-
2035",,50HzT,M531b,x,
,,,,,,,,,,,,,,,2035,40,,,,,,,,,,,,,,,,,,,,,,,,,,,,,,,,,,"2030-
2035",,,,,
